asset_id,source_dataset,source_platform,source_asset_id,asset_name,creator_display_name,creator_username,creator_profile_url,asset_page_url,dataset_url,asset_download_uri,asset_download_url,license_raw,license_spdx,license_name,license_url,license_metadata_source,attribution_required,attribution_text,published_at,reference_label,label_type,selection_evidence,split_group,selection_hash,tags,categories,dre_probability_good,dre_prediction,objaversepp_probability_good,objaversepp_prediction,redistribution_note
abo_B006ZT4VA0,Amazon Berkeley Objects,Amazon Berkeley Objects,B006ZT4VA0,ABO object B006ZT4VA0,Amazon.com,,https://registry.opendata.aws/amazon-berkeley-objects/,https://www.amazon.com/dp/B006ZT4VA0,https://registry.opendata.aws/amazon-berkeley-objects/,s3://amazon-berkeley-objects/3dmodels/original/0/B006ZT4VA0.glb,https://amazon-berkeley-objects.s3.amazonaws.com/3dmodels/original/0/B006ZT4VA0.glb,CC Attribution,CC-BY-4.0,Creative Commons Attribution 4.0 International,https://creativecommons.org/licenses/by/4.0/,https://registry.opendata.aws/amazon-berkeley-objects/,true,"Amazon Berkeley Objects asset B006ZT4VA0, © Amazon.com, licensed under Creative Commons Attribution 4.0 International.",,reference_good,source_anchor_not_human,abo_materials_textures_min2048,abo:B006ZT4VA0,c7b99ec7c405e77332649a9aaa81065e78933f58037403e0d48622d46b4f1408,,,0.9993203135442874,good,0.9979133605957032,good,Metadata manifest only. Obtain and use the asset under its listed source license and attribution requirements.
abo_B01DA8QZFM,Amazon Berkeley Objects,Amazon Berkeley Objects,B01DA8QZFM,ABO object B01DA8QZFM,Amazon.com,,https://registry.opendata.aws/amazon-berkeley-objects/,https://www.amazon.com/dp/B01DA8QZFM,https://registry.opendata.aws/amazon-berkeley-objects/,s3://amazon-berkeley-objects/3dmodels/original/M/B01DA8QZFM.glb,https://amazon-berkeley-objects.s3.amazonaws.com/3dmodels/original/M/B01DA8QZFM.glb,CC Attribution,CC-BY-4.0,Creative Commons Attribution 4.0 International,https://creativecommons.org/licenses/by/4.0/,https://registry.opendata.aws/amazon-berkeley-objects/,true,"Amazon Berkeley Objects asset B01DA8QZFM, © Amazon.com, licensed under Creative Commons Attribution 4.0 International.",,reference_good,source_anchor_not_human,abo_materials_textures_min2048,abo:B01DA8QZFM,afd5390a61927e81b138156191418e72da04d2562dd8d2a5e88cec161f804684,,,0.9992859589451492,good,0.9978147745132446,good,Metadata manifest only. Obtain and use the asset under its listed source license and attribution requirements.
abo_B01LP0U5X0,Amazon Berkeley Objects,Amazon Berkeley Objects,B01LP0U5X0,ABO object B01LP0U5X0,Amazon.com,,https://registry.opendata.aws/amazon-berkeley-objects/,https://www.amazon.com/dp/B01LP0U5X0,https://registry.opendata.aws/amazon-berkeley-objects/,s3://amazon-berkeley-objects/3dmodels/original/0/B01LP0U5X0.glb,https://amazon-berkeley-objects.s3.amazonaws.com/3dmodels/original/0/B01LP0U5X0.glb,CC Attribution,CC-BY-4.0,Creative Commons Attribution 4.0 International,https://creativecommons.org/licenses/by/4.0/,https://registry.opendata.aws/amazon-berkeley-objects/,true,"Amazon Berkeley Objects asset B01LP0U5X0, © Amazon.com, licensed under Creative Commons Attribution 4.0 International.",,reference_good,source_anchor_not_human,abo_materials_textures_min2048,abo:B01LP0U5X0,9a1eff2c2b80cdc7a354aa90e712a0f104ba974bc4be09aac3c801506e0f418e,,,0.7171362284588754,bad,0.8209431171417236,good,Metadata manifest only. Obtain and use the asset under its listed source license and attribution requirements.
abo_B01LR5RK0Y,Amazon Berkeley Objects,Amazon Berkeley Objects,B01LR5RK0Y,ABO object B01LR5RK0Y,Amazon.com,,https://registry.opendata.aws/amazon-berkeley-objects/,https://www.amazon.com/dp/B01LR5RK0Y,https://registry.opendata.aws/amazon-berkeley-objects/,s3://amazon-berkeley-objects/3dmodels/original/Y/B01LR5RK0Y.glb,https://amazon-berkeley-objects.s3.amazonaws.com/3dmodels/original/Y/B01LR5RK0Y.glb,CC Attribution,CC-BY-4.0,Creative Commons Attribution 4.0 International,https://creativecommons.org/licenses/by/4.0/,https://registry.opendata.aws/amazon-berkeley-objects/,true,"Amazon Berkeley Objects asset B01LR5RK0Y, © Amazon.com, licensed under Creative Commons Attribution 4.0 International.",,reference_good,source_anchor_not_human,abo_materials_textures_min2048,abo:B01LR5RK0Y,7eb113f54ad557ae7976f634addf1c75b2c1650e8e71cbc74612a405a752d48d,,,0.9970660579579466,good,0.9668006896972656,good,Metadata manifest only. Obtain and use the asset under its listed source license and attribution requirements.
abo_B07124WCJZ,Amazon Berkeley Objects,Amazon Berkeley Objects,B07124WCJZ,ABO object B07124WCJZ,Amazon.com,,https://registry.opendata.aws/amazon-berkeley-objects/,https://www.amazon.com/dp/B07124WCJZ,https://registry.opendata.aws/amazon-berkeley-objects/,s3://amazon-berkeley-objects/3dmodels/original/Z/B07124WCJZ.glb,https://amazon-berkeley-objects.s3.amazonaws.com/3dmodels/original/Z/B07124WCJZ.glb,CC Attribution,CC-BY-4.0,Creative Commons Attribution 4.0 International,https://creativecommons.org/licenses/by/4.0/,https://registry.opendata.aws/amazon-berkeley-objects/,true,"Amazon Berkeley Objects asset B07124WCJZ, © Amazon.com, licensed under Creative Commons Attribution 4.0 International.",,reference_good,source_anchor_not_human,abo_materials_textures_min2048,abo:B07124WCJZ,8a953fa08b712e81726682322b443d9fd1058e716444c0fe3f7489f0b19fdd76,,,0.9993431577463652,good,0.9999855756759644,good,Metadata manifest only. Obtain and use the asset under its listed source license and attribution requirements.
abo_B0714MJKZW,Amazon Berkeley Objects,Amazon Berkeley Objects,B0714MJKZW,ABO object B0714MJKZW,Amazon.com,,https://registry.opendata.aws/amazon-berkeley-objects/,https://www.amazon.com/dp/B0714MJKZW,https://registry.opendata.aws/amazon-berkeley-objects/,s3://amazon-berkeley-objects/3dmodels/original/W/B0714MJKZW.glb,https://amazon-berkeley-objects.s3.amazonaws.com/3dmodels/original/W/B0714MJKZW.glb,CC Attribution,CC-BY-4.0,Creative Commons Attribution 4.0 International,https://creativecommons.org/licenses/by/4.0/,https://registry.opendata.aws/amazon-berkeley-objects/,true,"Amazon Berkeley Objects asset B0714MJKZW, © Amazon.com, licensed under Creative Commons Attribution 4.0 International.",,reference_good,source_anchor_not_human,abo_materials_textures_min2048,abo:B0714MJKZW,837c01a66dc63dc0baaf498bfe32b9a78b27484555c9e7cf4c478339cc300c9a,,,0.7202760863136367,bad,0.999623477458954,good,Metadata manifest only. Obtain and use the asset under its listed source license and attribution requirements.
abo_B0717B4TLX,Amazon Berkeley Objects,Amazon Berkeley Objects,B0717B4TLX,ABO object B0717B4TLX,Amazon.com,,https://registry.opendata.aws/amazon-berkeley-objects/,https://www.amazon.com/dp/B0717B4TLX,https://registry.opendata.aws/amazon-berkeley-objects/,s3://amazon-berkeley-objects/3dmodels/original/X/B0717B4TLX.glb,https://amazon-berkeley-objects.s3.amazonaws.com/3dmodels/original/X/B0717B4TLX.glb,CC Attribution,CC-BY-4.0,Creative Commons Attribution 4.0 International,https://creativecommons.org/licenses/by/4.0/,https://registry.opendata.aws/amazon-berkeley-objects/,true,"Amazon Berkeley Objects asset B0717B4TLX, © Amazon.com, licensed under Creative Commons Attribution 4.0 International.",,reference_good,source_anchor_not_human,abo_materials_textures_min2048,abo:B0717B4TLX,6ca08b17389b59917f7b42fe7664865313ad8cc47c420ed56dc3299a98f0c3e2,,,0.9993640256836092,good,0.8623963594436646,good,Metadata manifest only. Obtain and use the asset under its listed source license and attribution requirements.
abo_B0719FLQP3,Amazon Berkeley Objects,Amazon Berkeley Objects,B0719FLQP3,ABO object B0719FLQP3,Amazon.com,,https://registry.opendata.aws/amazon-berkeley-objects/,https://www.amazon.com/dp/B0719FLQP3,https://registry.opendata.aws/amazon-berkeley-objects/,s3://amazon-berkeley-objects/3dmodels/original/3/B0719FLQP3.glb,https://amazon-berkeley-objects.s3.amazonaws.com/3dmodels/original/3/B0719FLQP3.glb,CC Attribution,CC-BY-4.0,Creative Commons Attribution 4.0 International,https://creativecommons.org/licenses/by/4.0/,https://registry.opendata.aws/amazon-berkeley-objects/,true,"Amazon Berkeley Objects asset B0719FLQP3, © Amazon.com, licensed under Creative Commons Attribution 4.0 International.",,reference_good,source_anchor_not_human,abo_materials_textures_min2048,abo:B0719FLQP3,0452987c5436ed64a3b0c7a0421f3964ec13711851b107dfec53df650e3c9152,,,0.0013302544074471,bad,0.999979853630066,good,Metadata manifest only. Obtain and use the asset under its listed source license and attribution requirements.
abo_B0719STF8C,Amazon Berkeley Objects,Amazon Berkeley Objects,B0719STF8C,ABO object B0719STF8C,Amazon.com,,https://registry.opendata.aws/amazon-berkeley-objects/,https://www.amazon.com/dp/B0719STF8C,https://registry.opendata.aws/amazon-berkeley-objects/,s3://amazon-berkeley-objects/3dmodels/original/C/B0719STF8C.glb,https://amazon-berkeley-objects.s3.amazonaws.com/3dmodels/original/C/B0719STF8C.glb,CC Attribution,CC-BY-4.0,Creative Commons Attribution 4.0 International,https://creativecommons.org/licenses/by/4.0/,https://registry.opendata.aws/amazon-berkeley-objects/,true,"Amazon Berkeley Objects asset B0719STF8C, © Amazon.com, licensed under Creative Commons Attribution 4.0 International.",,reference_good,source_anchor_not_human,abo_materials_textures_min2048,abo:B0719STF8C,14671e593306bbbe3d768514b3107e4927d6561aa8a6a6c1e484cdbfbd6ffec5,,,0.0021405806946895,bad,0.9999999403953552,good,Metadata manifest only. Obtain and use the asset under its listed source license and attribution requirements.
abo_B0719STKS9,Amazon Berkeley Objects,Amazon Berkeley Objects,B0719STKS9,ABO object B0719STKS9,Amazon.com,,https://registry.opendata.aws/amazon-berkeley-objects/,https://www.amazon.com/dp/B0719STKS9,https://registry.opendata.aws/amazon-berkeley-objects/,s3://amazon-berkeley-objects/3dmodels/original/9/B0719STKS9.glb,https://amazon-berkeley-objects.s3.amazonaws.com/3dmodels/original/9/B0719STKS9.glb,CC Attribution,CC-BY-4.0,Creative Commons Attribution 4.0 International,https://creativecommons.org/licenses/by/4.0/,https://registry.opendata.aws/amazon-berkeley-objects/,true,"Amazon Berkeley Objects asset B0719STKS9, © Amazon.com, licensed under Creative Commons Attribution 4.0 International.",,reference_good,source_anchor_not_human,abo_materials_textures_min2048,abo:B0719STKS9,76142d42b440abadfebac56d9bada640ec67d949ae53ba0ac20a1fca140daea6,,,0.97428494322829,good,1.0,good,Metadata manifest only. Obtain and use the asset under its listed source license and attribution requirements.
abo_B0719STM6D,Amazon Berkeley Objects,Amazon Berkeley Objects,B0719STM6D,ABO object B0719STM6D,Amazon.com,,https://registry.opendata.aws/amazon-berkeley-objects/,https://www.amazon.com/dp/B0719STM6D,https://registry.opendata.aws/amazon-berkeley-objects/,s3://amazon-berkeley-objects/3dmodels/original/D/B0719STM6D.glb,https://amazon-berkeley-objects.s3.amazonaws.com/3dmodels/original/D/B0719STM6D.glb,CC Attribution,CC-BY-4.0,Creative Commons Attribution 4.0 International,https://creativecommons.org/licenses/by/4.0/,https://registry.opendata.aws/amazon-berkeley-objects/,true,"Amazon Berkeley Objects asset B0719STM6D, © Amazon.com, licensed under Creative Commons Attribution 4.0 International.",,reference_good,source_anchor_not_human,abo_materials_textures_min2048,abo:B0719STM6D,00248090c8783e448807eb0ca2c85100741038f6c1a2492bf0d0d2051c8a2efd,,,0.0028551176898021,bad,1.0,good,Metadata manifest only. Obtain and use the asset under its listed source license and attribution requirements.
abo_B071HSMDRP,Amazon Berkeley Objects,Amazon Berkeley Objects,B071HSMDRP,ABO object B071HSMDRP,Amazon.com,,https://registry.opendata.aws/amazon-berkeley-objects/,https://www.amazon.com/dp/B071HSMDRP,https://registry.opendata.aws/amazon-berkeley-objects/,s3://amazon-berkeley-objects/3dmodels/original/P/B071HSMDRP.glb,https://amazon-berkeley-objects.s3.amazonaws.com/3dmodels/original/P/B071HSMDRP.glb,CC Attribution,CC-BY-4.0,Creative Commons Attribution 4.0 International,https://creativecommons.org/licenses/by/4.0/,https://registry.opendata.aws/amazon-berkeley-objects/,true,"Amazon Berkeley Objects asset B071HSMDRP, © Amazon.com, licensed under Creative Commons Attribution 4.0 International.",,reference_good,source_anchor_not_human,abo_materials_textures_min2048,abo:B071HSMDRP,866f2ed12c038bcd73f124a4af154240330d45c5abf4e3eff2b76544de360c30,,,0.9993638937066792,good,0.9999991655349731,good,Metadata manifest only. Obtain and use the asset under its listed source license and attribution requirements.
abo_B071J4VX7B,Amazon Berkeley Objects,Amazon Berkeley Objects,B071J4VX7B,ABO object B071J4VX7B,Amazon.com,,https://registry.opendata.aws/amazon-berkeley-objects/,https://www.amazon.com/dp/B071J4VX7B,https://registry.opendata.aws/amazon-berkeley-objects/,s3://amazon-berkeley-objects/3dmodels/original/B/B071J4VX7B.glb,https://amazon-berkeley-objects.s3.amazonaws.com/3dmodels/original/B/B071J4VX7B.glb,CC Attribution,CC-BY-4.0,Creative Commons Attribution 4.0 International,https://creativecommons.org/licenses/by/4.0/,https://registry.opendata.aws/amazon-berkeley-objects/,true,"Amazon Berkeley Objects asset B071J4VX7B, © Amazon.com, licensed under Creative Commons Attribution 4.0 International.",,reference_good,source_anchor_not_human,abo_materials_textures_min2048,abo:B071J4VX7B,15edb603b07363442a93ab9ff9d9a174048176040a2991d48a13d3c1eb7f55d1,,,0.0185599304146373,bad,0.9914494752883912,good,Metadata manifest only. Obtain and use the asset under its listed source license and attribution requirements.
abo_B071J7Q9WN,Amazon Berkeley Objects,Amazon Berkeley Objects,B071J7Q9WN,ABO object B071J7Q9WN,Amazon.com,,https://registry.opendata.aws/amazon-berkeley-objects/,https://www.amazon.com/dp/B071J7Q9WN,https://registry.opendata.aws/amazon-berkeley-objects/,s3://amazon-berkeley-objects/3dmodels/original/N/B071J7Q9WN.glb,https://amazon-berkeley-objects.s3.amazonaws.com/3dmodels/original/N/B071J7Q9WN.glb,CC Attribution,CC-BY-4.0,Creative Commons Attribution 4.0 International,https://creativecommons.org/licenses/by/4.0/,https://registry.opendata.aws/amazon-berkeley-objects/,true,"Amazon Berkeley Objects asset B071J7Q9WN, © Amazon.com, licensed under Creative Commons Attribution 4.0 International.",,reference_good,source_anchor_not_human,abo_materials_textures_min2048,abo:B071J7Q9WN,a0668ef7633c143526793a32250526d0cdf1efa286e36bb6e6ecbf7b923b14d9,,,0.9976753032257422,good,0.9999984502792358,good,Metadata manifest only. Obtain and use the asset under its listed source license and attribution requirements.
abo_B071LTB14G,Amazon Berkeley Objects,Amazon Berkeley Objects,B071LTB14G,ABO object B071LTB14G,Amazon.com,,https://registry.opendata.aws/amazon-berkeley-objects/,https://www.amazon.com/dp/B071LTB14G,https://registry.opendata.aws/amazon-berkeley-objects/,s3://amazon-berkeley-objects/3dmodels/original/G/B071LTB14G.glb,https://amazon-berkeley-objects.s3.amazonaws.com/3dmodels/original/G/B071LTB14G.glb,CC Attribution,CC-BY-4.0,Creative Commons Attribution 4.0 International,https://creativecommons.org/licenses/by/4.0/,https://registry.opendata.aws/amazon-berkeley-objects/,true,"Amazon Berkeley Objects asset B071LTB14G, © Amazon.com, licensed under Creative Commons Attribution 4.0 International.",,reference_good,source_anchor_not_human,abo_materials_textures_min2048,abo:B071LTB14G,efc888554acb1847ba77c459e922cc5256193bd3c6446254d08047001cb864d4,,,0.9993206753627768,good,0.9829220771789552,good,Metadata manifest only. Obtain and use the asset under its listed source license and attribution requirements.
abo_B071PB2H7N,Amazon Berkeley Objects,Amazon Berkeley Objects,B071PB2H7N,ABO object B071PB2H7N,Amazon.com,,https://registry.opendata.aws/amazon-berkeley-objects/,https://www.amazon.com/dp/B071PB2H7N,https://registry.opendata.aws/amazon-berkeley-objects/,s3://amazon-berkeley-objects/3dmodels/original/N/B071PB2H7N.glb,https://amazon-berkeley-objects.s3.amazonaws.com/3dmodels/original/N/B071PB2H7N.glb,CC Attribution,CC-BY-4.0,Creative Commons Attribution 4.0 International,https://creativecommons.org/licenses/by/4.0/,https://registry.opendata.aws/amazon-berkeley-objects/,true,"Amazon Berkeley Objects asset B071PB2H7N, © Amazon.com, licensed under Creative Commons Attribution 4.0 International.",,reference_good,source_anchor_not_human,abo_materials_textures_min2048,abo:B071PB2H7N,80f9836affa70a280265d5632e233aec06ecd8a8784d5ba2640652e088608673,,,0.0454066806255951,bad,0.9999997615814208,good,Metadata manifest only. Obtain and use the asset under its listed source license and attribution requirements.
abo_B071V8DQTL,Amazon Berkeley Objects,Amazon Berkeley Objects,B071V8DQTL,ABO object B071V8DQTL,Amazon.com,,https://registry.opendata.aws/amazon-berkeley-objects/,https://www.amazon.com/dp/B071V8DQTL,https://registry.opendata.aws/amazon-berkeley-objects/,s3://amazon-berkeley-objects/3dmodels/original/L/B071V8DQTL.glb,https://amazon-berkeley-objects.s3.amazonaws.com/3dmodels/original/L/B071V8DQTL.glb,CC Attribution,CC-BY-4.0,Creative Commons Attribution 4.0 International,https://creativecommons.org/licenses/by/4.0/,https://registry.opendata.aws/amazon-berkeley-objects/,true,"Amazon Berkeley Objects asset B071V8DQTL, © Amazon.com, licensed under Creative Commons Attribution 4.0 International.",,reference_good,source_anchor_not_human,abo_materials_textures_min2048,abo:B071V8DQTL,7ec9bd7ec2660c440b53a63218549133588db85eb79a9e4793d8b6d5c4973e99,,,0.9856398950380232,good,1.0,good,Metadata manifest only. Obtain and use the asset under its listed source license and attribution requirements.
abo_B071W5VJ98,Amazon Berkeley Objects,Amazon Berkeley Objects,B071W5VJ98,ABO object B071W5VJ98,Amazon.com,,https://registry.opendata.aws/amazon-berkeley-objects/,https://www.amazon.com/dp/B071W5VJ98,https://registry.opendata.aws/amazon-berkeley-objects/,s3://amazon-berkeley-objects/3dmodels/original/8/B071W5VJ98.glb,https://amazon-berkeley-objects.s3.amazonaws.com/3dmodels/original/8/B071W5VJ98.glb,CC Attribution,CC-BY-4.0,Creative Commons Attribution 4.0 International,https://creativecommons.org/licenses/by/4.0/,https://registry.opendata.aws/amazon-berkeley-objects/,true,"Amazon Berkeley Objects asset B071W5VJ98, © Amazon.com, licensed under Creative Commons Attribution 4.0 International.",,reference_good,source_anchor_not_human,abo_materials_textures_min2048,abo:B071W5VJ98,242f4d1949b4f7e268ca05f1692836af464f53c5296c18edde56cf51ccd1ebeb,,,0.9992720367101406,good,0.9987635612487792,good,Metadata manifest only. Obtain and use the asset under its listed source license and attribution requirements.
abo_B0723DGVR1,Amazon Berkeley Objects,Amazon Berkeley Objects,B0723DGVR1,ABO object B0723DGVR1,Amazon.com,,https://registry.opendata.aws/amazon-berkeley-objects/,https://www.amazon.com/dp/B0723DGVR1,https://registry.opendata.aws/amazon-berkeley-objects/,s3://amazon-berkeley-objects/3dmodels/original/1/B0723DGVR1.glb,https://amazon-berkeley-objects.s3.amazonaws.com/3dmodels/original/1/B0723DGVR1.glb,CC Attribution,CC-BY-4.0,Creative Commons Attribution 4.0 International,https://creativecommons.org/licenses/by/4.0/,https://registry.opendata.aws/amazon-berkeley-objects/,true,"Amazon Berkeley Objects asset B0723DGVR1, © Amazon.com, licensed under Creative Commons Attribution 4.0 International.",,reference_good,source_anchor_not_human,abo_materials_textures_min2048,abo:B0723DGVR1,3615ad2f2e23230f7146321251450ff40bce785e963bc073bb2923874a0b6aac,,,0.8992532325389532,bad,0.9720234870910645,good,Metadata manifest only. Obtain and use the asset under its listed source license and attribution requirements.
abo_B0723H8JLY,Amazon Berkeley Objects,Amazon Berkeley Objects,B0723H8JLY,ABO object B0723H8JLY,Amazon.com,,https://registry.opendata.aws/amazon-berkeley-objects/,https://www.amazon.com/dp/B0723H8JLY,https://registry.opendata.aws/amazon-berkeley-objects/,s3://amazon-berkeley-objects/3dmodels/original/Y/B0723H8JLY.glb,https://amazon-berkeley-objects.s3.amazonaws.com/3dmodels/original/Y/B0723H8JLY.glb,CC Attribution,CC-BY-4.0,Creative Commons Attribution 4.0 International,https://creativecommons.org/licenses/by/4.0/,https://registry.opendata.aws/amazon-berkeley-objects/,true,"Amazon Berkeley Objects asset B0723H8JLY, © Amazon.com, licensed under Creative Commons Attribution 4.0 International.",,reference_good,source_anchor_not_human,abo_materials_textures_min2048,abo:B0723H8JLY,68607056aa5b17c14c6fdaacba12b9ac414f1a403609e4faa1d371c578931e76,,,0.8681757043603162,bad,0.0263680014759302,bad,Metadata manifest only. Obtain and use the asset under its listed source license and attribution requirements.
abo_B0723H8JP1,Amazon Berkeley Objects,Amazon Berkeley Objects,B0723H8JP1,ABO object B0723H8JP1,Amazon.com,,https://registry.opendata.aws/amazon-berkeley-objects/,https://www.amazon.com/dp/B0723H8JP1,https://registry.opendata.aws/amazon-berkeley-objects/,s3://amazon-berkeley-objects/3dmodels/original/1/B0723H8JP1.glb,https://amazon-berkeley-objects.s3.amazonaws.com/3dmodels/original/1/B0723H8JP1.glb,CC Attribution,CC-BY-4.0,Creative Commons Attribution 4.0 International,https://creativecommons.org/licenses/by/4.0/,https://registry.opendata.aws/amazon-berkeley-objects/,true,"Amazon Berkeley Objects asset B0723H8JP1, © Amazon.com, licensed under Creative Commons Attribution 4.0 International.",,reference_good,source_anchor_not_human,abo_materials_textures_min2048,abo:B0723H8JP1,bb74fd851b185e51a439d022fa134ec9d1a7bf41fad008cc81220153b1c26488,,,0.999119888551936,good,0.9646708965301514,good,Metadata manifest only. Obtain and use the asset under its listed source license and attribution requirements.
abo_B0723H97GH,Amazon Berkeley Objects,Amazon Berkeley Objects,B0723H97GH,ABO object B0723H97GH,Amazon.com,,https://registry.opendata.aws/amazon-berkeley-objects/,https://www.amazon.com/dp/B0723H97GH,https://registry.opendata.aws/amazon-berkeley-objects/,s3://amazon-berkeley-objects/3dmodels/original/H/B0723H97GH.glb,https://amazon-berkeley-objects.s3.amazonaws.com/3dmodels/original/H/B0723H97GH.glb,CC Attribution,CC-BY-4.0,Creative Commons Attribution 4.0 International,https://creativecommons.org/licenses/by/4.0/,https://registry.opendata.aws/amazon-berkeley-objects/,true,"Amazon Berkeley Objects asset B0723H97GH, © Amazon.com, licensed under Creative Commons Attribution 4.0 International.",,reference_good,source_anchor_not_human,abo_materials_textures_min2048,abo:B0723H97GH,e8fe71318e9ebcda82338018d51b787c8b66fceb0c84b1332edb50f5900e3dff,,,0.9993626286921014,good,0.9995226860046388,good,Metadata manifest only. Obtain and use the asset under its listed source license and attribution requirements.
abo_B07255WMBH,Amazon Berkeley Objects,Amazon Berkeley Objects,B07255WMBH,ABO object B07255WMBH,Amazon.com,,https://registry.opendata.aws/amazon-berkeley-objects/,https://www.amazon.com/dp/B07255WMBH,https://registry.opendata.aws/amazon-berkeley-objects/,s3://amazon-berkeley-objects/3dmodels/original/H/B07255WMBH.glb,https://amazon-berkeley-objects.s3.amazonaws.com/3dmodels/original/H/B07255WMBH.glb,CC Attribution,CC-BY-4.0,Creative Commons Attribution 4.0 International,https://creativecommons.org/licenses/by/4.0/,https://registry.opendata.aws/amazon-berkeley-objects/,true,"Amazon Berkeley Objects asset B07255WMBH, © Amazon.com, licensed under Creative Commons Attribution 4.0 International.",,reference_good,source_anchor_not_human,abo_materials_textures_min2048,abo:B07255WMBH,0258681b6fe8815eb4db097a4377dfa2e1a587427324528558e2ff9b22fe57f3,,,0.4639072508207285,bad,0.999967098236084,good,Metadata manifest only. Obtain and use the asset under its listed source license and attribution requirements.
abo_B07263589M,Amazon Berkeley Objects,Amazon Berkeley Objects,B07263589M,ABO object B07263589M,Amazon.com,,https://registry.opendata.aws/amazon-berkeley-objects/,https://www.amazon.com/dp/B07263589M,https://registry.opendata.aws/amazon-berkeley-objects/,s3://amazon-berkeley-objects/3dmodels/original/M/B07263589M.glb,https://amazon-berkeley-objects.s3.amazonaws.com/3dmodels/original/M/B07263589M.glb,CC Attribution,CC-BY-4.0,Creative Commons Attribution 4.0 International,https://creativecommons.org/licenses/by/4.0/,https://registry.opendata.aws/amazon-berkeley-objects/,true,"Amazon Berkeley Objects asset B07263589M, © Amazon.com, licensed under Creative Commons Attribution 4.0 International.",,reference_good,source_anchor_not_human,abo_materials_textures_min2048,abo:B07263589M,85da774d696f2b59ce13c1cab0bea11410af3d21ea015af5ba6e187b17143cc9,,,0.9993532318381894,good,0.6277427673339844,good,Metadata manifest only. Obtain and use the asset under its listed source license and attribution requirements.
abo_B072PZVY6H,Amazon Berkeley Objects,Amazon Berkeley Objects,B072PZVY6H,ABO object B072PZVY6H,Amazon.com,,https://registry.opendata.aws/amazon-berkeley-objects/,https://www.amazon.com/dp/B072PZVY6H,https://registry.opendata.aws/amazon-berkeley-objects/,s3://amazon-berkeley-objects/3dmodels/original/H/B072PZVY6H.glb,https://amazon-berkeley-objects.s3.amazonaws.com/3dmodels/original/H/B072PZVY6H.glb,CC Attribution,CC-BY-4.0,Creative Commons Attribution 4.0 International,https://creativecommons.org/licenses/by/4.0/,https://registry.opendata.aws/amazon-berkeley-objects/,true,"Amazon Berkeley Objects asset B072PZVY6H, © Amazon.com, licensed under Creative Commons Attribution 4.0 International.",,reference_good,source_anchor_not_human,abo_materials_textures_min2048,abo:B072PZVY6H,69fab8cee20a78c6484ee6eb006fbeba219e847786335d376a580efe16f1a3a4,,,0.9617026053422618,good,0.999979853630066,good,Metadata manifest only. Obtain and use the asset under its listed source license and attribution requirements.
abo_B072Y4BH7D,Amazon Berkeley Objects,Amazon Berkeley Objects,B072Y4BH7D,ABO object B072Y4BH7D,Amazon.com,,https://registry.opendata.aws/amazon-berkeley-objects/,https://www.amazon.com/dp/B072Y4BH7D,https://registry.opendata.aws/amazon-berkeley-objects/,s3://amazon-berkeley-objects/3dmodels/original/D/B072Y4BH7D.glb,https://amazon-berkeley-objects.s3.amazonaws.com/3dmodels/original/D/B072Y4BH7D.glb,CC Attribution,CC-BY-4.0,Creative Commons Attribution 4.0 International,https://creativecommons.org/licenses/by/4.0/,https://registry.opendata.aws/amazon-berkeley-objects/,true,"Amazon Berkeley Objects asset B072Y4BH7D, © Amazon.com, licensed under Creative Commons Attribution 4.0 International.",,reference_good,source_anchor_not_human,abo_materials_textures_min2048,abo:B072Y4BH7D,de08593f49a0c7af1dd5f557595ece921dfd890f3ef2a6bec289a3584f5f428d,,,0.9993644789291404,good,0.0086103044450283,bad,Metadata manifest only. Obtain and use the asset under its listed source license and attribution requirements.
abo_B072ZKTSNX,Amazon Berkeley Objects,Amazon Berkeley Objects,B072ZKTSNX,ABO object B072ZKTSNX,Amazon.com,,https://registry.opendata.aws/amazon-berkeley-objects/,https://www.amazon.com/dp/B072ZKTSNX,https://registry.opendata.aws/amazon-berkeley-objects/,s3://amazon-berkeley-objects/3dmodels/original/X/B072ZKTSNX.glb,https://amazon-berkeley-objects.s3.amazonaws.com/3dmodels/original/X/B072ZKTSNX.glb,CC Attribution,CC-BY-4.0,Creative Commons Attribution 4.0 International,https://creativecommons.org/licenses/by/4.0/,https://registry.opendata.aws/amazon-berkeley-objects/,true,"Amazon Berkeley Objects asset B072ZKTSNX, © Amazon.com, licensed under Creative Commons Attribution 4.0 International.",,reference_good,source_anchor_not_human,abo_materials_textures_min2048,abo:B072ZKTSNX,9017d4a94939f723311eb314de86cbcfed08848e32ad96928eede8b81fc56677,,,0.9993515814564432,good,0.999915599822998,good,Metadata manifest only. Obtain and use the asset under its listed source license and attribution requirements.
abo_B072ZRPFNM,Amazon Berkeley Objects,Amazon Berkeley Objects,B072ZRPFNM,ABO object B072ZRPFNM,Amazon.com,,https://registry.opendata.aws/amazon-berkeley-objects/,https://www.amazon.com/dp/B072ZRPFNM,https://registry.opendata.aws/amazon-berkeley-objects/,s3://amazon-berkeley-objects/3dmodels/original/M/B072ZRPFNM.glb,https://amazon-berkeley-objects.s3.amazonaws.com/3dmodels/original/M/B072ZRPFNM.glb,CC Attribution,CC-BY-4.0,Creative Commons Attribution 4.0 International,https://creativecommons.org/licenses/by/4.0/,https://registry.opendata.aws/amazon-berkeley-objects/,true,"Amazon Berkeley Objects asset B072ZRPFNM, © Amazon.com, licensed under Creative Commons Attribution 4.0 International.",,reference_good,source_anchor_not_human,abo_materials_textures_min2048,abo:B072ZRPFNM,7c04785b34ebac950737c24673b3a7793e97d67fdbd726e5921fc67381d39db5,,,0.9517536421132148,good,0.9994295239448548,good,Metadata manifest only. Obtain and use the asset under its listed source license and attribution requirements.
abo_B0732KDJ48,Amazon Berkeley Objects,Amazon Berkeley Objects,B0732KDJ48,ABO object B0732KDJ48,Amazon.com,,https://registry.opendata.aws/amazon-berkeley-objects/,https://www.amazon.com/dp/B0732KDJ48,https://registry.opendata.aws/amazon-berkeley-objects/,s3://amazon-berkeley-objects/3dmodels/original/8/B0732KDJ48.glb,https://amazon-berkeley-objects.s3.amazonaws.com/3dmodels/original/8/B0732KDJ48.glb,CC Attribution,CC-BY-4.0,Creative Commons Attribution 4.0 International,https://creativecommons.org/licenses/by/4.0/,https://registry.opendata.aws/amazon-berkeley-objects/,true,"Amazon Berkeley Objects asset B0732KDJ48, © Amazon.com, licensed under Creative Commons Attribution 4.0 International.",,reference_good,source_anchor_not_human,abo_materials_textures_min2048,abo:B0732KDJ48,7f8820906e43ab46572e73ed1eabb020d01e92c81c991c40d7ae388bae012613,,,0.0248060501206979,bad,0.0082643153145909,bad,Metadata manifest only. Obtain and use the asset under its listed source license and attribution requirements.
abo_B0735GRJXY,Amazon Berkeley Objects,Amazon Berkeley Objects,B0735GRJXY,ABO object B0735GRJXY,Amazon.com,,https://registry.opendata.aws/amazon-berkeley-objects/,https://www.amazon.com/dp/B0735GRJXY,https://registry.opendata.aws/amazon-berkeley-objects/,s3://amazon-berkeley-objects/3dmodels/original/Y/B0735GRJXY.glb,https://amazon-berkeley-objects.s3.amazonaws.com/3dmodels/original/Y/B0735GRJXY.glb,CC Attribution,CC-BY-4.0,Creative Commons Attribution 4.0 International,https://creativecommons.org/licenses/by/4.0/,https://registry.opendata.aws/amazon-berkeley-objects/,true,"Amazon Berkeley Objects asset B0735GRJXY, © Amazon.com, licensed under Creative Commons Attribution 4.0 International.",,reference_good,source_anchor_not_human,abo_materials_textures_min2048,abo:B0735GRJXY,3288382fa06bfe53ab3eb3ead05da91cd5ce5db00ccbfbf89b32658f61de8d35,,,0.9324404234903748,bad,0.3973957300186157,bad,Metadata manifest only. Obtain and use the asset under its listed source license and attribution requirements.
abo_B0735RJPCY,Amazon Berkeley Objects,Amazon Berkeley Objects,B0735RJPCY,ABO object B0735RJPCY,Amazon.com,,https://registry.opendata.aws/amazon-berkeley-objects/,https://www.amazon.com/dp/B0735RJPCY,https://registry.opendata.aws/amazon-berkeley-objects/,s3://amazon-berkeley-objects/3dmodels/original/Y/B0735RJPCY.glb,https://amazon-berkeley-objects.s3.amazonaws.com/3dmodels/original/Y/B0735RJPCY.glb,CC Attribution,CC-BY-4.0,Creative Commons Attribution 4.0 International,https://creativecommons.org/licenses/by/4.0/,https://registry.opendata.aws/amazon-berkeley-objects/,true,"Amazon Berkeley Objects asset B0735RJPCY, © Amazon.com, licensed under Creative Commons Attribution 4.0 International.",,reference_good,source_anchor_not_human,abo_materials_textures_min2048,abo:B0735RJPCY,e7dfe1cc587d6894a39fee0f628c8dcce7d3f1cecd0eebcf90ceca5f5c816d31,,,0.0100820387261704,bad,0.999988853931427,good,Metadata manifest only. Obtain and use the asset under its listed source license and attribution requirements.
abo_B073FBK8GB,Amazon Berkeley Objects,Amazon Berkeley Objects,B073FBK8GB,ABO object B073FBK8GB,Amazon.com,,https://registry.opendata.aws/amazon-berkeley-objects/,https://www.amazon.com/dp/B073FBK8GB,https://registry.opendata.aws/amazon-berkeley-objects/,s3://amazon-berkeley-objects/3dmodels/original/B/B073FBK8GB.glb,https://amazon-berkeley-objects.s3.amazonaws.com/3dmodels/original/B/B073FBK8GB.glb,CC Attribution,CC-BY-4.0,Creative Commons Attribution 4.0 International,https://creativecommons.org/licenses/by/4.0/,https://registry.opendata.aws/amazon-berkeley-objects/,true,"Amazon Berkeley Objects asset B073FBK8GB, © Amazon.com, licensed under Creative Commons Attribution 4.0 International.",,reference_good,source_anchor_not_human,abo_materials_textures_min2048,abo:B073FBK8GB,8927163d34e8a64da382d5d88f8ea34508f4b8030ca25cc48a0b26acf3120be9,,,0.0022112095687842,bad,0.9952291250228882,good,Metadata manifest only. Obtain and use the asset under its listed source license and attribution requirements.
abo_B073G82HBV,Amazon Berkeley Objects,Amazon Berkeley Objects,B073G82HBV,ABO object B073G82HBV,Amazon.com,,https://registry.opendata.aws/amazon-berkeley-objects/,https://www.amazon.com/dp/B073G82HBV,https://registry.opendata.aws/amazon-berkeley-objects/,s3://amazon-berkeley-objects/3dmodels/original/V/B073G82HBV.glb,https://amazon-berkeley-objects.s3.amazonaws.com/3dmodels/original/V/B073G82HBV.glb,CC Attribution,CC-BY-4.0,Creative Commons Attribution 4.0 International,https://creativecommons.org/licenses/by/4.0/,https://registry.opendata.aws/amazon-berkeley-objects/,true,"Amazon Berkeley Objects asset B073G82HBV, © Amazon.com, licensed under Creative Commons Attribution 4.0 International.",,reference_good,source_anchor_not_human,abo_materials_textures_min2048,abo:B073G82HBV,03a3f2fc4787b851dd5cc4fe4c09fe3fdf92667a489d7dc94fadb2c7ede59321,,,0.9991822726270322,good,0.9988369345664978,good,Metadata manifest only. Obtain and use the asset under its listed source license and attribution requirements.
abo_B073GC43QZ,Amazon Berkeley Objects,Amazon Berkeley Objects,B073GC43QZ,ABO object B073GC43QZ,Amazon.com,,https://registry.opendata.aws/amazon-berkeley-objects/,https://www.amazon.com/dp/B073GC43QZ,https://registry.opendata.aws/amazon-berkeley-objects/,s3://amazon-berkeley-objects/3dmodels/original/Z/B073GC43QZ.glb,https://amazon-berkeley-objects.s3.amazonaws.com/3dmodels/original/Z/B073GC43QZ.glb,CC Attribution,CC-BY-4.0,Creative Commons Attribution 4.0 International,https://creativecommons.org/licenses/by/4.0/,https://registry.opendata.aws/amazon-berkeley-objects/,true,"Amazon Berkeley Objects asset B073GC43QZ, © Amazon.com, licensed under Creative Commons Attribution 4.0 International.",,reference_good,source_anchor_not_human,abo_materials_textures_min2048,abo:B073GC43QZ,a3fb03de31abe4588cdaa272761f9e5e0786fe5c8df35aeefd85797e643e2393,,,0.9976550760019036,good,0.9988380074501038,good,Metadata manifest only. Obtain and use the asset under its listed source license and attribution requirements.
abo_B073NZPN4Q,Amazon Berkeley Objects,Amazon Berkeley Objects,B073NZPN4Q,ABO object B073NZPN4Q,Amazon.com,,https://registry.opendata.aws/amazon-berkeley-objects/,https://www.amazon.com/dp/B073NZPN4Q,https://registry.opendata.aws/amazon-berkeley-objects/,s3://amazon-berkeley-objects/3dmodels/original/Q/B073NZPN4Q.glb,https://amazon-berkeley-objects.s3.amazonaws.com/3dmodels/original/Q/B073NZPN4Q.glb,CC Attribution,CC-BY-4.0,Creative Commons Attribution 4.0 International,https://creativecommons.org/licenses/by/4.0/,https://registry.opendata.aws/amazon-berkeley-objects/,true,"Amazon Berkeley Objects asset B073NZPN4Q, © Amazon.com, licensed under Creative Commons Attribution 4.0 International.",,reference_good,source_anchor_not_human,abo_materials_textures_min2048,abo:B073NZPN4Q,3a3ff36f3618a4e0886dac811283a66b8a56b84889beb96a1be577f27fc27b77,,,0.9905067071217276,good,0.9999998807907104,good,Metadata manifest only. Obtain and use the asset under its listed source license and attribution requirements.
abo_B073NZPP5H,Amazon Berkeley Objects,Amazon Berkeley Objects,B073NZPP5H,ABO object B073NZPP5H,Amazon.com,,https://registry.opendata.aws/amazon-berkeley-objects/,https://www.amazon.com/dp/B073NZPP5H,https://registry.opendata.aws/amazon-berkeley-objects/,s3://amazon-berkeley-objects/3dmodels/original/H/B073NZPP5H.glb,https://amazon-berkeley-objects.s3.amazonaws.com/3dmodels/original/H/B073NZPP5H.glb,CC Attribution,CC-BY-4.0,Creative Commons Attribution 4.0 International,https://creativecommons.org/licenses/by/4.0/,https://registry.opendata.aws/amazon-berkeley-objects/,true,"Amazon Berkeley Objects asset B073NZPP5H, © Amazon.com, licensed under Creative Commons Attribution 4.0 International.",,reference_good,source_anchor_not_human,abo_materials_textures_min2048,abo:B073NZPP5H,a9ba196661c5f59db1c9afa7a50b37d06ffcbf0e7a0d916b9f54f6833b9c51e1,,,0.9993641713994288,good,1.0,good,Metadata manifest only. Obtain and use the asset under its listed source license and attribution requirements.
abo_B073NZPPC9,Amazon Berkeley Objects,Amazon Berkeley Objects,B073NZPPC9,ABO object B073NZPPC9,Amazon.com,,https://registry.opendata.aws/amazon-berkeley-objects/,https://www.amazon.com/dp/B073NZPPC9,https://registry.opendata.aws/amazon-berkeley-objects/,s3://amazon-berkeley-objects/3dmodels/original/9/B073NZPPC9.glb,https://amazon-berkeley-objects.s3.amazonaws.com/3dmodels/original/9/B073NZPPC9.glb,CC Attribution,CC-BY-4.0,Creative Commons Attribution 4.0 International,https://creativecommons.org/licenses/by/4.0/,https://registry.opendata.aws/amazon-berkeley-objects/,true,"Amazon Berkeley Objects asset B073NZPPC9, © Amazon.com, licensed under Creative Commons Attribution 4.0 International.",,reference_good,source_anchor_not_human,abo_materials_textures_min2048,abo:B073NZPPC9,0984e3ba8afbc684b6e57e18c6f81123049430b3753b8c21e7102b0c78c01908,,,0.9241521349485372,bad,0.9999954700469972,good,Metadata manifest only. Obtain and use the asset under its listed source license and attribution requirements.
abo_B073NZPPSX,Amazon Berkeley Objects,Amazon Berkeley Objects,B073NZPPSX,ABO object B073NZPPSX,Amazon.com,,https://registry.opendata.aws/amazon-berkeley-objects/,https://www.amazon.com/dp/B073NZPPSX,https://registry.opendata.aws/amazon-berkeley-objects/,s3://amazon-berkeley-objects/3dmodels/original/X/B073NZPPSX.glb,https://amazon-berkeley-objects.s3.amazonaws.com/3dmodels/original/X/B073NZPPSX.glb,CC Attribution,CC-BY-4.0,Creative Commons Attribution 4.0 International,https://creativecommons.org/licenses/by/4.0/,https://registry.opendata.aws/amazon-berkeley-objects/,true,"Amazon Berkeley Objects asset B073NZPPSX, © Amazon.com, licensed under Creative Commons Attribution 4.0 International.",,reference_good,source_anchor_not_human,abo_materials_textures_min2048,abo:B073NZPPSX,bc6d19e11e609b3b37f00eadad445754b67d2e3367cfd77ddabcd8d05879fad2,,,0.9752396204592392,good,1.0,good,Metadata manifest only. Obtain and use the asset under its listed source license and attribution requirements.
abo_B073NZS56X,Amazon Berkeley Objects,Amazon Berkeley Objects,B073NZS56X,ABO object B073NZS56X,Amazon.com,,https://registry.opendata.aws/amazon-berkeley-objects/,https://www.amazon.com/dp/B073NZS56X,https://registry.opendata.aws/amazon-berkeley-objects/,s3://amazon-berkeley-objects/3dmodels/original/X/B073NZS56X.glb,https://amazon-berkeley-objects.s3.amazonaws.com/3dmodels/original/X/B073NZS56X.glb,CC Attribution,CC-BY-4.0,Creative Commons Attribution 4.0 International,https://creativecommons.org/licenses/by/4.0/,https://registry.opendata.aws/amazon-berkeley-objects/,true,"Amazon Berkeley Objects asset B073NZS56X, © Amazon.com, licensed under Creative Commons Attribution 4.0 International.",,reference_good,source_anchor_not_human,abo_materials_textures_min2048,abo:B073NZS56X,e956285765143afa4bbf8e333cbe2a1908f25a58379e13eeee74bdd297f27e7c,,,0.993816238703634,good,0.9999878406524658,good,Metadata manifest only. Obtain and use the asset under its listed source license and attribution requirements.
abo_B073P12PMS,Amazon Berkeley Objects,Amazon Berkeley Objects,B073P12PMS,ABO object B073P12PMS,Amazon.com,,https://registry.opendata.aws/amazon-berkeley-objects/,https://www.amazon.com/dp/B073P12PMS,https://registry.opendata.aws/amazon-berkeley-objects/,s3://amazon-berkeley-objects/3dmodels/original/S/B073P12PMS.glb,https://amazon-berkeley-objects.s3.amazonaws.com/3dmodels/original/S/B073P12PMS.glb,CC Attribution,CC-BY-4.0,Creative Commons Attribution 4.0 International,https://creativecommons.org/licenses/by/4.0/,https://registry.opendata.aws/amazon-berkeley-objects/,true,"Amazon Berkeley Objects asset B073P12PMS, © Amazon.com, licensed under Creative Commons Attribution 4.0 International.",,reference_good,source_anchor_not_human,abo_materials_textures_min2048,abo:B073P12PMS,51e710cd5aceb7a7b4a84818467e4576179ee300eded06e3cb2b925cd23ef162,,,0.9990458800259252,good,0.9999968409538268,good,Metadata manifest only. Obtain and use the asset under its listed source license and attribution requirements.
abo_B073P13J54,Amazon Berkeley Objects,Amazon Berkeley Objects,B073P13J54,ABO object B073P13J54,Amazon.com,,https://registry.opendata.aws/amazon-berkeley-objects/,https://www.amazon.com/dp/B073P13J54,https://registry.opendata.aws/amazon-berkeley-objects/,s3://amazon-berkeley-objects/3dmodels/original/4/B073P13J54.glb,https://amazon-berkeley-objects.s3.amazonaws.com/3dmodels/original/4/B073P13J54.glb,CC Attribution,CC-BY-4.0,Creative Commons Attribution 4.0 International,https://creativecommons.org/licenses/by/4.0/,https://registry.opendata.aws/amazon-berkeley-objects/,true,"Amazon Berkeley Objects asset B073P13J54, © Amazon.com, licensed under Creative Commons Attribution 4.0 International.",,reference_good,source_anchor_not_human,abo_materials_textures_min2048,abo:B073P13J54,12775084718462e3960ebcb5a39c50360e45e1ff7a68b48b69c7e7cedc2fbedc,,,0.9396501276340516,bad,0.9999997615814208,good,Metadata manifest only. Obtain and use the asset under its listed source license and attribution requirements.
abo_B073P13P7Q,Amazon Berkeley Objects,Amazon Berkeley Objects,B073P13P7Q,ABO object B073P13P7Q,Amazon.com,,https://registry.opendata.aws/amazon-berkeley-objects/,https://www.amazon.com/dp/B073P13P7Q,https://registry.opendata.aws/amazon-berkeley-objects/,s3://amazon-berkeley-objects/3dmodels/original/Q/B073P13P7Q.glb,https://amazon-berkeley-objects.s3.amazonaws.com/3dmodels/original/Q/B073P13P7Q.glb,CC Attribution,CC-BY-4.0,Creative Commons Attribution 4.0 International,https://creativecommons.org/licenses/by/4.0/,https://registry.opendata.aws/amazon-berkeley-objects/,true,"Amazon Berkeley Objects asset B073P13P7Q, © Amazon.com, licensed under Creative Commons Attribution 4.0 International.",,reference_good,source_anchor_not_human,abo_materials_textures_min2048,abo:B073P13P7Q,3c4a5f9ec0ed21c16543d51892ae3a4768be6139962857f7d42ed339609e32ed,,,0.3419743198778768,bad,0.9997456669807434,good,Metadata manifest only. Obtain and use the asset under its listed source license and attribution requirements.
abo_B073P13P8Y,Amazon Berkeley Objects,Amazon Berkeley Objects,B073P13P8Y,ABO object B073P13P8Y,Amazon.com,,https://registry.opendata.aws/amazon-berkeley-objects/,https://www.amazon.com/dp/B073P13P8Y,https://registry.opendata.aws/amazon-berkeley-objects/,s3://amazon-berkeley-objects/3dmodels/original/Y/B073P13P8Y.glb,https://amazon-berkeley-objects.s3.amazonaws.com/3dmodels/original/Y/B073P13P8Y.glb,CC Attribution,CC-BY-4.0,Creative Commons Attribution 4.0 International,https://creativecommons.org/licenses/by/4.0/,https://registry.opendata.aws/amazon-berkeley-objects/,true,"Amazon Berkeley Objects asset B073P13P8Y, © Amazon.com, licensed under Creative Commons Attribution 4.0 International.",,reference_good,source_anchor_not_human,abo_materials_textures_min2048,abo:B073P13P8Y,2df99fd833e6c2f3a27c9620d2b042518e456f8f470e7b0f0ba5119e28c53670,,,0.9963828896601606,good,1.0,good,Metadata manifest only. Obtain and use the asset under its listed source license and attribution requirements.
abo_B073P13P8Z,Amazon Berkeley Objects,Amazon Berkeley Objects,B073P13P8Z,ABO object B073P13P8Z,Amazon.com,,https://registry.opendata.aws/amazon-berkeley-objects/,https://www.amazon.com/dp/B073P13P8Z,https://registry.opendata.aws/amazon-berkeley-objects/,s3://amazon-berkeley-objects/3dmodels/original/Z/B073P13P8Z.glb,https://amazon-berkeley-objects.s3.amazonaws.com/3dmodels/original/Z/B073P13P8Z.glb,CC Attribution,CC-BY-4.0,Creative Commons Attribution 4.0 International,https://creativecommons.org/licenses/by/4.0/,https://registry.opendata.aws/amazon-berkeley-objects/,true,"Amazon Berkeley Objects asset B073P13P8Z, © Amazon.com, licensed under Creative Commons Attribution 4.0 International.",,reference_good,source_anchor_not_human,abo_materials_textures_min2048,abo:B073P13P8Z,968e5938931519dbe69f42cddefd70a878d10b08f1a65f195164ff358bf9d6ca,,,0.9923963216707528,good,0.9999999403953552,good,Metadata manifest only. Obtain and use the asset under its listed source license and attribution requirements.
abo_B073P16R6Z,Amazon Berkeley Objects,Amazon Berkeley Objects,B073P16R6Z,ABO object B073P16R6Z,Amazon.com,,https://registry.opendata.aws/amazon-berkeley-objects/,https://www.amazon.com/dp/B073P16R6Z,https://registry.opendata.aws/amazon-berkeley-objects/,s3://amazon-berkeley-objects/3dmodels/original/Z/B073P16R6Z.glb,https://amazon-berkeley-objects.s3.amazonaws.com/3dmodels/original/Z/B073P16R6Z.glb,CC Attribution,CC-BY-4.0,Creative Commons Attribution 4.0 International,https://creativecommons.org/licenses/by/4.0/,https://registry.opendata.aws/amazon-berkeley-objects/,true,"Amazon Berkeley Objects asset B073P16R6Z, © Amazon.com, licensed under Creative Commons Attribution 4.0 International.",,reference_good,source_anchor_not_human,abo_materials_textures_min2048,abo:B073P16R6Z,b2ec219721fd562e4aaa541ea6208d73085fe167882ddd09ba2f2f8994bb7cc8,,,0.8162854218392123,bad,0.9999997615814208,good,Metadata manifest only. Obtain and use the asset under its listed source license and attribution requirements.
abo_B073P17T67,Amazon Berkeley Objects,Amazon Berkeley Objects,B073P17T67,ABO object B073P17T67,Amazon.com,,https://registry.opendata.aws/amazon-berkeley-objects/,https://www.amazon.com/dp/B073P17T67,https://registry.opendata.aws/amazon-berkeley-objects/,s3://amazon-berkeley-objects/3dmodels/original/7/B073P17T67.glb,https://amazon-berkeley-objects.s3.amazonaws.com/3dmodels/original/7/B073P17T67.glb,CC Attribution,CC-BY-4.0,Creative Commons Attribution 4.0 International,https://creativecommons.org/licenses/by/4.0/,https://registry.opendata.aws/amazon-berkeley-objects/,true,"Amazon Berkeley Objects asset B073P17T67, © Amazon.com, licensed under Creative Commons Attribution 4.0 International.",,reference_good,source_anchor_not_human,abo_materials_textures_min2048,abo:B073P17T67,4dacecff93523cbf7f09c5f37cb5ba6ca3214a740bd6318b1dfef2c2dffa8335,,,0.9962346244492584,good,0.9125264286994934,good,Metadata manifest only. Obtain and use the asset under its listed source license and attribution requirements.
abo_B073P17T6G,Amazon Berkeley Objects,Amazon Berkeley Objects,B073P17T6G,ABO object B073P17T6G,Amazon.com,,https://registry.opendata.aws/amazon-berkeley-objects/,https://www.amazon.com/dp/B073P17T6G,https://registry.opendata.aws/amazon-berkeley-objects/,s3://amazon-berkeley-objects/3dmodels/original/G/B073P17T6G.glb,https://amazon-berkeley-objects.s3.amazonaws.com/3dmodels/original/G/B073P17T6G.glb,CC Attribution,CC-BY-4.0,Creative Commons Attribution 4.0 International,https://creativecommons.org/licenses/by/4.0/,https://registry.opendata.aws/amazon-berkeley-objects/,true,"Amazon Berkeley Objects asset B073P17T6G, © Amazon.com, licensed under Creative Commons Attribution 4.0 International.",,reference_good,source_anchor_not_human,abo_materials_textures_min2048,abo:B073P17T6G,9a70dfa6a799aa08c9125326d84e6f29dfde530b1187907e526576e03ad405df,,,0.994189518821613,good,1.0,good,Metadata manifest only. Obtain and use the asset under its listed source license and attribution requirements.
abo_B073P1BJ2F,Amazon Berkeley Objects,Amazon Berkeley Objects,B073P1BJ2F,ABO object B073P1BJ2F,Amazon.com,,https://registry.opendata.aws/amazon-berkeley-objects/,https://www.amazon.com/dp/B073P1BJ2F,https://registry.opendata.aws/amazon-berkeley-objects/,s3://amazon-berkeley-objects/3dmodels/original/F/B073P1BJ2F.glb,https://amazon-berkeley-objects.s3.amazonaws.com/3dmodels/original/F/B073P1BJ2F.glb,CC Attribution,CC-BY-4.0,Creative Commons Attribution 4.0 International,https://creativecommons.org/licenses/by/4.0/,https://registry.opendata.aws/amazon-berkeley-objects/,true,"Amazon Berkeley Objects asset B073P1BJ2F, © Amazon.com, licensed under Creative Commons Attribution 4.0 International.",,reference_good,source_anchor_not_human,abo_materials_textures_min2048,abo:B073P1BJ2F,dae2d8b6b2b7a9c6fbe18ee032d5917dbee02cdb7fcf281083b9a959b82fc0b1,,,0.9873586215046394,good,0.9999998211860656,good,Metadata manifest only. Obtain and use the asset under its listed source license and attribution requirements.
abo_B073P1BJJD,Amazon Berkeley Objects,Amazon Berkeley Objects,B073P1BJJD,ABO object B073P1BJJD,Amazon.com,,https://registry.opendata.aws/amazon-berkeley-objects/,https://www.amazon.com/dp/B073P1BJJD,https://registry.opendata.aws/amazon-berkeley-objects/,s3://amazon-berkeley-objects/3dmodels/original/D/B073P1BJJD.glb,https://amazon-berkeley-objects.s3.amazonaws.com/3dmodels/original/D/B073P1BJJD.glb,CC Attribution,CC-BY-4.0,Creative Commons Attribution 4.0 International,https://creativecommons.org/licenses/by/4.0/,https://registry.opendata.aws/amazon-berkeley-objects/,true,"Amazon Berkeley Objects asset B073P1BJJD, © Amazon.com, licensed under Creative Commons Attribution 4.0 International.",,reference_good,source_anchor_not_human,abo_materials_textures_min2048,abo:B073P1BJJD,519e8b845d4707eca0e9e088345ee86b809afb508ecb01c2940554020edad085,,,0.9765411568660884,good,0.9999999403953552,good,Metadata manifest only. Obtain and use the asset under its listed source license and attribution requirements.
abo_B073P1BVTF,Amazon Berkeley Objects,Amazon Berkeley Objects,B073P1BVTF,ABO object B073P1BVTF,Amazon.com,,https://registry.opendata.aws/amazon-berkeley-objects/,https://www.amazon.com/dp/B073P1BVTF,https://registry.opendata.aws/amazon-berkeley-objects/,s3://amazon-berkeley-objects/3dmodels/original/F/B073P1BVTF.glb,https://amazon-berkeley-objects.s3.amazonaws.com/3dmodels/original/F/B073P1BVTF.glb,CC Attribution,CC-BY-4.0,Creative Commons Attribution 4.0 International,https://creativecommons.org/licenses/by/4.0/,https://registry.opendata.aws/amazon-berkeley-objects/,true,"Amazon Berkeley Objects asset B073P1BVTF, © Amazon.com, licensed under Creative Commons Attribution 4.0 International.",,reference_good,source_anchor_not_human,abo_materials_textures_min2048,abo:B073P1BVTF,e44197458afb7d020bb47c1ec40962c30534c09d1fe3073aa56f6f1a7a3bd52a,,,0.9986998121151618,good,0.9999902248382568,good,Metadata manifest only. Obtain and use the asset under its listed source license and attribution requirements.
abo_B073P1CKJH,Amazon Berkeley Objects,Amazon Berkeley Objects,B073P1CKJH,ABO object B073P1CKJH,Amazon.com,,https://registry.opendata.aws/amazon-berkeley-objects/,https://www.amazon.com/dp/B073P1CKJH,https://registry.opendata.aws/amazon-berkeley-objects/,s3://amazon-berkeley-objects/3dmodels/original/H/B073P1CKJH.glb,https://amazon-berkeley-objects.s3.amazonaws.com/3dmodels/original/H/B073P1CKJH.glb,CC Attribution,CC-BY-4.0,Creative Commons Attribution 4.0 International,https://creativecommons.org/licenses/by/4.0/,https://registry.opendata.aws/amazon-berkeley-objects/,true,"Amazon Berkeley Objects asset B073P1CKJH, © Amazon.com, licensed under Creative Commons Attribution 4.0 International.",,reference_good,source_anchor_not_human,abo_materials_textures_min2048,abo:B073P1CKJH,0ead87d2f2d237a5acf973c654d77cffc182c8f3ddf2a78300ea171b1d672719,,,0.4583508960120218,bad,0.9999989867210388,good,Metadata manifest only. Obtain and use the asset under its listed source license and attribution requirements.
abo_B073P1F26D,Amazon Berkeley Objects,Amazon Berkeley Objects,B073P1F26D,ABO object B073P1F26D,Amazon.com,,https://registry.opendata.aws/amazon-berkeley-objects/,https://www.amazon.com/dp/B073P1F26D,https://registry.opendata.aws/amazon-berkeley-objects/,s3://amazon-berkeley-objects/3dmodels/original/D/B073P1F26D.glb,https://amazon-berkeley-objects.s3.amazonaws.com/3dmodels/original/D/B073P1F26D.glb,CC Attribution,CC-BY-4.0,Creative Commons Attribution 4.0 International,https://creativecommons.org/licenses/by/4.0/,https://registry.opendata.aws/amazon-berkeley-objects/,true,"Amazon Berkeley Objects asset B073P1F26D, © Amazon.com, licensed under Creative Commons Attribution 4.0 International.",,reference_good,source_anchor_not_human,abo_materials_textures_min2048,abo:B073P1F26D,c0a1ecc42aa75a60fee0b0ff917a0293fdf097c08d135f9854ea70bf0c7c72f7,,,0.9778188720749909,good,0.9999988079071044,good,Metadata manifest only. Obtain and use the asset under its listed source license and attribution requirements.
abo_B073P1GB6N,Amazon Berkeley Objects,Amazon Berkeley Objects,B073P1GB6N,ABO object B073P1GB6N,Amazon.com,,https://registry.opendata.aws/amazon-berkeley-objects/,https://www.amazon.com/dp/B073P1GB6N,https://registry.opendata.aws/amazon-berkeley-objects/,s3://amazon-berkeley-objects/3dmodels/original/N/B073P1GB6N.glb,https://amazon-berkeley-objects.s3.amazonaws.com/3dmodels/original/N/B073P1GB6N.glb,CC Attribution,CC-BY-4.0,Creative Commons Attribution 4.0 International,https://creativecommons.org/licenses/by/4.0/,https://registry.opendata.aws/amazon-berkeley-objects/,true,"Amazon Berkeley Objects asset B073P1GB6N, © Amazon.com, licensed under Creative Commons Attribution 4.0 International.",,reference_good,source_anchor_not_human,abo_materials_textures_min2048,abo:B073P1GB6N,42a2d49eafa9beb8ee2ff144d117e8e89af9ee5b69d956544ef537c04f522c9d,,,0.998891567780376,good,0.9999999403953552,good,Metadata manifest only. Obtain and use the asset under its listed source license and attribution requirements.
abo_B073P1H786,Amazon Berkeley Objects,Amazon Berkeley Objects,B073P1H786,ABO object B073P1H786,Amazon.com,,https://registry.opendata.aws/amazon-berkeley-objects/,https://www.amazon.com/dp/B073P1H786,https://registry.opendata.aws/amazon-berkeley-objects/,s3://amazon-berkeley-objects/3dmodels/original/6/B073P1H786.glb,https://amazon-berkeley-objects.s3.amazonaws.com/3dmodels/original/6/B073P1H786.glb,CC Attribution,CC-BY-4.0,Creative Commons Attribution 4.0 International,https://creativecommons.org/licenses/by/4.0/,https://registry.opendata.aws/amazon-berkeley-objects/,true,"Amazon Berkeley Objects asset B073P1H786, © Amazon.com, licensed under Creative Commons Attribution 4.0 International.",,reference_good,source_anchor_not_human,abo_materials_textures_min2048,abo:B073P1H786,32fdca728bf5c6829a6908b0bc0c39d90a2782da252a1534f15e9ff68e3988f6,,,0.9498869947059666,bad,0.9999603629112244,good,Metadata manifest only. Obtain and use the asset under its listed source license and attribution requirements.
abo_B073P1J8FW,Amazon Berkeley Objects,Amazon Berkeley Objects,B073P1J8FW,ABO object B073P1J8FW,Amazon.com,,https://registry.opendata.aws/amazon-berkeley-objects/,https://www.amazon.com/dp/B073P1J8FW,https://registry.opendata.aws/amazon-berkeley-objects/,s3://amazon-berkeley-objects/3dmodels/original/W/B073P1J8FW.glb,https://amazon-berkeley-objects.s3.amazonaws.com/3dmodels/original/W/B073P1J8FW.glb,CC Attribution,CC-BY-4.0,Creative Commons Attribution 4.0 International,https://creativecommons.org/licenses/by/4.0/,https://registry.opendata.aws/amazon-berkeley-objects/,true,"Amazon Berkeley Objects asset B073P1J8FW, © Amazon.com, licensed under Creative Commons Attribution 4.0 International.",,reference_good,source_anchor_not_human,abo_materials_textures_min2048,abo:B073P1J8FW,5b576394f437baa1add6f6cb3df42c68424fac87ec1f729543af59c68ecd465d,,,0.1514183960456788,bad,0.9999993443489076,good,Metadata manifest only. Obtain and use the asset under its listed source license and attribution requirements.
abo_B073P1J9J2,Amazon Berkeley Objects,Amazon Berkeley Objects,B073P1J9J2,ABO object B073P1J9J2,Amazon.com,,https://registry.opendata.aws/amazon-berkeley-objects/,https://www.amazon.com/dp/B073P1J9J2,https://registry.opendata.aws/amazon-berkeley-objects/,s3://amazon-berkeley-objects/3dmodels/original/2/B073P1J9J2.glb,https://amazon-berkeley-objects.s3.amazonaws.com/3dmodels/original/2/B073P1J9J2.glb,CC Attribution,CC-BY-4.0,Creative Commons Attribution 4.0 International,https://creativecommons.org/licenses/by/4.0/,https://registry.opendata.aws/amazon-berkeley-objects/,true,"Amazon Berkeley Objects asset B073P1J9J2, © Amazon.com, licensed under Creative Commons Attribution 4.0 International.",,reference_good,source_anchor_not_human,abo_materials_textures_min2048,abo:B073P1J9J2,daec3b7fc2eb6582d08952b1e8cecdb2c9393a435047976ee33d96cd28c7a91c,,,0.9971308280227592,good,0.9999998807907104,good,Metadata manifest only. Obtain and use the asset under its listed source license and attribution requirements.
abo_B073P1JGM2,Amazon Berkeley Objects,Amazon Berkeley Objects,B073P1JGM2,ABO object B073P1JGM2,Amazon.com,,https://registry.opendata.aws/amazon-berkeley-objects/,https://www.amazon.com/dp/B073P1JGM2,https://registry.opendata.aws/amazon-berkeley-objects/,s3://amazon-berkeley-objects/3dmodels/original/2/B073P1JGM2.glb,https://amazon-berkeley-objects.s3.amazonaws.com/3dmodels/original/2/B073P1JGM2.glb,CC Attribution,CC-BY-4.0,Creative Commons Attribution 4.0 International,https://creativecommons.org/licenses/by/4.0/,https://registry.opendata.aws/amazon-berkeley-objects/,true,"Amazon Berkeley Objects asset B073P1JGM2, © Amazon.com, licensed under Creative Commons Attribution 4.0 International.",,reference_good,source_anchor_not_human,abo_materials_textures_min2048,abo:B073P1JGM2,9fa7e9c8b84b8e190927f817f9d6f136903e435e033415a6a37b51b5d10f29fa,,,0.8446380043472499,bad,0.99999737739563,good,Metadata manifest only. Obtain and use the asset under its listed source license and attribution requirements.
abo_B073P1RD5Z,Amazon Berkeley Objects,Amazon Berkeley Objects,B073P1RD5Z,ABO object B073P1RD5Z,Amazon.com,,https://registry.opendata.aws/amazon-berkeley-objects/,https://www.amazon.com/dp/B073P1RD5Z,https://registry.opendata.aws/amazon-berkeley-objects/,s3://amazon-berkeley-objects/3dmodels/original/Z/B073P1RD5Z.glb,https://amazon-berkeley-objects.s3.amazonaws.com/3dmodels/original/Z/B073P1RD5Z.glb,CC Attribution,CC-BY-4.0,Creative Commons Attribution 4.0 International,https://creativecommons.org/licenses/by/4.0/,https://registry.opendata.aws/amazon-berkeley-objects/,true,"Amazon Berkeley Objects asset B073P1RD5Z, © Amazon.com, licensed under Creative Commons Attribution 4.0 International.",,reference_good,source_anchor_not_human,abo_materials_textures_min2048,abo:B073P1RD5Z,67f4c6eeac8c9b1df1d4fb9e9ea0058cd603e4c3571f8ada5ddf1d1b6eaf96c2,,,0.9535329157888304,good,0.999976634979248,good,Metadata manifest only. Obtain and use the asset under its listed source license and attribution requirements.
abo_B073P1TPMF,Amazon Berkeley Objects,Amazon Berkeley Objects,B073P1TPMF,ABO object B073P1TPMF,Amazon.com,,https://registry.opendata.aws/amazon-berkeley-objects/,https://www.amazon.com/dp/B073P1TPMF,https://registry.opendata.aws/amazon-berkeley-objects/,s3://amazon-berkeley-objects/3dmodels/original/F/B073P1TPMF.glb,https://amazon-berkeley-objects.s3.amazonaws.com/3dmodels/original/F/B073P1TPMF.glb,CC Attribution,CC-BY-4.0,Creative Commons Attribution 4.0 International,https://creativecommons.org/licenses/by/4.0/,https://registry.opendata.aws/amazon-berkeley-objects/,true,"Amazon Berkeley Objects asset B073P1TPMF, © Amazon.com, licensed under Creative Commons Attribution 4.0 International.",,reference_good,source_anchor_not_human,abo_materials_textures_min2048,abo:B073P1TPMF,c8016c1a3a6befc678b73472d4e28b7839182b2aec9d5a2f713fdd5c11a94cab,,,0.2423547046868675,bad,0.9975265860557556,good,Metadata manifest only. Obtain and use the asset under its listed source license and attribution requirements.
abo_B073P1YLMJ,Amazon Berkeley Objects,Amazon Berkeley Objects,B073P1YLMJ,ABO object B073P1YLMJ,Amazon.com,,https://registry.opendata.aws/amazon-berkeley-objects/,https://www.amazon.com/dp/B073P1YLMJ,https://registry.opendata.aws/amazon-berkeley-objects/,s3://amazon-berkeley-objects/3dmodels/original/J/B073P1YLMJ.glb,https://amazon-berkeley-objects.s3.amazonaws.com/3dmodels/original/J/B073P1YLMJ.glb,CC Attribution,CC-BY-4.0,Creative Commons Attribution 4.0 International,https://creativecommons.org/licenses/by/4.0/,https://registry.opendata.aws/amazon-berkeley-objects/,true,"Amazon Berkeley Objects asset B073P1YLMJ, © Amazon.com, licensed under Creative Commons Attribution 4.0 International.",,reference_good,source_anchor_not_human,abo_materials_textures_min2048,abo:B073P1YLMJ,35e8fd992489ae989b3117e603a5f7bb8ce6e84fb7a4825fec984ef2bfa7b390,,,0.9914712811953504,good,0.9999997615814208,good,Metadata manifest only. Obtain and use the asset under its listed source license and attribution requirements.
abo_B073P3S1NX,Amazon Berkeley Objects,Amazon Berkeley Objects,B073P3S1NX,ABO object B073P3S1NX,Amazon.com,,https://registry.opendata.aws/amazon-berkeley-objects/,https://www.amazon.com/dp/B073P3S1NX,https://registry.opendata.aws/amazon-berkeley-objects/,s3://amazon-berkeley-objects/3dmodels/original/X/B073P3S1NX.glb,https://amazon-berkeley-objects.s3.amazonaws.com/3dmodels/original/X/B073P3S1NX.glb,CC Attribution,CC-BY-4.0,Creative Commons Attribution 4.0 International,https://creativecommons.org/licenses/by/4.0/,https://registry.opendata.aws/amazon-berkeley-objects/,true,"Amazon Berkeley Objects asset B073P3S1NX, © Amazon.com, licensed under Creative Commons Attribution 4.0 International.",,reference_good,source_anchor_not_human,abo_materials_textures_min2048,abo:B073P3S1NX,84204c5d0d4b9de4971e5daa3185f1b525f2a0673cd1c259205de528b41a4c33,,,0.9993632583455344,good,0.9999974370002748,good,Metadata manifest only. Obtain and use the asset under its listed source license and attribution requirements.
abo_B073P52NB5,Amazon Berkeley Objects,Amazon Berkeley Objects,B073P52NB5,ABO object B073P52NB5,Amazon.com,,https://registry.opendata.aws/amazon-berkeley-objects/,https://www.amazon.com/dp/B073P52NB5,https://registry.opendata.aws/amazon-berkeley-objects/,s3://amazon-berkeley-objects/3dmodels/original/5/B073P52NB5.glb,https://amazon-berkeley-objects.s3.amazonaws.com/3dmodels/original/5/B073P52NB5.glb,CC Attribution,CC-BY-4.0,Creative Commons Attribution 4.0 International,https://creativecommons.org/licenses/by/4.0/,https://registry.opendata.aws/amazon-berkeley-objects/,true,"Amazon Berkeley Objects asset B073P52NB5, © Amazon.com, licensed under Creative Commons Attribution 4.0 International.",,reference_good,source_anchor_not_human,abo_materials_textures_min2048,abo:B073P52NB5,22d362fae36439d57db7e9aff07add9862a4f39b358d20250b4900e36883eea9,,,0.8920175904772176,bad,0.9999966025352478,good,Metadata manifest only. Obtain and use the asset under its listed source license and attribution requirements.
abo_B073P5FM81,Amazon Berkeley Objects,Amazon Berkeley Objects,B073P5FM81,ABO object B073P5FM81,Amazon.com,,https://registry.opendata.aws/amazon-berkeley-objects/,https://www.amazon.com/dp/B073P5FM81,https://registry.opendata.aws/amazon-berkeley-objects/,s3://amazon-berkeley-objects/3dmodels/original/1/B073P5FM81.glb,https://amazon-berkeley-objects.s3.amazonaws.com/3dmodels/original/1/B073P5FM81.glb,CC Attribution,CC-BY-4.0,Creative Commons Attribution 4.0 International,https://creativecommons.org/licenses/by/4.0/,https://registry.opendata.aws/amazon-berkeley-objects/,true,"Amazon Berkeley Objects asset B073P5FM81, © Amazon.com, licensed under Creative Commons Attribution 4.0 International.",,reference_good,source_anchor_not_human,abo_materials_textures_min2048,abo:B073P5FM81,2c0cafa7ff8159f50380f1f51b0e66b854ff8a3e3af91283bb051a3b41e315d5,,,0.9980390149457028,good,0.9999987483024596,good,Metadata manifest only. Obtain and use the asset under its listed source license and attribution requirements.
abo_B073P5V2KP,Amazon Berkeley Objects,Amazon Berkeley Objects,B073P5V2KP,ABO object B073P5V2KP,Amazon.com,,https://registry.opendata.aws/amazon-berkeley-objects/,https://www.amazon.com/dp/B073P5V2KP,https://registry.opendata.aws/amazon-berkeley-objects/,s3://amazon-berkeley-objects/3dmodels/original/P/B073P5V2KP.glb,https://amazon-berkeley-objects.s3.amazonaws.com/3dmodels/original/P/B073P5V2KP.glb,CC Attribution,CC-BY-4.0,Creative Commons Attribution 4.0 International,https://creativecommons.org/licenses/by/4.0/,https://registry.opendata.aws/amazon-berkeley-objects/,true,"Amazon Berkeley Objects asset B073P5V2KP, © Amazon.com, licensed under Creative Commons Attribution 4.0 International.",,reference_good,source_anchor_not_human,abo_materials_textures_min2048,abo:B073P5V2KP,4ac2a921b6c61a56f3457564229ca7a703ab8c3386b8657b3aea180bab3b7209,,,0.979703639194861,good,0.9999773502349854,good,Metadata manifest only. Obtain and use the asset under its listed source license and attribution requirements.
abo_B073P5V2PD,Amazon Berkeley Objects,Amazon Berkeley Objects,B073P5V2PD,ABO object B073P5V2PD,Amazon.com,,https://registry.opendata.aws/amazon-berkeley-objects/,https://www.amazon.com/dp/B073P5V2PD,https://registry.opendata.aws/amazon-berkeley-objects/,s3://amazon-berkeley-objects/3dmodels/original/D/B073P5V2PD.glb,https://amazon-berkeley-objects.s3.amazonaws.com/3dmodels/original/D/B073P5V2PD.glb,CC Attribution,CC-BY-4.0,Creative Commons Attribution 4.0 International,https://creativecommons.org/licenses/by/4.0/,https://registry.opendata.aws/amazon-berkeley-objects/,true,"Amazon Berkeley Objects asset B073P5V2PD, © Amazon.com, licensed under Creative Commons Attribution 4.0 International.",,reference_good,source_anchor_not_human,abo_materials_textures_min2048,abo:B073P5V2PD,7b8d4c3c4748e20ffb5756272a0c430fdb5e043ef8fefa1846cee8bd2310a24c,,,0.5757635966995596,bad,0.9999998807907104,good,Metadata manifest only. Obtain and use the asset under its listed source license and attribution requirements.
abo_B073P5XJHY,Amazon Berkeley Objects,Amazon Berkeley Objects,B073P5XJHY,ABO object B073P5XJHY,Amazon.com,,https://registry.opendata.aws/amazon-berkeley-objects/,https://www.amazon.com/dp/B073P5XJHY,https://registry.opendata.aws/amazon-berkeley-objects/,s3://amazon-berkeley-objects/3dmodels/original/Y/B073P5XJHY.glb,https://amazon-berkeley-objects.s3.amazonaws.com/3dmodels/original/Y/B073P5XJHY.glb,CC Attribution,CC-BY-4.0,Creative Commons Attribution 4.0 International,https://creativecommons.org/licenses/by/4.0/,https://registry.opendata.aws/amazon-berkeley-objects/,true,"Amazon Berkeley Objects asset B073P5XJHY, © Amazon.com, licensed under Creative Commons Attribution 4.0 International.",,reference_good,source_anchor_not_human,abo_materials_textures_min2048,abo:B073P5XJHY,03d5d0c25e8f89774977056947d6c498afa321cfeec828bfd44fb55826ffcc53,,,0.9829720046885132,good,0.9999999403953552,good,Metadata manifest only. Obtain and use the asset under its listed source license and attribution requirements.
abo_B073P5Y9J1,Amazon Berkeley Objects,Amazon Berkeley Objects,B073P5Y9J1,ABO object B073P5Y9J1,Amazon.com,,https://registry.opendata.aws/amazon-berkeley-objects/,https://www.amazon.com/dp/B073P5Y9J1,https://registry.opendata.aws/amazon-berkeley-objects/,s3://amazon-berkeley-objects/3dmodels/original/1/B073P5Y9J1.glb,https://amazon-berkeley-objects.s3.amazonaws.com/3dmodels/original/1/B073P5Y9J1.glb,CC Attribution,CC-BY-4.0,Creative Commons Attribution 4.0 International,https://creativecommons.org/licenses/by/4.0/,https://registry.opendata.aws/amazon-berkeley-objects/,true,"Amazon Berkeley Objects asset B073P5Y9J1, © Amazon.com, licensed under Creative Commons Attribution 4.0 International.",,reference_good,source_anchor_not_human,abo_materials_textures_min2048,abo:B073P5Y9J1,a7d84fb5bdf47d65cd6f3f7b48872026ea4b272588e252685cdae0e97a0e7e76,,,0.7298459307802597,bad,0.9999999403953552,good,Metadata manifest only. Obtain and use the asset under its listed source license and attribution requirements.
abo_B073P63RQ8,Amazon Berkeley Objects,Amazon Berkeley Objects,B073P63RQ8,ABO object B073P63RQ8,Amazon.com,,https://registry.opendata.aws/amazon-berkeley-objects/,https://www.amazon.com/dp/B073P63RQ8,https://registry.opendata.aws/amazon-berkeley-objects/,s3://amazon-berkeley-objects/3dmodels/original/8/B073P63RQ8.glb,https://amazon-berkeley-objects.s3.amazonaws.com/3dmodels/original/8/B073P63RQ8.glb,CC Attribution,CC-BY-4.0,Creative Commons Attribution 4.0 International,https://creativecommons.org/licenses/by/4.0/,https://registry.opendata.aws/amazon-berkeley-objects/,true,"Amazon Berkeley Objects asset B073P63RQ8, © Amazon.com, licensed under Creative Commons Attribution 4.0 International.",,reference_good,source_anchor_not_human,abo_materials_textures_min2048,abo:B073P63RQ8,bbc875cbe279cebf35788a0bf9d654a8d6b17fc81ad08f4652adfcef94f71b43,,,0.9993602885534348,good,0.9999929070472716,good,Metadata manifest only. Obtain and use the asset under its listed source license and attribution requirements.
abo_B073P6HGK1,Amazon Berkeley Objects,Amazon Berkeley Objects,B073P6HGK1,ABO object B073P6HGK1,Amazon.com,,https://registry.opendata.aws/amazon-berkeley-objects/,https://www.amazon.com/dp/B073P6HGK1,https://registry.opendata.aws/amazon-berkeley-objects/,s3://amazon-berkeley-objects/3dmodels/original/1/B073P6HGK1.glb,https://amazon-berkeley-objects.s3.amazonaws.com/3dmodels/original/1/B073P6HGK1.glb,CC Attribution,CC-BY-4.0,Creative Commons Attribution 4.0 International,https://creativecommons.org/licenses/by/4.0/,https://registry.opendata.aws/amazon-berkeley-objects/,true,"Amazon Berkeley Objects asset B073P6HGK1, © Amazon.com, licensed under Creative Commons Attribution 4.0 International.",,reference_good,source_anchor_not_human,abo_materials_textures_min2048,abo:B073P6HGK1,896f1fd98abfddc2b01b2b7affc91e4ddc67125245190d86622883d5e4602f4f,,,0.9861561445844408,good,1.0,good,Metadata manifest only. Obtain and use the asset under its listed source license and attribution requirements.
abo_B073P6HGTV,Amazon Berkeley Objects,Amazon Berkeley Objects,B073P6HGTV,ABO object B073P6HGTV,Amazon.com,,https://registry.opendata.aws/amazon-berkeley-objects/,https://www.amazon.com/dp/B073P6HGTV,https://registry.opendata.aws/amazon-berkeley-objects/,s3://amazon-berkeley-objects/3dmodels/original/V/B073P6HGTV.glb,https://amazon-berkeley-objects.s3.amazonaws.com/3dmodels/original/V/B073P6HGTV.glb,CC Attribution,CC-BY-4.0,Creative Commons Attribution 4.0 International,https://creativecommons.org/licenses/by/4.0/,https://registry.opendata.aws/amazon-berkeley-objects/,true,"Amazon Berkeley Objects asset B073P6HGTV, © Amazon.com, licensed under Creative Commons Attribution 4.0 International.",,reference_good,source_anchor_not_human,abo_materials_textures_min2048,abo:B073P6HGTV,3a60fb5e1d3f503721dd561fb70a360421b8a7555771f28f09fbf27a76528a77,,,0.9991719425166784,good,1.0,good,Metadata manifest only. Obtain and use the asset under its listed source license and attribution requirements.
abo_B073P6L986,Amazon Berkeley Objects,Amazon Berkeley Objects,B073P6L986,ABO object B073P6L986,Amazon.com,,https://registry.opendata.aws/amazon-berkeley-objects/,https://www.amazon.com/dp/B073P6L986,https://registry.opendata.aws/amazon-berkeley-objects/,s3://amazon-berkeley-objects/3dmodels/original/6/B073P6L986.glb,https://amazon-berkeley-objects.s3.amazonaws.com/3dmodels/original/6/B073P6L986.glb,CC Attribution,CC-BY-4.0,Creative Commons Attribution 4.0 International,https://creativecommons.org/licenses/by/4.0/,https://registry.opendata.aws/amazon-berkeley-objects/,true,"Amazon Berkeley Objects asset B073P6L986, © Amazon.com, licensed under Creative Commons Attribution 4.0 International.",,reference_good,source_anchor_not_human,abo_materials_textures_min2048,abo:B073P6L986,33c3966dbb2b6503274ecf96368738a1274d48cee80e80750bcfbf43aee695fe,,,0.9251783910486948,bad,0.9999805092811584,good,Metadata manifest only. Obtain and use the asset under its listed source license and attribution requirements.
abo_B073P6QSST,Amazon Berkeley Objects,Amazon Berkeley Objects,B073P6QSST,ABO object B073P6QSST,Amazon.com,,https://registry.opendata.aws/amazon-berkeley-objects/,https://www.amazon.com/dp/B073P6QSST,https://registry.opendata.aws/amazon-berkeley-objects/,s3://amazon-berkeley-objects/3dmodels/original/T/B073P6QSST.glb,https://amazon-berkeley-objects.s3.amazonaws.com/3dmodels/original/T/B073P6QSST.glb,CC Attribution,CC-BY-4.0,Creative Commons Attribution 4.0 International,https://creativecommons.org/licenses/by/4.0/,https://registry.opendata.aws/amazon-berkeley-objects/,true,"Amazon Berkeley Objects asset B073P6QSST, © Amazon.com, licensed under Creative Commons Attribution 4.0 International.",,reference_good,source_anchor_not_human,abo_materials_textures_min2048,abo:B073P6QSST,4ae5252329ebfc91177eb8ed8aa90d320ce4d0865b5f1f2714364420a6afd95b,,,0.9599935577930794,good,0.9999999403953552,good,Metadata manifest only. Obtain and use the asset under its listed source license and attribution requirements.
abo_B073WGMTB8,Amazon Berkeley Objects,Amazon Berkeley Objects,B073WGMTB8,ABO object B073WGMTB8,Amazon.com,,https://registry.opendata.aws/amazon-berkeley-objects/,https://www.amazon.com/dp/B073WGMTB8,https://registry.opendata.aws/amazon-berkeley-objects/,s3://amazon-berkeley-objects/3dmodels/original/8/B073WGMTB8.glb,https://amazon-berkeley-objects.s3.amazonaws.com/3dmodels/original/8/B073WGMTB8.glb,CC Attribution,CC-BY-4.0,Creative Commons Attribution 4.0 International,https://creativecommons.org/licenses/by/4.0/,https://registry.opendata.aws/amazon-berkeley-objects/,true,"Amazon Berkeley Objects asset B073WGMTB8, © Amazon.com, licensed under Creative Commons Attribution 4.0 International.",,reference_good,source_anchor_not_human,abo_materials_textures_min2048,abo:B073WGMTB8,ad39ad96487282ae701ca9287dd8821f48fb2840ae8788ad43ebaa070ddf84e9,,,0.9959436180494116,good,0.999952793121338,good,Metadata manifest only. Obtain and use the asset under its listed source license and attribution requirements.
abo_B073WH17GT,Amazon Berkeley Objects,Amazon Berkeley Objects,B073WH17GT,ABO object B073WH17GT,Amazon.com,,https://registry.opendata.aws/amazon-berkeley-objects/,https://www.amazon.com/dp/B073WH17GT,https://registry.opendata.aws/amazon-berkeley-objects/,s3://amazon-berkeley-objects/3dmodels/original/T/B073WH17GT.glb,https://amazon-berkeley-objects.s3.amazonaws.com/3dmodels/original/T/B073WH17GT.glb,CC Attribution,CC-BY-4.0,Creative Commons Attribution 4.0 International,https://creativecommons.org/licenses/by/4.0/,https://registry.opendata.aws/amazon-berkeley-objects/,true,"Amazon Berkeley Objects asset B073WH17GT, © Amazon.com, licensed under Creative Commons Attribution 4.0 International.",,reference_good,source_anchor_not_human,abo_materials_textures_min2048,abo:B073WH17GT,39c905952b40da4d5694e23bf7a88d1cdb272dfc636f6318bf309441b770df7b,,,0.3400549926448055,bad,0.9999998807907104,good,Metadata manifest only. Obtain and use the asset under its listed source license and attribution requirements.
abo_B073WQ8JLT,Amazon Berkeley Objects,Amazon Berkeley Objects,B073WQ8JLT,ABO object B073WQ8JLT,Amazon.com,,https://registry.opendata.aws/amazon-berkeley-objects/,https://www.amazon.com/dp/B073WQ8JLT,https://registry.opendata.aws/amazon-berkeley-objects/,s3://amazon-berkeley-objects/3dmodels/original/T/B073WQ8JLT.glb,https://amazon-berkeley-objects.s3.amazonaws.com/3dmodels/original/T/B073WQ8JLT.glb,CC Attribution,CC-BY-4.0,Creative Commons Attribution 4.0 International,https://creativecommons.org/licenses/by/4.0/,https://registry.opendata.aws/amazon-berkeley-objects/,true,"Amazon Berkeley Objects asset B073WQ8JLT, © Amazon.com, licensed under Creative Commons Attribution 4.0 International.",,reference_good,source_anchor_not_human,abo_materials_textures_min2048,abo:B073WQ8JLT,d0955da99ea8d6eed51a453922ec358c4cac4519d5d3114a9e8fe69690ec604b,,,0.9990293877060747,good,0.999955415725708,good,Metadata manifest only. Obtain and use the asset under its listed source license and attribution requirements.
abo_B0746GYJJD,Amazon Berkeley Objects,Amazon Berkeley Objects,B0746GYJJD,ABO object B0746GYJJD,Amazon.com,,https://registry.opendata.aws/amazon-berkeley-objects/,https://www.amazon.com/dp/B0746GYJJD,https://registry.opendata.aws/amazon-berkeley-objects/,s3://amazon-berkeley-objects/3dmodels/original/D/B0746GYJJD.glb,https://amazon-berkeley-objects.s3.amazonaws.com/3dmodels/original/D/B0746GYJJD.glb,CC Attribution,CC-BY-4.0,Creative Commons Attribution 4.0 International,https://creativecommons.org/licenses/by/4.0/,https://registry.opendata.aws/amazon-berkeley-objects/,true,"Amazon Berkeley Objects asset B0746GYJJD, © Amazon.com, licensed under Creative Commons Attribution 4.0 International.",,reference_good,source_anchor_not_human,abo_materials_textures_min2048,abo:B0746GYJJD,89c389530f2ba6975672035d502cb3d0632033960357bd1b4cb40bf39583529f,,,0.9987407272508012,good,0.9999700784683228,good,Metadata manifest only. Obtain and use the asset under its listed source license and attribution requirements.
abo_B0746KJVP2,Amazon Berkeley Objects,Amazon Berkeley Objects,B0746KJVP2,ABO object B0746KJVP2,Amazon.com,,https://registry.opendata.aws/amazon-berkeley-objects/,https://www.amazon.com/dp/B0746KJVP2,https://registry.opendata.aws/amazon-berkeley-objects/,s3://amazon-berkeley-objects/3dmodels/original/2/B0746KJVP2.glb,https://amazon-berkeley-objects.s3.amazonaws.com/3dmodels/original/2/B0746KJVP2.glb,CC Attribution,CC-BY-4.0,Creative Commons Attribution 4.0 International,https://creativecommons.org/licenses/by/4.0/,https://registry.opendata.aws/amazon-berkeley-objects/,true,"Amazon Berkeley Objects asset B0746KJVP2, © Amazon.com, licensed under Creative Commons Attribution 4.0 International.",,reference_good,source_anchor_not_human,abo_materials_textures_min2048,abo:B0746KJVP2,3208c52c22438aad5211e96b3ce1583c35214f721d067144850da75f73cfc5c7,,,0.9993254897195096,good,0.4834028780460357,good,Metadata manifest only. Obtain and use the asset under its listed source license and attribution requirements.
abo_B074KLFZRM,Amazon Berkeley Objects,Amazon Berkeley Objects,B074KLFZRM,ABO object B074KLFZRM,Amazon.com,,https://registry.opendata.aws/amazon-berkeley-objects/,https://www.amazon.com/dp/B074KLFZRM,https://registry.opendata.aws/amazon-berkeley-objects/,s3://amazon-berkeley-objects/3dmodels/original/M/B074KLFZRM.glb,https://amazon-berkeley-objects.s3.amazonaws.com/3dmodels/original/M/B074KLFZRM.glb,CC Attribution,CC-BY-4.0,Creative Commons Attribution 4.0 International,https://creativecommons.org/licenses/by/4.0/,https://registry.opendata.aws/amazon-berkeley-objects/,true,"Amazon Berkeley Objects asset B074KLFZRM, © Amazon.com, licensed under Creative Commons Attribution 4.0 International.",,reference_good,source_anchor_not_human,abo_materials_textures_min2048,abo:B074KLFZRM,0006760a279d7dadb2ae48e80cac743d1fc038c14723321023a7fd3b6e9bb7f1,,,0.9993513916915304,good,0.9999984502792358,good,Metadata manifest only. Obtain and use the asset under its listed source license and attribution requirements.
abo_B074KMZGTC,Amazon Berkeley Objects,Amazon Berkeley Objects,B074KMZGTC,ABO object B074KMZGTC,Amazon.com,,https://registry.opendata.aws/amazon-berkeley-objects/,https://www.amazon.com/dp/B074KMZGTC,https://registry.opendata.aws/amazon-berkeley-objects/,s3://amazon-berkeley-objects/3dmodels/original/C/B074KMZGTC.glb,https://amazon-berkeley-objects.s3.amazonaws.com/3dmodels/original/C/B074KMZGTC.glb,CC Attribution,CC-BY-4.0,Creative Commons Attribution 4.0 International,https://creativecommons.org/licenses/by/4.0/,https://registry.opendata.aws/amazon-berkeley-objects/,true,"Amazon Berkeley Objects asset B074KMZGTC, © Amazon.com, licensed under Creative Commons Attribution 4.0 International.",,reference_good,source_anchor_not_human,abo_materials_textures_min2048,abo:B074KMZGTC,9bc33153385b9f47f95fddd86666d44c6aba331a50854e354f27d9f287fecfd0,,,0.9993645850462686,good,0.9999999403953552,good,Metadata manifest only. Obtain and use the asset under its listed source license and attribution requirements.
abo_B074L4976T,Amazon Berkeley Objects,Amazon Berkeley Objects,B074L4976T,ABO object B074L4976T,Amazon.com,,https://registry.opendata.aws/amazon-berkeley-objects/,https://www.amazon.com/dp/B074L4976T,https://registry.opendata.aws/amazon-berkeley-objects/,s3://amazon-berkeley-objects/3dmodels/original/T/B074L4976T.glb,https://amazon-berkeley-objects.s3.amazonaws.com/3dmodels/original/T/B074L4976T.glb,CC Attribution,CC-BY-4.0,Creative Commons Attribution 4.0 International,https://creativecommons.org/licenses/by/4.0/,https://registry.opendata.aws/amazon-berkeley-objects/,true,"Amazon Berkeley Objects asset B074L4976T, © Amazon.com, licensed under Creative Commons Attribution 4.0 International.",,reference_good,source_anchor_not_human,abo_materials_textures_min2048,abo:B074L4976T,7991bfb71f02b3df0a4a3b6315f7eac2272fb436d09517de1461ddb02b4ef7df,,,0.9983535337501168,good,0.9991764426231384,good,Metadata manifest only. Obtain and use the asset under its listed source license and attribution requirements.
abo_B074VLQ3GX,Amazon Berkeley Objects,Amazon Berkeley Objects,B074VLQ3GX,ABO object B074VLQ3GX,Amazon.com,,https://registry.opendata.aws/amazon-berkeley-objects/,https://www.amazon.com/dp/B074VLQ3GX,https://registry.opendata.aws/amazon-berkeley-objects/,s3://amazon-berkeley-objects/3dmodels/original/X/B074VLQ3GX.glb,https://amazon-berkeley-objects.s3.amazonaws.com/3dmodels/original/X/B074VLQ3GX.glb,CC Attribution,CC-BY-4.0,Creative Commons Attribution 4.0 International,https://creativecommons.org/licenses/by/4.0/,https://registry.opendata.aws/amazon-berkeley-objects/,true,"Amazon Berkeley Objects asset B074VLQ3GX, © Amazon.com, licensed under Creative Commons Attribution 4.0 International.",,reference_good,source_anchor_not_human,abo_materials_textures_min2048,abo:B074VLQ3GX,28136d525a56577e8b34311c11da526f7148202a290b097fadc48623b30c997b,,,0.9985316597427863,good,0.5906975269317627,good,Metadata manifest only. Obtain and use the asset under its listed source license and attribution requirements.
abo_B075HR7KYQ,Amazon Berkeley Objects,Amazon Berkeley Objects,B075HR7KYQ,ABO object B075HR7KYQ,Amazon.com,,https://registry.opendata.aws/amazon-berkeley-objects/,https://www.amazon.com/dp/B075HR7KYQ,https://registry.opendata.aws/amazon-berkeley-objects/,s3://amazon-berkeley-objects/3dmodels/original/Q/B075HR7KYQ.glb,https://amazon-berkeley-objects.s3.amazonaws.com/3dmodels/original/Q/B075HR7KYQ.glb,CC Attribution,CC-BY-4.0,Creative Commons Attribution 4.0 International,https://creativecommons.org/licenses/by/4.0/,https://registry.opendata.aws/amazon-berkeley-objects/,true,"Amazon Berkeley Objects asset B075HR7KYQ, © Amazon.com, licensed under Creative Commons Attribution 4.0 International.",,reference_good,source_anchor_not_human,abo_materials_textures_min2048,abo:B075HR7KYQ,7ccece988f86fb74d50c732e18101e0b87fc162a1053dfe9ab05f026b7ea2542,,,0.9993218679037325,good,0.968514919281006,good,Metadata manifest only. Obtain and use the asset under its listed source license and attribution requirements.
abo_B075HR7LJG,Amazon Berkeley Objects,Amazon Berkeley Objects,B075HR7LJG,ABO object B075HR7LJG,Amazon.com,,https://registry.opendata.aws/amazon-berkeley-objects/,https://www.amazon.com/dp/B075HR7LJG,https://registry.opendata.aws/amazon-berkeley-objects/,s3://amazon-berkeley-objects/3dmodels/original/G/B075HR7LJG.glb,https://amazon-berkeley-objects.s3.amazonaws.com/3dmodels/original/G/B075HR7LJG.glb,CC Attribution,CC-BY-4.0,Creative Commons Attribution 4.0 International,https://creativecommons.org/licenses/by/4.0/,https://registry.opendata.aws/amazon-berkeley-objects/,true,"Amazon Berkeley Objects asset B075HR7LJG, © Amazon.com, licensed under Creative Commons Attribution 4.0 International.",,reference_good,source_anchor_not_human,abo_materials_textures_min2048,abo:B075HR7LJG,25c663178c1f32ee0a591ab4ef2e20a88a74ec3b36710e16ac1aee03351dabfe,,,0.9487173617126928,bad,0.9999920129776,good,Metadata manifest only. Obtain and use the asset under its listed source license and attribution requirements.
abo_B075HWDSC6,Amazon Berkeley Objects,Amazon Berkeley Objects,B075HWDSC6,ABO object B075HWDSC6,Amazon.com,,https://registry.opendata.aws/amazon-berkeley-objects/,https://www.amazon.com/dp/B075HWDSC6,https://registry.opendata.aws/amazon-berkeley-objects/,s3://amazon-berkeley-objects/3dmodels/original/6/B075HWDSC6.glb,https://amazon-berkeley-objects.s3.amazonaws.com/3dmodels/original/6/B075HWDSC6.glb,CC Attribution,CC-BY-4.0,Creative Commons Attribution 4.0 International,https://creativecommons.org/licenses/by/4.0/,https://registry.opendata.aws/amazon-berkeley-objects/,true,"Amazon Berkeley Objects asset B075HWDSC6, © Amazon.com, licensed under Creative Commons Attribution 4.0 International.",,reference_good,source_anchor_not_human,abo_materials_textures_min2048,abo:B075HWDSC6,11d66e792f987840920df4ffa04ac37d0ab9104bb6f742e7eb070c82b81be6cf,,,0.9993644361314926,good,0.999294638633728,good,Metadata manifest only. Obtain and use the asset under its listed source license and attribution requirements.
abo_B075HWDSDK,Amazon Berkeley Objects,Amazon Berkeley Objects,B075HWDSDK,ABO object B075HWDSDK,Amazon.com,,https://registry.opendata.aws/amazon-berkeley-objects/,https://www.amazon.com/dp/B075HWDSDK,https://registry.opendata.aws/amazon-berkeley-objects/,s3://amazon-berkeley-objects/3dmodels/original/K/B075HWDSDK.glb,https://amazon-berkeley-objects.s3.amazonaws.com/3dmodels/original/K/B075HWDSDK.glb,CC Attribution,CC-BY-4.0,Creative Commons Attribution 4.0 International,https://creativecommons.org/licenses/by/4.0/,https://registry.opendata.aws/amazon-berkeley-objects/,true,"Amazon Berkeley Objects asset B075HWDSDK, © Amazon.com, licensed under Creative Commons Attribution 4.0 International.",,reference_good,source_anchor_not_human,abo_materials_textures_min2048,abo:B075HWDSDK,07924568b941fa35897553617411bd2ee4357a907c705af5b35ac699f7cacb11,,,0.9993367731020156,good,0.9999984502792358,good,Metadata manifest only. Obtain and use the asset under its listed source license and attribution requirements.
abo_B075HWTX99,Amazon Berkeley Objects,Amazon Berkeley Objects,B075HWTX99,ABO object B075HWTX99,Amazon.com,,https://registry.opendata.aws/amazon-berkeley-objects/,https://www.amazon.com/dp/B075HWTX99,https://registry.opendata.aws/amazon-berkeley-objects/,s3://amazon-berkeley-objects/3dmodels/original/9/B075HWTX99.glb,https://amazon-berkeley-objects.s3.amazonaws.com/3dmodels/original/9/B075HWTX99.glb,CC Attribution,CC-BY-4.0,Creative Commons Attribution 4.0 International,https://creativecommons.org/licenses/by/4.0/,https://registry.opendata.aws/amazon-berkeley-objects/,true,"Amazon Berkeley Objects asset B075HWTX99, © Amazon.com, licensed under Creative Commons Attribution 4.0 International.",,reference_good,source_anchor_not_human,abo_materials_textures_min2048,abo:B075HWTX99,cba5d84a1b13b877e6f6b62e6a05a242c5d968fd233bd4cee8b4f99b35bbeea0,,,0.998854307514013,good,0.7476931810379028,good,Metadata manifest only. Obtain and use the asset under its listed source license and attribution requirements.
abo_B075HXLWRL,Amazon Berkeley Objects,Amazon Berkeley Objects,B075HXLWRL,ABO object B075HXLWRL,Amazon.com,,https://registry.opendata.aws/amazon-berkeley-objects/,https://www.amazon.com/dp/B075HXLWRL,https://registry.opendata.aws/amazon-berkeley-objects/,s3://amazon-berkeley-objects/3dmodels/original/L/B075HXLWRL.glb,https://amazon-berkeley-objects.s3.amazonaws.com/3dmodels/original/L/B075HXLWRL.glb,CC Attribution,CC-BY-4.0,Creative Commons Attribution 4.0 International,https://creativecommons.org/licenses/by/4.0/,https://registry.opendata.aws/amazon-berkeley-objects/,true,"Amazon Berkeley Objects asset B075HXLWRL, © Amazon.com, licensed under Creative Commons Attribution 4.0 International.",,reference_good,source_anchor_not_human,abo_materials_textures_min2048,abo:B075HXLWRL,a1e870b13cbad2600a1f8e13761346671333c33e83baf6142a899a0745f2e547,,,0.9992640403655092,good,0.0048290812410414,bad,Metadata manifest only. Obtain and use the asset under its listed source license and attribution requirements.
abo_B075HXMH4H,Amazon Berkeley Objects,Amazon Berkeley Objects,B075HXMH4H,ABO object B075HXMH4H,Amazon.com,,https://registry.opendata.aws/amazon-berkeley-objects/,https://www.amazon.com/dp/B075HXMH4H,https://registry.opendata.aws/amazon-berkeley-objects/,s3://amazon-berkeley-objects/3dmodels/original/H/B075HXMH4H.glb,https://amazon-berkeley-objects.s3.amazonaws.com/3dmodels/original/H/B075HXMH4H.glb,CC Attribution,CC-BY-4.0,Creative Commons Attribution 4.0 International,https://creativecommons.org/licenses/by/4.0/,https://registry.opendata.aws/amazon-berkeley-objects/,true,"Amazon Berkeley Objects asset B075HXMH4H, © Amazon.com, licensed under Creative Commons Attribution 4.0 International.",,reference_good,source_anchor_not_human,abo_materials_textures_min2048,abo:B075HXMH4H,ccc68ec83aced9c45df6407b8b9653f33d09f82b718bdaadbb26f69e7360ad2f,,,0.988735920197654,good,0.9999998807907104,good,Metadata manifest only. Obtain and use the asset under its listed source license and attribution requirements.
abo_B075QG3JVF,Amazon Berkeley Objects,Amazon Berkeley Objects,B075QG3JVF,ABO object B075QG3JVF,Amazon.com,,https://registry.opendata.aws/amazon-berkeley-objects/,https://www.amazon.com/dp/B075QG3JVF,https://registry.opendata.aws/amazon-berkeley-objects/,s3://amazon-berkeley-objects/3dmodels/original/F/B075QG3JVF.glb,https://amazon-berkeley-objects.s3.amazonaws.com/3dmodels/original/F/B075QG3JVF.glb,CC Attribution,CC-BY-4.0,Creative Commons Attribution 4.0 International,https://creativecommons.org/licenses/by/4.0/,https://registry.opendata.aws/amazon-berkeley-objects/,true,"Amazon Berkeley Objects asset B075QG3JVF, © Amazon.com, licensed under Creative Commons Attribution 4.0 International.",,reference_good,source_anchor_not_human,abo_materials_textures_min2048,abo:B075QG3JVF,8442bbebe17acdb0abecbda9a7cdd2f6a6c993bb00076d403c6301598b99083f,,,0.999343256147336,good,0.9751428961753844,good,Metadata manifest only. Obtain and use the asset under its listed source license and attribution requirements.
abo_B075QGK96V,Amazon Berkeley Objects,Amazon Berkeley Objects,B075QGK96V,ABO object B075QGK96V,Amazon.com,,https://registry.opendata.aws/amazon-berkeley-objects/,https://www.amazon.com/dp/B075QGK96V,https://registry.opendata.aws/amazon-berkeley-objects/,s3://amazon-berkeley-objects/3dmodels/original/V/B075QGK96V.glb,https://amazon-berkeley-objects.s3.amazonaws.com/3dmodels/original/V/B075QGK96V.glb,CC Attribution,CC-BY-4.0,Creative Commons Attribution 4.0 International,https://creativecommons.org/licenses/by/4.0/,https://registry.opendata.aws/amazon-berkeley-objects/,true,"Amazon Berkeley Objects asset B075QGK96V, © Amazon.com, licensed under Creative Commons Attribution 4.0 International.",,reference_good,source_anchor_not_human,abo_materials_textures_min2048,abo:B075QGK96V,d0f65a6663383fc0ea4e5dc12c1773104421f808bc41f931c47cf2949a0210bc,,,0.9990956147835218,good,0.9991387128829956,good,Metadata manifest only. Obtain and use the asset under its listed source license and attribution requirements.
abo_B075QMGMWX,Amazon Berkeley Objects,Amazon Berkeley Objects,B075QMGMWX,ABO object B075QMGMWX,Amazon.com,,https://registry.opendata.aws/amazon-berkeley-objects/,https://www.amazon.com/dp/B075QMGMWX,https://registry.opendata.aws/amazon-berkeley-objects/,s3://amazon-berkeley-objects/3dmodels/original/X/B075QMGMWX.glb,https://amazon-berkeley-objects.s3.amazonaws.com/3dmodels/original/X/B075QMGMWX.glb,CC Attribution,CC-BY-4.0,Creative Commons Attribution 4.0 International,https://creativecommons.org/licenses/by/4.0/,https://registry.opendata.aws/amazon-berkeley-objects/,true,"Amazon Berkeley Objects asset B075QMGMWX, © Amazon.com, licensed under Creative Commons Attribution 4.0 International.",,reference_good,source_anchor_not_human,abo_materials_textures_min2048,abo:B075QMGMWX,738d02058b04eff831b4d8d3f2785db56af0b00ffef51171a9c1038d3dc72b55,,,0.9991971533453026,good,0.8589375615119934,good,Metadata manifest only. Obtain and use the asset under its listed source license and attribution requirements.
abo_B075V2GSZ2,Amazon Berkeley Objects,Amazon Berkeley Objects,B075V2GSZ2,ABO object B075V2GSZ2,Amazon.com,,https://registry.opendata.aws/amazon-berkeley-objects/,https://www.amazon.com/dp/B075V2GSZ2,https://registry.opendata.aws/amazon-berkeley-objects/,s3://amazon-berkeley-objects/3dmodels/original/2/B075V2GSZ2.glb,https://amazon-berkeley-objects.s3.amazonaws.com/3dmodels/original/2/B075V2GSZ2.glb,CC Attribution,CC-BY-4.0,Creative Commons Attribution 4.0 International,https://creativecommons.org/licenses/by/4.0/,https://registry.opendata.aws/amazon-berkeley-objects/,true,"Amazon Berkeley Objects asset B075V2GSZ2, © Amazon.com, licensed under Creative Commons Attribution 4.0 International.",,reference_good,source_anchor_not_human,abo_materials_textures_min2048,abo:B075V2GSZ2,3b4888bd953f5ba2ca7c2a4f3118141a6e4f146a3983ee85874140fa39801786,,,0.0113158060132145,bad,0.924684762954712,good,Metadata manifest only. Obtain and use the asset under its listed source license and attribution requirements.
abo_B075X2G512,Amazon Berkeley Objects,Amazon Berkeley Objects,B075X2G512,ABO object B075X2G512,Amazon.com,,https://registry.opendata.aws/amazon-berkeley-objects/,https://www.amazon.com/dp/B075X2G512,https://registry.opendata.aws/amazon-berkeley-objects/,s3://amazon-berkeley-objects/3dmodels/original/2/B075X2G512.glb,https://amazon-berkeley-objects.s3.amazonaws.com/3dmodels/original/2/B075X2G512.glb,CC Attribution,CC-BY-4.0,Creative Commons Attribution 4.0 International,https://creativecommons.org/licenses/by/4.0/,https://registry.opendata.aws/amazon-berkeley-objects/,true,"Amazon Berkeley Objects asset B075X2G512, © Amazon.com, licensed under Creative Commons Attribution 4.0 International.",,reference_good,source_anchor_not_human,abo_materials_textures_min2048,abo:B075X2G512,4d534e888553278a13fc091d7dd5f0a380d9d1541e25a3074846947a2b5e2a68,,,0.9992931281702492,good,0.9998958706855774,good,Metadata manifest only. Obtain and use the asset under its listed source license and attribution requirements.
abo_B075X2WNWG,Amazon Berkeley Objects,Amazon Berkeley Objects,B075X2WNWG,ABO object B075X2WNWG,Amazon.com,,https://registry.opendata.aws/amazon-berkeley-objects/,https://www.amazon.com/dp/B075X2WNWG,https://registry.opendata.aws/amazon-berkeley-objects/,s3://amazon-berkeley-objects/3dmodels/original/G/B075X2WNWG.glb,https://amazon-berkeley-objects.s3.amazonaws.com/3dmodels/original/G/B075X2WNWG.glb,CC Attribution,CC-BY-4.0,Creative Commons Attribution 4.0 International,https://creativecommons.org/licenses/by/4.0/,https://registry.opendata.aws/amazon-berkeley-objects/,true,"Amazon Berkeley Objects asset B075X2WNWG, © Amazon.com, licensed under Creative Commons Attribution 4.0 International.",,reference_good,source_anchor_not_human,abo_materials_textures_min2048,abo:B075X2WNWG,b5c32567c74c4c3233c4f332d1879f200297c9629242d355b763e619baf6ca5a,,,0.9993640448518,good,0.9997681975364684,good,Metadata manifest only. Obtain and use the asset under its listed source license and attribution requirements.
abo_B075X2X4MB,Amazon Berkeley Objects,Amazon Berkeley Objects,B075X2X4MB,ABO object B075X2X4MB,Amazon.com,,https://registry.opendata.aws/amazon-berkeley-objects/,https://www.amazon.com/dp/B075X2X4MB,https://registry.opendata.aws/amazon-berkeley-objects/,s3://amazon-berkeley-objects/3dmodels/original/B/B075X2X4MB.glb,https://amazon-berkeley-objects.s3.amazonaws.com/3dmodels/original/B/B075X2X4MB.glb,CC Attribution,CC-BY-4.0,Creative Commons Attribution 4.0 International,https://creativecommons.org/licenses/by/4.0/,https://registry.opendata.aws/amazon-berkeley-objects/,true,"Amazon Berkeley Objects asset B075X2X4MB, © Amazon.com, licensed under Creative Commons Attribution 4.0 International.",,reference_good,source_anchor_not_human,abo_materials_textures_min2048,abo:B075X2X4MB,8d097926c27d201bc81ae24dbc9d8f923db7a8a3deed74f97cd9e84f5afbe29b,,,0.9992407414104564,good,0.9964138865470886,good,Metadata manifest only. Obtain and use the asset under its listed source license and attribution requirements.
abo_B075X2X4RY,Amazon Berkeley Objects,Amazon Berkeley Objects,B075X2X4RY,ABO object B075X2X4RY,Amazon.com,,https://registry.opendata.aws/amazon-berkeley-objects/,https://www.amazon.com/dp/B075X2X4RY,https://registry.opendata.aws/amazon-berkeley-objects/,s3://amazon-berkeley-objects/3dmodels/original/Y/B075X2X4RY.glb,https://amazon-berkeley-objects.s3.amazonaws.com/3dmodels/original/Y/B075X2X4RY.glb,CC Attribution,CC-BY-4.0,Creative Commons Attribution 4.0 International,https://creativecommons.org/licenses/by/4.0/,https://registry.opendata.aws/amazon-berkeley-objects/,true,"Amazon Berkeley Objects asset B075X2X4RY, © Amazon.com, licensed under Creative Commons Attribution 4.0 International.",,reference_good,source_anchor_not_human,abo_materials_textures_min2048,abo:B075X2X4RY,85b114359598b25409dd979533e9161876bb6f9e8e06a9d9d00627ac766a7f6a,,,0.9993548358330928,good,0.9999144673347472,good,Metadata manifest only. Obtain and use the asset under its listed source license and attribution requirements.
abo_B075X2XZ8X,Amazon Berkeley Objects,Amazon Berkeley Objects,B075X2XZ8X,ABO object B075X2XZ8X,Amazon.com,,https://registry.opendata.aws/amazon-berkeley-objects/,https://www.amazon.com/dp/B075X2XZ8X,https://registry.opendata.aws/amazon-berkeley-objects/,s3://amazon-berkeley-objects/3dmodels/original/X/B075X2XZ8X.glb,https://amazon-berkeley-objects.s3.amazonaws.com/3dmodels/original/X/B075X2XZ8X.glb,CC Attribution,CC-BY-4.0,Creative Commons Attribution 4.0 International,https://creativecommons.org/licenses/by/4.0/,https://registry.opendata.aws/amazon-berkeley-objects/,true,"Amazon Berkeley Objects asset B075X2XZ8X, © Amazon.com, licensed under Creative Commons Attribution 4.0 International.",,reference_good,source_anchor_not_human,abo_materials_textures_min2048,abo:B075X2XZ8X,98e6850ea884a9aef43e2c4bee5c89a88bef31dae72b73d3c356c8a962969da7,,,0.9993625422090412,good,0.999796748161316,good,Metadata manifest only. Obtain and use the asset under its listed source license and attribution requirements.
abo_B075X2YJGK,Amazon Berkeley Objects,Amazon Berkeley Objects,B075X2YJGK,ABO object B075X2YJGK,Amazon.com,,https://registry.opendata.aws/amazon-berkeley-objects/,https://www.amazon.com/dp/B075X2YJGK,https://registry.opendata.aws/amazon-berkeley-objects/,s3://amazon-berkeley-objects/3dmodels/original/K/B075X2YJGK.glb,https://amazon-berkeley-objects.s3.amazonaws.com/3dmodels/original/K/B075X2YJGK.glb,CC Attribution,CC-BY-4.0,Creative Commons Attribution 4.0 International,https://creativecommons.org/licenses/by/4.0/,https://registry.opendata.aws/amazon-berkeley-objects/,true,"Amazon Berkeley Objects asset B075X2YJGK, © Amazon.com, licensed under Creative Commons Attribution 4.0 International.",,reference_good,source_anchor_not_human,abo_materials_textures_min2048,abo:B075X2YJGK,6f89eac984617d04865a99e3e5f1e01354f11de73c79791de0d6202cec446396,,,0.99936463760804,good,0.9999976754188538,good,Metadata manifest only. Obtain and use the asset under its listed source license and attribution requirements.
abo_B075X33SSW,Amazon Berkeley Objects,Amazon Berkeley Objects,B075X33SSW,ABO object B075X33SSW,Amazon.com,,https://registry.opendata.aws/amazon-berkeley-objects/,https://www.amazon.com/dp/B075X33SSW,https://registry.opendata.aws/amazon-berkeley-objects/,s3://amazon-berkeley-objects/3dmodels/original/W/B075X33SSW.glb,https://amazon-berkeley-objects.s3.amazonaws.com/3dmodels/original/W/B075X33SSW.glb,CC Attribution,CC-BY-4.0,Creative Commons Attribution 4.0 International,https://creativecommons.org/licenses/by/4.0/,https://registry.opendata.aws/amazon-berkeley-objects/,true,"Amazon Berkeley Objects asset B075X33SSW, © Amazon.com, licensed under Creative Commons Attribution 4.0 International.",,reference_good,source_anchor_not_human,abo_materials_textures_min2048,abo:B075X33SSW,abccdf317350c248d9bf209762f5b2c3a37f5d29dd7fd6b426e9ef6a9e208f0a,,,0.999315592169146,good,0.9981687664985656,good,Metadata manifest only. Obtain and use the asset under its listed source license and attribution requirements.
abo_B075X3SJ4V,Amazon Berkeley Objects,Amazon Berkeley Objects,B075X3SJ4V,ABO object B075X3SJ4V,Amazon.com,,https://registry.opendata.aws/amazon-berkeley-objects/,https://www.amazon.com/dp/B075X3SJ4V,https://registry.opendata.aws/amazon-berkeley-objects/,s3://amazon-berkeley-objects/3dmodels/original/V/B075X3SJ4V.glb,https://amazon-berkeley-objects.s3.amazonaws.com/3dmodels/original/V/B075X3SJ4V.glb,CC Attribution,CC-BY-4.0,Creative Commons Attribution 4.0 International,https://creativecommons.org/licenses/by/4.0/,https://registry.opendata.aws/amazon-berkeley-objects/,true,"Amazon Berkeley Objects asset B075X3SJ4V, © Amazon.com, licensed under Creative Commons Attribution 4.0 International.",,reference_good,source_anchor_not_human,abo_materials_textures_min2048,abo:B075X3SJ4V,b3cdc2aa751e606bbfbdfc7b3821cc1acb4dc8ba5852b28fba3b5ec97ce4c45d,,,0.9993011368137056,good,0.2689157128334045,bad,Metadata manifest only. Obtain and use the asset under its listed source license and attribution requirements.
abo_B075X43FMG,Amazon Berkeley Objects,Amazon Berkeley Objects,B075X43FMG,ABO object B075X43FMG,Amazon.com,,https://registry.opendata.aws/amazon-berkeley-objects/,https://www.amazon.com/dp/B075X43FMG,https://registry.opendata.aws/amazon-berkeley-objects/,s3://amazon-berkeley-objects/3dmodels/original/G/B075X43FMG.glb,https://amazon-berkeley-objects.s3.amazonaws.com/3dmodels/original/G/B075X43FMG.glb,CC Attribution,CC-BY-4.0,Creative Commons Attribution 4.0 International,https://creativecommons.org/licenses/by/4.0/,https://registry.opendata.aws/amazon-berkeley-objects/,true,"Amazon Berkeley Objects asset B075X43FMG, © Amazon.com, licensed under Creative Commons Attribution 4.0 International.",,reference_good,source_anchor_not_human,abo_materials_textures_min2048,abo:B075X43FMG,15432d701698d0336853021c760189ebb764143b3cbb15f7f171c302bce19e4d,,,0.9992044034296572,good,0.9946303367614746,good,Metadata manifest only. Obtain and use the asset under its listed source license and attribution requirements.
abo_B075X467NG,Amazon Berkeley Objects,Amazon Berkeley Objects,B075X467NG,ABO object B075X467NG,Amazon.com,,https://registry.opendata.aws/amazon-berkeley-objects/,https://www.amazon.com/dp/B075X467NG,https://registry.opendata.aws/amazon-berkeley-objects/,s3://amazon-berkeley-objects/3dmodels/original/G/B075X467NG.glb,https://amazon-berkeley-objects.s3.amazonaws.com/3dmodels/original/G/B075X467NG.glb,CC Attribution,CC-BY-4.0,Creative Commons Attribution 4.0 International,https://creativecommons.org/licenses/by/4.0/,https://registry.opendata.aws/amazon-berkeley-objects/,true,"Amazon Berkeley Objects asset B075X467NG, © Amazon.com, licensed under Creative Commons Attribution 4.0 International.",,reference_good,source_anchor_not_human,abo_materials_textures_min2048,abo:B075X467NG,51405650cfee71442f45990fe98360caaea99d3bd6c17593d74d1788ce78df8d,,,0.9470060398561696,bad,0.9952906966209412,good,Metadata manifest only. Obtain and use the asset under its listed source license and attribution requirements.
abo_B075X4F3R5,Amazon Berkeley Objects,Amazon Berkeley Objects,B075X4F3R5,ABO object B075X4F3R5,Amazon.com,,https://registry.opendata.aws/amazon-berkeley-objects/,https://www.amazon.com/dp/B075X4F3R5,https://registry.opendata.aws/amazon-berkeley-objects/,s3://amazon-berkeley-objects/3dmodels/original/5/B075X4F3R5.glb,https://amazon-berkeley-objects.s3.amazonaws.com/3dmodels/original/5/B075X4F3R5.glb,CC Attribution,CC-BY-4.0,Creative Commons Attribution 4.0 International,https://creativecommons.org/licenses/by/4.0/,https://registry.opendata.aws/amazon-berkeley-objects/,true,"Amazon Berkeley Objects asset B075X4F3R5, © Amazon.com, licensed under Creative Commons Attribution 4.0 International.",,reference_good,source_anchor_not_human,abo_materials_textures_min2048,abo:B075X4F3R5,ee6b709a36a64d60d042dddc159c9288324bda3db8e9c29fe946255ef24a2b69,,,0.9987900667812092,good,0.999731421470642,good,Metadata manifest only. Obtain and use the asset under its listed source license and attribution requirements.
abo_B075X4F578,Amazon Berkeley Objects,Amazon Berkeley Objects,B075X4F578,ABO object B075X4F578,Amazon.com,,https://registry.opendata.aws/amazon-berkeley-objects/,https://www.amazon.com/dp/B075X4F578,https://registry.opendata.aws/amazon-berkeley-objects/,s3://amazon-berkeley-objects/3dmodels/original/8/B075X4F578.glb,https://amazon-berkeley-objects.s3.amazonaws.com/3dmodels/original/8/B075X4F578.glb,CC Attribution,CC-BY-4.0,Creative Commons Attribution 4.0 International,https://creativecommons.org/licenses/by/4.0/,https://registry.opendata.aws/amazon-berkeley-objects/,true,"Amazon Berkeley Objects asset B075X4F578, © Amazon.com, licensed under Creative Commons Attribution 4.0 International.",,reference_good,source_anchor_not_human,abo_materials_textures_min2048,abo:B075X4F578,321e7f4ab30aedaa7a3e3929fae07cfe70cf62b97b1accfbe1609fb3a9ab0a3a,,,0.999125967426392,good,0.99983412027359,good,Metadata manifest only. Obtain and use the asset under its listed source license and attribution requirements.
abo_B075X4F5CH,Amazon Berkeley Objects,Amazon Berkeley Objects,B075X4F5CH,ABO object B075X4F5CH,Amazon.com,,https://registry.opendata.aws/amazon-berkeley-objects/,https://www.amazon.com/dp/B075X4F5CH,https://registry.opendata.aws/amazon-berkeley-objects/,s3://amazon-berkeley-objects/3dmodels/original/H/B075X4F5CH.glb,https://amazon-berkeley-objects.s3.amazonaws.com/3dmodels/original/H/B075X4F5CH.glb,CC Attribution,CC-BY-4.0,Creative Commons Attribution 4.0 International,https://creativecommons.org/licenses/by/4.0/,https://registry.opendata.aws/amazon-berkeley-objects/,true,"Amazon Berkeley Objects asset B075X4F5CH, © Amazon.com, licensed under Creative Commons Attribution 4.0 International.",,reference_good,source_anchor_not_human,abo_materials_textures_min2048,abo:B075X4F5CH,22e723bf13ec3eb05db57acdb4b625c8c571bde980c4d3522869a66194a4650d,,,0.9992276539542888,good,0.9677092432975768,good,Metadata manifest only. Obtain and use the asset under its listed source license and attribution requirements.
abo_B075X4F5NM,Amazon Berkeley Objects,Amazon Berkeley Objects,B075X4F5NM,ABO object B075X4F5NM,Amazon.com,,https://registry.opendata.aws/amazon-berkeley-objects/,https://www.amazon.com/dp/B075X4F5NM,https://registry.opendata.aws/amazon-berkeley-objects/,s3://amazon-berkeley-objects/3dmodels/original/M/B075X4F5NM.glb,https://amazon-berkeley-objects.s3.amazonaws.com/3dmodels/original/M/B075X4F5NM.glb,CC Attribution,CC-BY-4.0,Creative Commons Attribution 4.0 International,https://creativecommons.org/licenses/by/4.0/,https://registry.opendata.aws/amazon-berkeley-objects/,true,"Amazon Berkeley Objects asset B075X4F5NM, © Amazon.com, licensed under Creative Commons Attribution 4.0 International.",,reference_good,source_anchor_not_human,abo_materials_textures_min2048,abo:B075X4F5NM,f0ca0307761d814d061d6e5093cf56121715ca1a7c3228e04b702d47fcf5eff2,,,0.9978971149249328,good,0.9374898672103882,good,Metadata manifest only. Obtain and use the asset under its listed source license and attribution requirements.
abo_B075X4HZS7,Amazon Berkeley Objects,Amazon Berkeley Objects,B075X4HZS7,ABO object B075X4HZS7,Amazon.com,,https://registry.opendata.aws/amazon-berkeley-objects/,https://www.amazon.com/dp/B075X4HZS7,https://registry.opendata.aws/amazon-berkeley-objects/,s3://amazon-berkeley-objects/3dmodels/original/7/B075X4HZS7.glb,https://amazon-berkeley-objects.s3.amazonaws.com/3dmodels/original/7/B075X4HZS7.glb,CC Attribution,CC-BY-4.0,Creative Commons Attribution 4.0 International,https://creativecommons.org/licenses/by/4.0/,https://registry.opendata.aws/amazon-berkeley-objects/,true,"Amazon Berkeley Objects asset B075X4HZS7, © Amazon.com, licensed under Creative Commons Attribution 4.0 International.",,reference_good,source_anchor_not_human,abo_materials_textures_min2048,abo:B075X4HZS7,1812c45bf4c8af37008131d04953eba7b40116e06a2d0cb23df168acf0fd266a,,,0.999363082111888,good,0.991203248500824,good,Metadata manifest only. Obtain and use the asset under its listed source license and attribution requirements.
abo_B075X4HZV6,Amazon Berkeley Objects,Amazon Berkeley Objects,B075X4HZV6,ABO object B075X4HZV6,Amazon.com,,https://registry.opendata.aws/amazon-berkeley-objects/,https://www.amazon.com/dp/B075X4HZV6,https://registry.opendata.aws/amazon-berkeley-objects/,s3://amazon-berkeley-objects/3dmodels/original/6/B075X4HZV6.glb,https://amazon-berkeley-objects.s3.amazonaws.com/3dmodels/original/6/B075X4HZV6.glb,CC Attribution,CC-BY-4.0,Creative Commons Attribution 4.0 International,https://creativecommons.org/licenses/by/4.0/,https://registry.opendata.aws/amazon-berkeley-objects/,true,"Amazon Berkeley Objects asset B075X4HZV6, © Amazon.com, licensed under Creative Commons Attribution 4.0 International.",,reference_good,source_anchor_not_human,abo_materials_textures_min2048,abo:B075X4HZV6,c74223fb238dba2d8b82aee6cf4351ef2b51830f3b60657249d67d0961b75640,,,0.9993344888716352,good,0.9780564308166504,good,Metadata manifest only. Obtain and use the asset under its listed source license and attribution requirements.
abo_B075X4N3FM,Amazon Berkeley Objects,Amazon Berkeley Objects,B075X4N3FM,ABO object B075X4N3FM,Amazon.com,,https://registry.opendata.aws/amazon-berkeley-objects/,https://www.amazon.com/dp/B075X4N3FM,https://registry.opendata.aws/amazon-berkeley-objects/,s3://amazon-berkeley-objects/3dmodels/original/M/B075X4N3FM.glb,https://amazon-berkeley-objects.s3.amazonaws.com/3dmodels/original/M/B075X4N3FM.glb,CC Attribution,CC-BY-4.0,Creative Commons Attribution 4.0 International,https://creativecommons.org/licenses/by/4.0/,https://registry.opendata.aws/amazon-berkeley-objects/,true,"Amazon Berkeley Objects asset B075X4N3FM, © Amazon.com, licensed under Creative Commons Attribution 4.0 International.",,reference_good,source_anchor_not_human,abo_materials_textures_min2048,abo:B075X4N3FM,552dc69734b8a7e8de4994ced591255053046c4cd21bbc2daffc43d3ab6c0661,,,0.998776468283272,good,0.999957263469696,good,Metadata manifest only. Obtain and use the asset under its listed source license and attribution requirements.
abo_B075X4PRPS,Amazon Berkeley Objects,Amazon Berkeley Objects,B075X4PRPS,ABO object B075X4PRPS,Amazon.com,,https://registry.opendata.aws/amazon-berkeley-objects/,https://www.amazon.com/dp/B075X4PRPS,https://registry.opendata.aws/amazon-berkeley-objects/,s3://amazon-berkeley-objects/3dmodels/original/S/B075X4PRPS.glb,https://amazon-berkeley-objects.s3.amazonaws.com/3dmodels/original/S/B075X4PRPS.glb,CC Attribution,CC-BY-4.0,Creative Commons Attribution 4.0 International,https://creativecommons.org/licenses/by/4.0/,https://registry.opendata.aws/amazon-berkeley-objects/,true,"Amazon Berkeley Objects asset B075X4PRPS, © Amazon.com, licensed under Creative Commons Attribution 4.0 International.",,reference_good,source_anchor_not_human,abo_materials_textures_min2048,abo:B075X4PRPS,d00766e6593ce8ac2a56a552edc12341866b48b9699e41283b3fbab6d1f813e5,,,0.998252745726743,good,0.9999523162841796,good,Metadata manifest only. Obtain and use the asset under its listed source license and attribution requirements.
abo_B075X4PRZ9,Amazon Berkeley Objects,Amazon Berkeley Objects,B075X4PRZ9,ABO object B075X4PRZ9,Amazon.com,,https://registry.opendata.aws/amazon-berkeley-objects/,https://www.amazon.com/dp/B075X4PRZ9,https://registry.opendata.aws/amazon-berkeley-objects/,s3://amazon-berkeley-objects/3dmodels/original/9/B075X4PRZ9.glb,https://amazon-berkeley-objects.s3.amazonaws.com/3dmodels/original/9/B075X4PRZ9.glb,CC Attribution,CC-BY-4.0,Creative Commons Attribution 4.0 International,https://creativecommons.org/licenses/by/4.0/,https://registry.opendata.aws/amazon-berkeley-objects/,true,"Amazon Berkeley Objects asset B075X4PRZ9, © Amazon.com, licensed under Creative Commons Attribution 4.0 International.",,reference_good,source_anchor_not_human,abo_materials_textures_min2048,abo:B075X4PRZ9,751c2318f2403ba4a278a8a0ba402002088bc97224fb1594523cdb49dc0e9d73,,,0.9993538459834502,good,0.9898003339767456,good,Metadata manifest only. Obtain and use the asset under its listed source license and attribution requirements.
abo_B075X4PT57,Amazon Berkeley Objects,Amazon Berkeley Objects,B075X4PT57,ABO object B075X4PT57,Amazon.com,,https://registry.opendata.aws/amazon-berkeley-objects/,https://www.amazon.com/dp/B075X4PT57,https://registry.opendata.aws/amazon-berkeley-objects/,s3://amazon-berkeley-objects/3dmodels/original/7/B075X4PT57.glb,https://amazon-berkeley-objects.s3.amazonaws.com/3dmodels/original/7/B075X4PT57.glb,CC Attribution,CC-BY-4.0,Creative Commons Attribution 4.0 International,https://creativecommons.org/licenses/by/4.0/,https://registry.opendata.aws/amazon-berkeley-objects/,true,"Amazon Berkeley Objects asset B075X4PT57, © Amazon.com, licensed under Creative Commons Attribution 4.0 International.",,reference_good,source_anchor_not_human,abo_materials_textures_min2048,abo:B075X4PT57,5ed596d2e813a215d4ad1cbbc933a817025ca1acb85bc6b9aae76d65ea1d64d3,,,0.9993612559001456,good,0.8834509253501892,good,Metadata manifest only. Obtain and use the asset under its listed source license and attribution requirements.
abo_B075X4PTG6,Amazon Berkeley Objects,Amazon Berkeley Objects,B075X4PTG6,ABO object B075X4PTG6,Amazon.com,,https://registry.opendata.aws/amazon-berkeley-objects/,https://www.amazon.com/dp/B075X4PTG6,https://registry.opendata.aws/amazon-berkeley-objects/,s3://amazon-berkeley-objects/3dmodels/original/6/B075X4PTG6.glb,https://amazon-berkeley-objects.s3.amazonaws.com/3dmodels/original/6/B075X4PTG6.glb,CC Attribution,CC-BY-4.0,Creative Commons Attribution 4.0 International,https://creativecommons.org/licenses/by/4.0/,https://registry.opendata.aws/amazon-berkeley-objects/,true,"Amazon Berkeley Objects asset B075X4PTG6, © Amazon.com, licensed under Creative Commons Attribution 4.0 International.",,reference_good,source_anchor_not_human,abo_materials_textures_min2048,abo:B075X4PTG6,8fd0342eaa57101af1f31d70bf4a47d71774e69efc0456c6d4cea202069ed906,,,0.9993271174462722,good,0.771174430847168,good,Metadata manifest only. Obtain and use the asset under its listed source license and attribution requirements.
abo_B075X4T5RT,Amazon Berkeley Objects,Amazon Berkeley Objects,B075X4T5RT,ABO object B075X4T5RT,Amazon.com,,https://registry.opendata.aws/amazon-berkeley-objects/,https://www.amazon.com/dp/B075X4T5RT,https://registry.opendata.aws/amazon-berkeley-objects/,s3://amazon-berkeley-objects/3dmodels/original/T/B075X4T5RT.glb,https://amazon-berkeley-objects.s3.amazonaws.com/3dmodels/original/T/B075X4T5RT.glb,CC Attribution,CC-BY-4.0,Creative Commons Attribution 4.0 International,https://creativecommons.org/licenses/by/4.0/,https://registry.opendata.aws/amazon-berkeley-objects/,true,"Amazon Berkeley Objects asset B075X4T5RT, © Amazon.com, licensed under Creative Commons Attribution 4.0 International.",,reference_good,source_anchor_not_human,abo_materials_textures_min2048,abo:B075X4T5RT,900cc00e6092f1c18e19e6f902284362ef5ce5801d3d0e44232add5c2f1d8ec5,,,0.99912055072873,good,0.940201222896576,good,Metadata manifest only. Obtain and use the asset under its listed source license and attribution requirements.
abo_B075X4VM8W,Amazon Berkeley Objects,Amazon Berkeley Objects,B075X4VM8W,ABO object B075X4VM8W,Amazon.com,,https://registry.opendata.aws/amazon-berkeley-objects/,https://www.amazon.com/dp/B075X4VM8W,https://registry.opendata.aws/amazon-berkeley-objects/,s3://amazon-berkeley-objects/3dmodels/original/W/B075X4VM8W.glb,https://amazon-berkeley-objects.s3.amazonaws.com/3dmodels/original/W/B075X4VM8W.glb,CC Attribution,CC-BY-4.0,Creative Commons Attribution 4.0 International,https://creativecommons.org/licenses/by/4.0/,https://registry.opendata.aws/amazon-berkeley-objects/,true,"Amazon Berkeley Objects asset B075X4VM8W, © Amazon.com, licensed under Creative Commons Attribution 4.0 International.",,reference_good,source_anchor_not_human,abo_materials_textures_min2048,abo:B075X4VM8W,c75ffbdfe5814579dd8e81ab40c847dbf47d660e50554135fc01d595d1265855,,,0.998971356853187,good,0.9991019368171692,good,Metadata manifest only. Obtain and use the asset under its listed source license and attribution requirements.
abo_B075X4VR52,Amazon Berkeley Objects,Amazon Berkeley Objects,B075X4VR52,ABO object B075X4VR52,Amazon.com,,https://registry.opendata.aws/amazon-berkeley-objects/,https://www.amazon.com/dp/B075X4VR52,https://registry.opendata.aws/amazon-berkeley-objects/,s3://amazon-berkeley-objects/3dmodels/original/2/B075X4VR52.glb,https://amazon-berkeley-objects.s3.amazonaws.com/3dmodels/original/2/B075X4VR52.glb,CC Attribution,CC-BY-4.0,Creative Commons Attribution 4.0 International,https://creativecommons.org/licenses/by/4.0/,https://registry.opendata.aws/amazon-berkeley-objects/,true,"Amazon Berkeley Objects asset B075X4VR52, © Amazon.com, licensed under Creative Commons Attribution 4.0 International.",,reference_good,source_anchor_not_human,abo_materials_textures_min2048,abo:B075X4VR52,ccc1bb01ab4f6be5de5986bb5a93d6c7a01aade8328a4aa9697c1f01cf4de067,,,0.9993645152060052,good,0.9987419247627258,good,Metadata manifest only. Obtain and use the asset under its listed source license and attribution requirements.
abo_B075X543QN,Amazon Berkeley Objects,Amazon Berkeley Objects,B075X543QN,ABO object B075X543QN,Amazon.com,,https://registry.opendata.aws/amazon-berkeley-objects/,https://www.amazon.com/dp/B075X543QN,https://registry.opendata.aws/amazon-berkeley-objects/,s3://amazon-berkeley-objects/3dmodels/original/N/B075X543QN.glb,https://amazon-berkeley-objects.s3.amazonaws.com/3dmodels/original/N/B075X543QN.glb,CC Attribution,CC-BY-4.0,Creative Commons Attribution 4.0 International,https://creativecommons.org/licenses/by/4.0/,https://registry.opendata.aws/amazon-berkeley-objects/,true,"Amazon Berkeley Objects asset B075X543QN, © Amazon.com, licensed under Creative Commons Attribution 4.0 International.",,reference_good,source_anchor_not_human,abo_materials_textures_min2048,abo:B075X543QN,b030effa672e060902e02a83f9e74ee401e62509bf4e2dc792da8cba1330e549,,,0.9993592179157144,good,0.994901955127716,good,Metadata manifest only. Obtain and use the asset under its listed source license and attribution requirements.
abo_B075X61W96,Amazon Berkeley Objects,Amazon Berkeley Objects,B075X61W96,ABO object B075X61W96,Amazon.com,,https://registry.opendata.aws/amazon-berkeley-objects/,https://www.amazon.com/dp/B075X61W96,https://registry.opendata.aws/amazon-berkeley-objects/,s3://amazon-berkeley-objects/3dmodels/original/6/B075X61W96.glb,https://amazon-berkeley-objects.s3.amazonaws.com/3dmodels/original/6/B075X61W96.glb,CC Attribution,CC-BY-4.0,Creative Commons Attribution 4.0 International,https://creativecommons.org/licenses/by/4.0/,https://registry.opendata.aws/amazon-berkeley-objects/,true,"Amazon Berkeley Objects asset B075X61W96, © Amazon.com, licensed under Creative Commons Attribution 4.0 International.",,reference_good,source_anchor_not_human,abo_materials_textures_min2048,abo:B075X61W96,c912c2d563cd6dfff323ad783f5d6218812baa18d17cd7669cd649b42f169ae4,,,0.9933432800607934,good,0.98908668756485,good,Metadata manifest only. Obtain and use the asset under its listed source license and attribution requirements.
abo_B075YL2RQN,Amazon Berkeley Objects,Amazon Berkeley Objects,B075YL2RQN,ABO object B075YL2RQN,Amazon.com,,https://registry.opendata.aws/amazon-berkeley-objects/,https://www.amazon.com/dp/B075YL2RQN,https://registry.opendata.aws/amazon-berkeley-objects/,s3://amazon-berkeley-objects/3dmodels/original/N/B075YL2RQN.glb,https://amazon-berkeley-objects.s3.amazonaws.com/3dmodels/original/N/B075YL2RQN.glb,CC Attribution,CC-BY-4.0,Creative Commons Attribution 4.0 International,https://creativecommons.org/licenses/by/4.0/,https://registry.opendata.aws/amazon-berkeley-objects/,true,"Amazon Berkeley Objects asset B075YL2RQN, © Amazon.com, licensed under Creative Commons Attribution 4.0 International.",,reference_good,source_anchor_not_human,abo_materials_textures_min2048,abo:B075YL2RQN,9ad759dbbc85f35673b70e77f130b8b75473f79868703fac3d47581377f947b5,,,0.1046772018385505,bad,0.9999932050704956,good,Metadata manifest only. Obtain and use the asset under its listed source license and attribution requirements.
abo_B075YLMBYB,Amazon Berkeley Objects,Amazon Berkeley Objects,B075YLMBYB,ABO object B075YLMBYB,Amazon.com,,https://registry.opendata.aws/amazon-berkeley-objects/,https://www.amazon.com/dp/B075YLMBYB,https://registry.opendata.aws/amazon-berkeley-objects/,s3://amazon-berkeley-objects/3dmodels/original/B/B075YLMBYB.glb,https://amazon-berkeley-objects.s3.amazonaws.com/3dmodels/original/B/B075YLMBYB.glb,CC Attribution,CC-BY-4.0,Creative Commons Attribution 4.0 International,https://creativecommons.org/licenses/by/4.0/,https://registry.opendata.aws/amazon-berkeley-objects/,true,"Amazon Berkeley Objects asset B075YLMBYB, © Amazon.com, licensed under Creative Commons Attribution 4.0 International.",,reference_good,source_anchor_not_human,abo_materials_textures_min2048,abo:B075YLMBYB,3776221408d51b7b78342edbeecc6a7f1346b6311fb5b4c49118ca53c3f4ff66,,,0.9992349488002134,good,0.9999999403953552,good,Metadata manifest only. Obtain and use the asset under its listed source license and attribution requirements.
abo_B075YLPZ9V,Amazon Berkeley Objects,Amazon Berkeley Objects,B075YLPZ9V,ABO object B075YLPZ9V,Amazon.com,,https://registry.opendata.aws/amazon-berkeley-objects/,https://www.amazon.com/dp/B075YLPZ9V,https://registry.opendata.aws/amazon-berkeley-objects/,s3://amazon-berkeley-objects/3dmodels/original/V/B075YLPZ9V.glb,https://amazon-berkeley-objects.s3.amazonaws.com/3dmodels/original/V/B075YLPZ9V.glb,CC Attribution,CC-BY-4.0,Creative Commons Attribution 4.0 International,https://creativecommons.org/licenses/by/4.0/,https://registry.opendata.aws/amazon-berkeley-objects/,true,"Amazon Berkeley Objects asset B075YLPZ9V, © Amazon.com, licensed under Creative Commons Attribution 4.0 International.",,reference_good,source_anchor_not_human,abo_materials_textures_min2048,abo:B075YLPZ9V,18a1720797d18a33dfcb6800a3f6abf9270b2820c715a6d15e0d9895af3ee2b2,,,0.9992816918801408,good,1.0,good,Metadata manifest only. Obtain and use the asset under its listed source license and attribution requirements.
abo_B075YMJBZS,Amazon Berkeley Objects,Amazon Berkeley Objects,B075YMJBZS,ABO object B075YMJBZS,Amazon.com,,https://registry.opendata.aws/amazon-berkeley-objects/,https://www.amazon.com/dp/B075YMJBZS,https://registry.opendata.aws/amazon-berkeley-objects/,s3://amazon-berkeley-objects/3dmodels/original/S/B075YMJBZS.glb,https://amazon-berkeley-objects.s3.amazonaws.com/3dmodels/original/S/B075YMJBZS.glb,CC Attribution,CC-BY-4.0,Creative Commons Attribution 4.0 International,https://creativecommons.org/licenses/by/4.0/,https://registry.opendata.aws/amazon-berkeley-objects/,true,"Amazon Berkeley Objects asset B075YMJBZS, © Amazon.com, licensed under Creative Commons Attribution 4.0 International.",,reference_good,source_anchor_not_human,abo_materials_textures_min2048,abo:B075YMJBZS,81c707efb92f8ffa77fc55a148d5d2bfb2d4719b64c6591fc1a8cb9e8918e8cd,,,0.9815038678100794,good,1.0,good,Metadata manifest only. Obtain and use the asset under its listed source license and attribution requirements.
abo_B075YMJC9D,Amazon Berkeley Objects,Amazon Berkeley Objects,B075YMJC9D,ABO object B075YMJC9D,Amazon.com,,https://registry.opendata.aws/amazon-berkeley-objects/,https://www.amazon.com/dp/B075YMJC9D,https://registry.opendata.aws/amazon-berkeley-objects/,s3://amazon-berkeley-objects/3dmodels/original/D/B075YMJC9D.glb,https://amazon-berkeley-objects.s3.amazonaws.com/3dmodels/original/D/B075YMJC9D.glb,CC Attribution,CC-BY-4.0,Creative Commons Attribution 4.0 International,https://creativecommons.org/licenses/by/4.0/,https://registry.opendata.aws/amazon-berkeley-objects/,true,"Amazon Berkeley Objects asset B075YMJC9D, © Amazon.com, licensed under Creative Commons Attribution 4.0 International.",,reference_good,source_anchor_not_human,abo_materials_textures_min2048,abo:B075YMJC9D,834c181732a8fe8e430c5a04e5c0fe0bf88674863e7ed5901d57360aedc1e923,,,0.9551256582626052,good,1.0,good,Metadata manifest only. Obtain and use the asset under its listed source license and attribution requirements.
abo_B075YQ478W,Amazon Berkeley Objects,Amazon Berkeley Objects,B075YQ478W,ABO object B075YQ478W,Amazon.com,,https://registry.opendata.aws/amazon-berkeley-objects/,https://www.amazon.com/dp/B075YQ478W,https://registry.opendata.aws/amazon-berkeley-objects/,s3://amazon-berkeley-objects/3dmodels/original/W/B075YQ478W.glb,https://amazon-berkeley-objects.s3.amazonaws.com/3dmodels/original/W/B075YQ478W.glb,CC Attribution,CC-BY-4.0,Creative Commons Attribution 4.0 International,https://creativecommons.org/licenses/by/4.0/,https://registry.opendata.aws/amazon-berkeley-objects/,true,"Amazon Berkeley Objects asset B075YQ478W, © Amazon.com, licensed under Creative Commons Attribution 4.0 International.",,reference_good,source_anchor_not_human,abo_materials_textures_min2048,abo:B075YQ478W,5888bc88281d1441e4a336cd98fbcb54766ec90a7b14b4ae62d6fff0799f42c6,,,0.999363225198662,good,0.999572455883026,good,Metadata manifest only. Obtain and use the asset under its listed source license and attribution requirements.
abo_B075YQXR2Y,Amazon Berkeley Objects,Amazon Berkeley Objects,B075YQXR2Y,ABO object B075YQXR2Y,Amazon.com,,https://registry.opendata.aws/amazon-berkeley-objects/,https://www.amazon.com/dp/B075YQXR2Y,https://registry.opendata.aws/amazon-berkeley-objects/,s3://amazon-berkeley-objects/3dmodels/original/Y/B075YQXR2Y.glb,https://amazon-berkeley-objects.s3.amazonaws.com/3dmodels/original/Y/B075YQXR2Y.glb,CC Attribution,CC-BY-4.0,Creative Commons Attribution 4.0 International,https://creativecommons.org/licenses/by/4.0/,https://registry.opendata.aws/amazon-berkeley-objects/,true,"Amazon Berkeley Objects asset B075YQXR2Y, © Amazon.com, licensed under Creative Commons Attribution 4.0 International.",,reference_good,source_anchor_not_human,abo_materials_textures_min2048,abo:B075YQXR2Y,4ab8cbb44dafd148962cfeb3575d300a49f5aecc6e4d689151d3f44d9f95a113,,,0.9969982785558142,good,0.6808090209960938,good,Metadata manifest only. Obtain and use the asset under its listed source license and attribution requirements.
abo_B075YYPV3Q,Amazon Berkeley Objects,Amazon Berkeley Objects,B075YYPV3Q,ABO object B075YYPV3Q,Amazon.com,,https://registry.opendata.aws/amazon-berkeley-objects/,https://www.amazon.com/dp/B075YYPV3Q,https://registry.opendata.aws/amazon-berkeley-objects/,s3://amazon-berkeley-objects/3dmodels/original/Q/B075YYPV3Q.glb,https://amazon-berkeley-objects.s3.amazonaws.com/3dmodels/original/Q/B075YYPV3Q.glb,CC Attribution,CC-BY-4.0,Creative Commons Attribution 4.0 International,https://creativecommons.org/licenses/by/4.0/,https://registry.opendata.aws/amazon-berkeley-objects/,true,"Amazon Berkeley Objects asset B075YYPV3Q, © Amazon.com, licensed under Creative Commons Attribution 4.0 International.",,reference_good,source_anchor_not_human,abo_materials_textures_min2048,abo:B075YYPV3Q,ca61065d4b6bb2ab81f5df7da04a15bf44aa5e03d6c5d4bca5dc61583079140a,,,0.9993238066684458,good,1.0,good,Metadata manifest only. Obtain and use the asset under its listed source license and attribution requirements.
abo_B075Z8PMML,Amazon Berkeley Objects,Amazon Berkeley Objects,B075Z8PMML,ABO object B075Z8PMML,Amazon.com,,https://registry.opendata.aws/amazon-berkeley-objects/,https://www.amazon.com/dp/B075Z8PMML,https://registry.opendata.aws/amazon-berkeley-objects/,s3://amazon-berkeley-objects/3dmodels/original/L/B075Z8PMML.glb,https://amazon-berkeley-objects.s3.amazonaws.com/3dmodels/original/L/B075Z8PMML.glb,CC Attribution,CC-BY-4.0,Creative Commons Attribution 4.0 International,https://creativecommons.org/licenses/by/4.0/,https://registry.opendata.aws/amazon-berkeley-objects/,true,"Amazon Berkeley Objects asset B075Z8PMML, © Amazon.com, licensed under Creative Commons Attribution 4.0 International.",,reference_good,source_anchor_not_human,abo_materials_textures_min2048,abo:B075Z8PMML,c1fd6d2d55d9af61e3dfb7a7dddd61cf084548d2a55886f7baaa20ed10be1d86,,,0.999358853459383,good,0.999996542930603,good,Metadata manifest only. Obtain and use the asset under its listed source license and attribution requirements.
abo_B075Z9NW3F,Amazon Berkeley Objects,Amazon Berkeley Objects,B075Z9NW3F,ABO object B075Z9NW3F,Amazon.com,,https://registry.opendata.aws/amazon-berkeley-objects/,https://www.amazon.com/dp/B075Z9NW3F,https://registry.opendata.aws/amazon-berkeley-objects/,s3://amazon-berkeley-objects/3dmodels/original/F/B075Z9NW3F.glb,https://amazon-berkeley-objects.s3.amazonaws.com/3dmodels/original/F/B075Z9NW3F.glb,CC Attribution,CC-BY-4.0,Creative Commons Attribution 4.0 International,https://creativecommons.org/licenses/by/4.0/,https://registry.opendata.aws/amazon-berkeley-objects/,true,"Amazon Berkeley Objects asset B075Z9NW3F, © Amazon.com, licensed under Creative Commons Attribution 4.0 International.",,reference_good,source_anchor_not_human,abo_materials_textures_min2048,abo:B075Z9NW3F,3ae8f5892e5439c33e404458c5c8f603383cf4d30602c50144470190c5aafec6,,,0.001340284592561,bad,0.9999999403953552,good,Metadata manifest only. Obtain and use the asset under its listed source license and attribution requirements.
abo_B075Z9THYG,Amazon Berkeley Objects,Amazon Berkeley Objects,B075Z9THYG,ABO object B075Z9THYG,Amazon.com,,https://registry.opendata.aws/amazon-berkeley-objects/,https://www.amazon.com/dp/B075Z9THYG,https://registry.opendata.aws/amazon-berkeley-objects/,s3://amazon-berkeley-objects/3dmodels/original/G/B075Z9THYG.glb,https://amazon-berkeley-objects.s3.amazonaws.com/3dmodels/original/G/B075Z9THYG.glb,CC Attribution,CC-BY-4.0,Creative Commons Attribution 4.0 International,https://creativecommons.org/licenses/by/4.0/,https://registry.opendata.aws/amazon-berkeley-objects/,true,"Amazon Berkeley Objects asset B075Z9THYG, © Amazon.com, licensed under Creative Commons Attribution 4.0 International.",,reference_good,source_anchor_not_human,abo_materials_textures_min2048,abo:B075Z9THYG,24d35df1a13d44aef660c4f4cfb4982f9e18601927bdb33e73214ae32bd3ec7a,,,0.0111144543150451,bad,0.9999940991401672,good,Metadata manifest only. Obtain and use the asset under its listed source license and attribution requirements.
abo_B075ZBW1QM,Amazon Berkeley Objects,Amazon Berkeley Objects,B075ZBW1QM,ABO object B075ZBW1QM,Amazon.com,,https://registry.opendata.aws/amazon-berkeley-objects/,https://www.amazon.com/dp/B075ZBW1QM,https://registry.opendata.aws/amazon-berkeley-objects/,s3://amazon-berkeley-objects/3dmodels/original/M/B075ZBW1QM.glb,https://amazon-berkeley-objects.s3.amazonaws.com/3dmodels/original/M/B075ZBW1QM.glb,CC Attribution,CC-BY-4.0,Creative Commons Attribution 4.0 International,https://creativecommons.org/licenses/by/4.0/,https://registry.opendata.aws/amazon-berkeley-objects/,true,"Amazon Berkeley Objects asset B075ZBW1QM, © Amazon.com, licensed under Creative Commons Attribution 4.0 International.",,reference_good,source_anchor_not_human,abo_materials_textures_min2048,abo:B075ZBW1QM,a576d58059c1b94297caad6bdc8157f28d66870707bfe34cf50a17a79ab83f84,,,0.99936455108167,good,1.0,good,Metadata manifest only. Obtain and use the asset under its listed source license and attribution requirements.
abo_B076NKJCRN,Amazon Berkeley Objects,Amazon Berkeley Objects,B076NKJCRN,ABO object B076NKJCRN,Amazon.com,,https://registry.opendata.aws/amazon-berkeley-objects/,https://www.amazon.com/dp/B076NKJCRN,https://registry.opendata.aws/amazon-berkeley-objects/,s3://amazon-berkeley-objects/3dmodels/original/N/B076NKJCRN.glb,https://amazon-berkeley-objects.s3.amazonaws.com/3dmodels/original/N/B076NKJCRN.glb,CC Attribution,CC-BY-4.0,Creative Commons Attribution 4.0 International,https://creativecommons.org/licenses/by/4.0/,https://registry.opendata.aws/amazon-berkeley-objects/,true,"Amazon Berkeley Objects asset B076NKJCRN, © Amazon.com, licensed under Creative Commons Attribution 4.0 International.",,reference_good,source_anchor_not_human,abo_materials_textures_min2048,abo:B076NKJCRN,8e772fcee2650343c8a0d84c5707174c9e9f4c0fbd8480ace0ad4120a2e69a93,,,0.9993641912200012,good,0.2778931260108948,bad,Metadata manifest only. Obtain and use the asset under its listed source license and attribution requirements.
abo_B076V9MWFL,Amazon Berkeley Objects,Amazon Berkeley Objects,B076V9MWFL,ABO object B076V9MWFL,Amazon.com,,https://registry.opendata.aws/amazon-berkeley-objects/,https://www.amazon.com/dp/B076V9MWFL,https://registry.opendata.aws/amazon-berkeley-objects/,s3://amazon-berkeley-objects/3dmodels/original/L/B076V9MWFL.glb,https://amazon-berkeley-objects.s3.amazonaws.com/3dmodels/original/L/B076V9MWFL.glb,CC Attribution,CC-BY-4.0,Creative Commons Attribution 4.0 International,https://creativecommons.org/licenses/by/4.0/,https://registry.opendata.aws/amazon-berkeley-objects/,true,"Amazon Berkeley Objects asset B076V9MWFL, © Amazon.com, licensed under Creative Commons Attribution 4.0 International.",,reference_good,source_anchor_not_human,abo_materials_textures_min2048,abo:B076V9MWFL,c99aec1877438afade37015fa6362a930000a1440ce79e3e56e01f841e567bff,,,0.9993504207835964,good,0.4903165996074676,bad,Metadata manifest only. Obtain and use the asset under its listed source license and attribution requirements.
abo_B076V9V7DM,Amazon Berkeley Objects,Amazon Berkeley Objects,B076V9V7DM,ABO object B076V9V7DM,Amazon.com,,https://registry.opendata.aws/amazon-berkeley-objects/,https://www.amazon.com/dp/B076V9V7DM,https://registry.opendata.aws/amazon-berkeley-objects/,s3://amazon-berkeley-objects/3dmodels/original/M/B076V9V7DM.glb,https://amazon-berkeley-objects.s3.amazonaws.com/3dmodels/original/M/B076V9V7DM.glb,CC Attribution,CC-BY-4.0,Creative Commons Attribution 4.0 International,https://creativecommons.org/licenses/by/4.0/,https://registry.opendata.aws/amazon-berkeley-objects/,true,"Amazon Berkeley Objects asset B076V9V7DM, © Amazon.com, licensed under Creative Commons Attribution 4.0 International.",,reference_good,source_anchor_not_human,abo_materials_textures_min2048,abo:B076V9V7DM,0aeb1c2a996236def736f8a6b672731a13bfa77a2240c0dfb9d61f6ba008761a,,,0.9993642177255336,good,0.9994078278541564,good,Metadata manifest only. Obtain and use the asset under its listed source license and attribution requirements.
abo_B07847Y5BG,Amazon Berkeley Objects,Amazon Berkeley Objects,B07847Y5BG,ABO object B07847Y5BG,Amazon.com,,https://registry.opendata.aws/amazon-berkeley-objects/,https://www.amazon.com/dp/B07847Y5BG,https://registry.opendata.aws/amazon-berkeley-objects/,s3://amazon-berkeley-objects/3dmodels/original/G/B07847Y5BG.glb,https://amazon-berkeley-objects.s3.amazonaws.com/3dmodels/original/G/B07847Y5BG.glb,CC Attribution,CC-BY-4.0,Creative Commons Attribution 4.0 International,https://creativecommons.org/licenses/by/4.0/,https://registry.opendata.aws/amazon-berkeley-objects/,true,"Amazon Berkeley Objects asset B07847Y5BG, © Amazon.com, licensed under Creative Commons Attribution 4.0 International.",,reference_good,source_anchor_not_human,abo_materials_textures_min2048,abo:B07847Y5BG,af191c3d445d78cfeb05a4dee935b5011de30a421b37d5b26e13fab6f1ce0e81,,,0.9599569668751092,good,0.99999338388443,good,Metadata manifest only. Obtain and use the asset under its listed source license and attribution requirements.
abo_B078JH73F4,Amazon Berkeley Objects,Amazon Berkeley Objects,B078JH73F4,ABO object B078JH73F4,Amazon.com,,https://registry.opendata.aws/amazon-berkeley-objects/,https://www.amazon.com/dp/B078JH73F4,https://registry.opendata.aws/amazon-berkeley-objects/,s3://amazon-berkeley-objects/3dmodels/original/4/B078JH73F4.glb,https://amazon-berkeley-objects.s3.amazonaws.com/3dmodels/original/4/B078JH73F4.glb,CC Attribution,CC-BY-4.0,Creative Commons Attribution 4.0 International,https://creativecommons.org/licenses/by/4.0/,https://registry.opendata.aws/amazon-berkeley-objects/,true,"Amazon Berkeley Objects asset B078JH73F4, © Amazon.com, licensed under Creative Commons Attribution 4.0 International.",,reference_good,source_anchor_not_human,abo_materials_textures_min2048,abo:B078JH73F4,589323159075f498f79fae408573de5e60a22a1e1399f37f4692afebc163e858,,,0.999309917004406,good,1.0,good,Metadata manifest only. Obtain and use the asset under its listed source license and attribution requirements.
abo_B078JM7LS7,Amazon Berkeley Objects,Amazon Berkeley Objects,B078JM7LS7,ABO object B078JM7LS7,Amazon.com,,https://registry.opendata.aws/amazon-berkeley-objects/,https://www.amazon.com/dp/B078JM7LS7,https://registry.opendata.aws/amazon-berkeley-objects/,s3://amazon-berkeley-objects/3dmodels/original/7/B078JM7LS7.glb,https://amazon-berkeley-objects.s3.amazonaws.com/3dmodels/original/7/B078JM7LS7.glb,CC Attribution,CC-BY-4.0,Creative Commons Attribution 4.0 International,https://creativecommons.org/licenses/by/4.0/,https://registry.opendata.aws/amazon-berkeley-objects/,true,"Amazon Berkeley Objects asset B078JM7LS7, © Amazon.com, licensed under Creative Commons Attribution 4.0 International.",,reference_good,source_anchor_not_human,abo_materials_textures_min2048,abo:B078JM7LS7,45630128205eba6e63e984bc077ed4de2dfdb4f94f2ed22690863ff03e08f95d,,,0.9989498757122274,good,0.9999930262565612,good,Metadata manifest only. Obtain and use the asset under its listed source license and attribution requirements.
abo_B079TXJV35,Amazon Berkeley Objects,Amazon Berkeley Objects,B079TXJV35,ABO object B079TXJV35,Amazon.com,,https://registry.opendata.aws/amazon-berkeley-objects/,https://www.amazon.com/dp/B079TXJV35,https://registry.opendata.aws/amazon-berkeley-objects/,s3://amazon-berkeley-objects/3dmodels/original/5/B079TXJV35.glb,https://amazon-berkeley-objects.s3.amazonaws.com/3dmodels/original/5/B079TXJV35.glb,CC Attribution,CC-BY-4.0,Creative Commons Attribution 4.0 International,https://creativecommons.org/licenses/by/4.0/,https://registry.opendata.aws/amazon-berkeley-objects/,true,"Amazon Berkeley Objects asset B079TXJV35, © Amazon.com, licensed under Creative Commons Attribution 4.0 International.",,reference_good,source_anchor_not_human,abo_materials_textures_min2048,abo:B079TXJV35,8daedeb0f5fcb257aee7480d713793f7101d465bbff9c346f3f5a93c6999f0e3,,,0.9178726480172448,bad,0.9907305836677552,good,Metadata manifest only. Obtain and use the asset under its listed source license and attribution requirements.
abo_B079VNL3CG,Amazon Berkeley Objects,Amazon Berkeley Objects,B079VNL3CG,ABO object B079VNL3CG,Amazon.com,,https://registry.opendata.aws/amazon-berkeley-objects/,https://www.amazon.com/dp/B079VNL3CG,https://registry.opendata.aws/amazon-berkeley-objects/,s3://amazon-berkeley-objects/3dmodels/original/G/B079VNL3CG.glb,https://amazon-berkeley-objects.s3.amazonaws.com/3dmodels/original/G/B079VNL3CG.glb,CC Attribution,CC-BY-4.0,Creative Commons Attribution 4.0 International,https://creativecommons.org/licenses/by/4.0/,https://registry.opendata.aws/amazon-berkeley-objects/,true,"Amazon Berkeley Objects asset B079VNL3CG, © Amazon.com, licensed under Creative Commons Attribution 4.0 International.",,reference_good,source_anchor_not_human,abo_materials_textures_min2048,abo:B079VNL3CG,2b8c02ff0006a7c1d371a7791210c635cf207d6249df39f901e5e940a4e7754a,,,0.9868045685663728,good,0.9858239889144896,good,Metadata manifest only. Obtain and use the asset under its listed source license and attribution requirements.
abo_B079X4Z6QX,Amazon Berkeley Objects,Amazon Berkeley Objects,B079X4Z6QX,ABO object B079X4Z6QX,Amazon.com,,https://registry.opendata.aws/amazon-berkeley-objects/,https://www.amazon.com/dp/B079X4Z6QX,https://registry.opendata.aws/amazon-berkeley-objects/,s3://amazon-berkeley-objects/3dmodels/original/X/B079X4Z6QX.glb,https://amazon-berkeley-objects.s3.amazonaws.com/3dmodels/original/X/B079X4Z6QX.glb,CC Attribution,CC-BY-4.0,Creative Commons Attribution 4.0 International,https://creativecommons.org/licenses/by/4.0/,https://registry.opendata.aws/amazon-berkeley-objects/,true,"Amazon Berkeley Objects asset B079X4Z6QX, © Amazon.com, licensed under Creative Commons Attribution 4.0 International.",,reference_good,source_anchor_not_human,abo_materials_textures_min2048,abo:B079X4Z6QX,3fb6f9d78712167f9a6622bfc7cb9641c1deefe2093a90e905db295b0b4b2763,,,0.9989925188179098,good,0.9987500309944152,good,Metadata manifest only. Obtain and use the asset under its listed source license and attribution requirements.
abo_B07B4CZQDS,Amazon Berkeley Objects,Amazon Berkeley Objects,B07B4CZQDS,ABO object B07B4CZQDS,Amazon.com,,https://registry.opendata.aws/amazon-berkeley-objects/,https://www.amazon.com/dp/B07B4CZQDS,https://registry.opendata.aws/amazon-berkeley-objects/,s3://amazon-berkeley-objects/3dmodels/original/S/B07B4CZQDS.glb,https://amazon-berkeley-objects.s3.amazonaws.com/3dmodels/original/S/B07B4CZQDS.glb,CC Attribution,CC-BY-4.0,Creative Commons Attribution 4.0 International,https://creativecommons.org/licenses/by/4.0/,https://registry.opendata.aws/amazon-berkeley-objects/,true,"Amazon Berkeley Objects asset B07B4CZQDS, © Amazon.com, licensed under Creative Commons Attribution 4.0 International.",,reference_good,source_anchor_not_human,abo_materials_textures_min2048,abo:B07B4CZQDS,8f52f824738bb7fe6ca70747e69943012c5aae4bb4f311e958aebead54128847,,,0.9993603809202868,good,0.1370719820261001,bad,Metadata manifest only. Obtain and use the asset under its listed source license and attribution requirements.
abo_B07B4D48NX,Amazon Berkeley Objects,Amazon Berkeley Objects,B07B4D48NX,ABO object B07B4D48NX,Amazon.com,,https://registry.opendata.aws/amazon-berkeley-objects/,https://www.amazon.com/dp/B07B4D48NX,https://registry.opendata.aws/amazon-berkeley-objects/,s3://amazon-berkeley-objects/3dmodels/original/X/B07B4D48NX.glb,https://amazon-berkeley-objects.s3.amazonaws.com/3dmodels/original/X/B07B4D48NX.glb,CC Attribution,CC-BY-4.0,Creative Commons Attribution 4.0 International,https://creativecommons.org/licenses/by/4.0/,https://registry.opendata.aws/amazon-berkeley-objects/,true,"Amazon Berkeley Objects asset B07B4D48NX, © Amazon.com, licensed under Creative Commons Attribution 4.0 International.",,reference_good,source_anchor_not_human,abo_materials_textures_min2048,abo:B07B4D48NX,3568d8354e87896e94fb537b182f35c825815a5fd417437ad7ba4eca4afa45c0,,,0.999361698127628,good,0.0050665200687944,bad,Metadata manifest only. Obtain and use the asset under its listed source license and attribution requirements.
abo_B07B4D4B6F,Amazon Berkeley Objects,Amazon Berkeley Objects,B07B4D4B6F,ABO object B07B4D4B6F,Amazon.com,,https://registry.opendata.aws/amazon-berkeley-objects/,https://www.amazon.com/dp/B07B4D4B6F,https://registry.opendata.aws/amazon-berkeley-objects/,s3://amazon-berkeley-objects/3dmodels/original/F/B07B4D4B6F.glb,https://amazon-berkeley-objects.s3.amazonaws.com/3dmodels/original/F/B07B4D4B6F.glb,CC Attribution,CC-BY-4.0,Creative Commons Attribution 4.0 International,https://creativecommons.org/licenses/by/4.0/,https://registry.opendata.aws/amazon-berkeley-objects/,true,"Amazon Berkeley Objects asset B07B4D4B6F, © Amazon.com, licensed under Creative Commons Attribution 4.0 International.",,reference_good,source_anchor_not_human,abo_materials_textures_min2048,abo:B07B4D4B6F,e5288c2c34aed955fb6196cfcb568b1a8d902c7c3c6a5b06e268b8c753e7b9c2,,,0.9993639995279948,good,0.9964708089828492,good,Metadata manifest only. Obtain and use the asset under its listed source license and attribution requirements.
abo_B07B4D88HC,Amazon Berkeley Objects,Amazon Berkeley Objects,B07B4D88HC,ABO object B07B4D88HC,Amazon.com,,https://registry.opendata.aws/amazon-berkeley-objects/,https://www.amazon.com/dp/B07B4D88HC,https://registry.opendata.aws/amazon-berkeley-objects/,s3://amazon-berkeley-objects/3dmodels/original/C/B07B4D88HC.glb,https://amazon-berkeley-objects.s3.amazonaws.com/3dmodels/original/C/B07B4D88HC.glb,CC Attribution,CC-BY-4.0,Creative Commons Attribution 4.0 International,https://creativecommons.org/licenses/by/4.0/,https://registry.opendata.aws/amazon-berkeley-objects/,true,"Amazon Berkeley Objects asset B07B4D88HC, © Amazon.com, licensed under Creative Commons Attribution 4.0 International.",,reference_good,source_anchor_not_human,abo_materials_textures_min2048,abo:B07B4D88HC,78eecfeec5b2d2ab2f56eabd6f92222dfc683487a9e1e10fa2030fad218042ff,,,0.9993159254708374,good,0.750377357006073,good,Metadata manifest only. Obtain and use the asset under its listed source license and attribution requirements.
abo_B07B4DB6Z4,Amazon Berkeley Objects,Amazon Berkeley Objects,B07B4DB6Z4,ABO object B07B4DB6Z4,Amazon.com,,https://registry.opendata.aws/amazon-berkeley-objects/,https://www.amazon.com/dp/B07B4DB6Z4,https://registry.opendata.aws/amazon-berkeley-objects/,s3://amazon-berkeley-objects/3dmodels/original/4/B07B4DB6Z4.glb,https://amazon-berkeley-objects.s3.amazonaws.com/3dmodels/original/4/B07B4DB6Z4.glb,CC Attribution,CC-BY-4.0,Creative Commons Attribution 4.0 International,https://creativecommons.org/licenses/by/4.0/,https://registry.opendata.aws/amazon-berkeley-objects/,true,"Amazon Berkeley Objects asset B07B4DB6Z4, © Amazon.com, licensed under Creative Commons Attribution 4.0 International.",,reference_good,source_anchor_not_human,abo_materials_textures_min2048,abo:B07B4DB6Z4,bb35020ed9e03d4b6913475fd4f8be3d72b040cf199ca1f2926dcc1831ac1a8f,,,0.9993630637840656,good,0.9999633431434632,good,Metadata manifest only. Obtain and use the asset under its listed source license and attribution requirements.
abo_B07B4DB9ZC,Amazon Berkeley Objects,Amazon Berkeley Objects,B07B4DB9ZC,ABO object B07B4DB9ZC,Amazon.com,,https://registry.opendata.aws/amazon-berkeley-objects/,https://www.amazon.com/dp/B07B4DB9ZC,https://registry.opendata.aws/amazon-berkeley-objects/,s3://amazon-berkeley-objects/3dmodels/original/C/B07B4DB9ZC.glb,https://amazon-berkeley-objects.s3.amazonaws.com/3dmodels/original/C/B07B4DB9ZC.glb,CC Attribution,CC-BY-4.0,Creative Commons Attribution 4.0 International,https://creativecommons.org/licenses/by/4.0/,https://registry.opendata.aws/amazon-berkeley-objects/,true,"Amazon Berkeley Objects asset B07B4DB9ZC, © Amazon.com, licensed under Creative Commons Attribution 4.0 International.",,reference_good,source_anchor_not_human,abo_materials_textures_min2048,abo:B07B4DB9ZC,52b0cd8d81dbfdbcacff910ffbf1ceb6669c3a6aaa334e22427ded9c567fba5a,,,0.6217055299541808,bad,0.0251094866544008,bad,Metadata manifest only. Obtain and use the asset under its listed source license and attribution requirements.
abo_B07B4L9BQ3,Amazon Berkeley Objects,Amazon Berkeley Objects,B07B4L9BQ3,ABO object B07B4L9BQ3,Amazon.com,,https://registry.opendata.aws/amazon-berkeley-objects/,https://www.amazon.com/dp/B07B4L9BQ3,https://registry.opendata.aws/amazon-berkeley-objects/,s3://amazon-berkeley-objects/3dmodels/original/3/B07B4L9BQ3.glb,https://amazon-berkeley-objects.s3.amazonaws.com/3dmodels/original/3/B07B4L9BQ3.glb,CC Attribution,CC-BY-4.0,Creative Commons Attribution 4.0 International,https://creativecommons.org/licenses/by/4.0/,https://registry.opendata.aws/amazon-berkeley-objects/,true,"Amazon Berkeley Objects asset B07B4L9BQ3, © Amazon.com, licensed under Creative Commons Attribution 4.0 International.",,reference_good,source_anchor_not_human,abo_materials_textures_min2048,abo:B07B4L9BQ3,0d1e5d43a9f23e5fc03a5439298f1300843a6e1564ece86635ef9280a0aedc90,,,0.9993646448292842,good,0.991863250732422,good,Metadata manifest only. Obtain and use the asset under its listed source license and attribution requirements.
abo_B07B4M4HDS,Amazon Berkeley Objects,Amazon Berkeley Objects,B07B4M4HDS,ABO object B07B4M4HDS,Amazon.com,,https://registry.opendata.aws/amazon-berkeley-objects/,https://www.amazon.com/dp/B07B4M4HDS,https://registry.opendata.aws/amazon-berkeley-objects/,s3://amazon-berkeley-objects/3dmodels/original/S/B07B4M4HDS.glb,https://amazon-berkeley-objects.s3.amazonaws.com/3dmodels/original/S/B07B4M4HDS.glb,CC Attribution,CC-BY-4.0,Creative Commons Attribution 4.0 International,https://creativecommons.org/licenses/by/4.0/,https://registry.opendata.aws/amazon-berkeley-objects/,true,"Amazon Berkeley Objects asset B07B4M4HDS, © Amazon.com, licensed under Creative Commons Attribution 4.0 International.",,reference_good,source_anchor_not_human,abo_materials_textures_min2048,abo:B07B4M4HDS,e7a605a60f7af817e2b35c951c7285b8602528a5fc0b5345a62f85f3a5f8128b,,,0.999344645491712,good,0.8462218046188354,good,Metadata manifest only. Obtain and use the asset under its listed source license and attribution requirements.
abo_B07B4MD54V,Amazon Berkeley Objects,Amazon Berkeley Objects,B07B4MD54V,ABO object B07B4MD54V,Amazon.com,,https://registry.opendata.aws/amazon-berkeley-objects/,https://www.amazon.com/dp/B07B4MD54V,https://registry.opendata.aws/amazon-berkeley-objects/,s3://amazon-berkeley-objects/3dmodels/original/V/B07B4MD54V.glb,https://amazon-berkeley-objects.s3.amazonaws.com/3dmodels/original/V/B07B4MD54V.glb,CC Attribution,CC-BY-4.0,Creative Commons Attribution 4.0 International,https://creativecommons.org/licenses/by/4.0/,https://registry.opendata.aws/amazon-berkeley-objects/,true,"Amazon Berkeley Objects asset B07B4MD54V, © Amazon.com, licensed under Creative Commons Attribution 4.0 International.",,reference_good,source_anchor_not_human,abo_materials_textures_min2048,abo:B07B4MD54V,1dbf122c2e6ef99b65864974f66aba23d99e455454c6b9dd41a99affc2cda86c,,,0.9992477812985884,good,0.997600555419922,good,Metadata manifest only. Obtain and use the asset under its listed source license and attribution requirements.
abo_B07B4MG9HX,Amazon Berkeley Objects,Amazon Berkeley Objects,B07B4MG9HX,ABO object B07B4MG9HX,Amazon.com,,https://registry.opendata.aws/amazon-berkeley-objects/,https://www.amazon.com/dp/B07B4MG9HX,https://registry.opendata.aws/amazon-berkeley-objects/,s3://amazon-berkeley-objects/3dmodels/original/X/B07B4MG9HX.glb,https://amazon-berkeley-objects.s3.amazonaws.com/3dmodels/original/X/B07B4MG9HX.glb,CC Attribution,CC-BY-4.0,Creative Commons Attribution 4.0 International,https://creativecommons.org/licenses/by/4.0/,https://registry.opendata.aws/amazon-berkeley-objects/,true,"Amazon Berkeley Objects asset B07B4MG9HX, © Amazon.com, licensed under Creative Commons Attribution 4.0 International.",,reference_good,source_anchor_not_human,abo_materials_textures_min2048,abo:B07B4MG9HX,4bf8b0466773d81dfc63291474572cc4c941da136ebc17e6cdf9d1f245706da8,,,0.9993398917284196,good,0.9632887244224548,good,Metadata manifest only. Obtain and use the asset under its listed source license and attribution requirements.
abo_B07B4MH9DB,Amazon Berkeley Objects,Amazon Berkeley Objects,B07B4MH9DB,ABO object B07B4MH9DB,Amazon.com,,https://registry.opendata.aws/amazon-berkeley-objects/,https://www.amazon.com/dp/B07B4MH9DB,https://registry.opendata.aws/amazon-berkeley-objects/,s3://amazon-berkeley-objects/3dmodels/original/B/B07B4MH9DB.glb,https://amazon-berkeley-objects.s3.amazonaws.com/3dmodels/original/B/B07B4MH9DB.glb,CC Attribution,CC-BY-4.0,Creative Commons Attribution 4.0 International,https://creativecommons.org/licenses/by/4.0/,https://registry.opendata.aws/amazon-berkeley-objects/,true,"Amazon Berkeley Objects asset B07B4MH9DB, © Amazon.com, licensed under Creative Commons Attribution 4.0 International.",,reference_good,source_anchor_not_human,abo_materials_textures_min2048,abo:B07B4MH9DB,d6489fd0a2916fd12bb84eb46030b6ca9f41923af52065a259c1d18f0aa32dd3,,,0.999364584351276,good,0.9270918369293212,good,Metadata manifest only. Obtain and use the asset under its listed source license and attribution requirements.
abo_B07B4MHCDR,Amazon Berkeley Objects,Amazon Berkeley Objects,B07B4MHCDR,ABO object B07B4MHCDR,Amazon.com,,https://registry.opendata.aws/amazon-berkeley-objects/,https://www.amazon.com/dp/B07B4MHCDR,https://registry.opendata.aws/amazon-berkeley-objects/,s3://amazon-berkeley-objects/3dmodels/original/R/B07B4MHCDR.glb,https://amazon-berkeley-objects.s3.amazonaws.com/3dmodels/original/R/B07B4MHCDR.glb,CC Attribution,CC-BY-4.0,Creative Commons Attribution 4.0 International,https://creativecommons.org/licenses/by/4.0/,https://registry.opendata.aws/amazon-berkeley-objects/,true,"Amazon Berkeley Objects asset B07B4MHCDR, © Amazon.com, licensed under Creative Commons Attribution 4.0 International.",,reference_good,source_anchor_not_human,abo_materials_textures_min2048,abo:B07B4MHCDR,2582ba8dcdaa53730c7d426b6156684ec4205c724954b538c3cd1c75cd57f27b,,,0.9993638451844984,good,0.9949920773506165,good,Metadata manifest only. Obtain and use the asset under its listed source license and attribution requirements.
abo_B07B4MM4PL,Amazon Berkeley Objects,Amazon Berkeley Objects,B07B4MM4PL,ABO object B07B4MM4PL,Amazon.com,,https://registry.opendata.aws/amazon-berkeley-objects/,https://www.amazon.com/dp/B07B4MM4PL,https://registry.opendata.aws/amazon-berkeley-objects/,s3://amazon-berkeley-objects/3dmodels/original/L/B07B4MM4PL.glb,https://amazon-berkeley-objects.s3.amazonaws.com/3dmodels/original/L/B07B4MM4PL.glb,CC Attribution,CC-BY-4.0,Creative Commons Attribution 4.0 International,https://creativecommons.org/licenses/by/4.0/,https://registry.opendata.aws/amazon-berkeley-objects/,true,"Amazon Berkeley Objects asset B07B4MM4PL, © Amazon.com, licensed under Creative Commons Attribution 4.0 International.",,reference_good,source_anchor_not_human,abo_materials_textures_min2048,abo:B07B4MM4PL,d2200560085e222cf95c5d25bf874c96685f7226bdaa5c373c2561f82bf05fc8,,,0.9993639484943228,good,0.9315398931503296,good,Metadata manifest only. Obtain and use the asset under its listed source license and attribution requirements.
abo_B07B4MMPPH,Amazon Berkeley Objects,Amazon Berkeley Objects,B07B4MMPPH,ABO object B07B4MMPPH,Amazon.com,,https://registry.opendata.aws/amazon-berkeley-objects/,https://www.amazon.com/dp/B07B4MMPPH,https://registry.opendata.aws/amazon-berkeley-objects/,s3://amazon-berkeley-objects/3dmodels/original/H/B07B4MMPPH.glb,https://amazon-berkeley-objects.s3.amazonaws.com/3dmodels/original/H/B07B4MMPPH.glb,CC Attribution,CC-BY-4.0,Creative Commons Attribution 4.0 International,https://creativecommons.org/licenses/by/4.0/,https://registry.opendata.aws/amazon-berkeley-objects/,true,"Amazon Berkeley Objects asset B07B4MMPPH, © Amazon.com, licensed under Creative Commons Attribution 4.0 International.",,reference_good,source_anchor_not_human,abo_materials_textures_min2048,abo:B07B4MMPPH,5319cb071eeca1a2be3251111997f0ed347c5a58ca84fe71b949db75f1b3e8d9,,,0.9788271583306932,good,0.9481428861618042,good,Metadata manifest only. Obtain and use the asset under its listed source license and attribution requirements.
abo_B07B4MSS4B,Amazon Berkeley Objects,Amazon Berkeley Objects,B07B4MSS4B,ABO object B07B4MSS4B,Amazon.com,,https://registry.opendata.aws/amazon-berkeley-objects/,https://www.amazon.com/dp/B07B4MSS4B,https://registry.opendata.aws/amazon-berkeley-objects/,s3://amazon-berkeley-objects/3dmodels/original/B/B07B4MSS4B.glb,https://amazon-berkeley-objects.s3.amazonaws.com/3dmodels/original/B/B07B4MSS4B.glb,CC Attribution,CC-BY-4.0,Creative Commons Attribution 4.0 International,https://creativecommons.org/licenses/by/4.0/,https://registry.opendata.aws/amazon-berkeley-objects/,true,"Amazon Berkeley Objects asset B07B4MSS4B, © Amazon.com, licensed under Creative Commons Attribution 4.0 International.",,reference_good,source_anchor_not_human,abo_materials_textures_min2048,abo:B07B4MSS4B,858bf066a1639154fd50f35489b84b1ef021aaaaca4549f54b3ae937ef5d11bc,,,0.9993124393803586,good,0.9912004470825196,good,Metadata manifest only. Obtain and use the asset under its listed source license and attribution requirements.
abo_B07B4SCPNQ,Amazon Berkeley Objects,Amazon Berkeley Objects,B07B4SCPNQ,ABO object B07B4SCPNQ,Amazon.com,,https://registry.opendata.aws/amazon-berkeley-objects/,https://www.amazon.com/dp/B07B4SCPNQ,https://registry.opendata.aws/amazon-berkeley-objects/,s3://amazon-berkeley-objects/3dmodels/original/Q/B07B4SCPNQ.glb,https://amazon-berkeley-objects.s3.amazonaws.com/3dmodels/original/Q/B07B4SCPNQ.glb,CC Attribution,CC-BY-4.0,Creative Commons Attribution 4.0 International,https://creativecommons.org/licenses/by/4.0/,https://registry.opendata.aws/amazon-berkeley-objects/,true,"Amazon Berkeley Objects asset B07B4SCPNQ, © Amazon.com, licensed under Creative Commons Attribution 4.0 International.",,reference_good,source_anchor_not_human,abo_materials_textures_min2048,abo:B07B4SCPNQ,ee06137bb73a96ca8776894920839a656c8d00eae7e43eb19ee2141cc703202d,,,0.0190547248777611,bad,0.0206608697772026,bad,Metadata manifest only. Obtain and use the asset under its listed source license and attribution requirements.
abo_B07B4VY11Z,Amazon Berkeley Objects,Amazon Berkeley Objects,B07B4VY11Z,ABO object B07B4VY11Z,Amazon.com,,https://registry.opendata.aws/amazon-berkeley-objects/,https://www.amazon.com/dp/B07B4VY11Z,https://registry.opendata.aws/amazon-berkeley-objects/,s3://amazon-berkeley-objects/3dmodels/original/Z/B07B4VY11Z.glb,https://amazon-berkeley-objects.s3.amazonaws.com/3dmodels/original/Z/B07B4VY11Z.glb,CC Attribution,CC-BY-4.0,Creative Commons Attribution 4.0 International,https://creativecommons.org/licenses/by/4.0/,https://registry.opendata.aws/amazon-berkeley-objects/,true,"Amazon Berkeley Objects asset B07B4VY11Z, © Amazon.com, licensed under Creative Commons Attribution 4.0 International.",,reference_good,source_anchor_not_human,abo_materials_textures_min2048,abo:B07B4VY11Z,8a1b67647dd79deb774e3d11cd2e5daa478c4a609df52d873f824523b2885537,,,0.9993000048037708,good,0.9999427199363708,good,Metadata manifest only. Obtain and use the asset under its listed source license and attribution requirements.
abo_B07B4W5TZF,Amazon Berkeley Objects,Amazon Berkeley Objects,B07B4W5TZF,ABO object B07B4W5TZF,Amazon.com,,https://registry.opendata.aws/amazon-berkeley-objects/,https://www.amazon.com/dp/B07B4W5TZF,https://registry.opendata.aws/amazon-berkeley-objects/,s3://amazon-berkeley-objects/3dmodels/original/F/B07B4W5TZF.glb,https://amazon-berkeley-objects.s3.amazonaws.com/3dmodels/original/F/B07B4W5TZF.glb,CC Attribution,CC-BY-4.0,Creative Commons Attribution 4.0 International,https://creativecommons.org/licenses/by/4.0/,https://registry.opendata.aws/amazon-berkeley-objects/,true,"Amazon Berkeley Objects asset B07B4W5TZF, © Amazon.com, licensed under Creative Commons Attribution 4.0 International.",,reference_good,source_anchor_not_human,abo_materials_textures_min2048,abo:B07B4W5TZF,4674a79a1437926b99602ecea25661a8183bb301f1ac2b4edeaf876bdbaf6738,,,0.9993557656115204,good,0.9998273849487304,good,Metadata manifest only. Obtain and use the asset under its listed source license and attribution requirements.
abo_B07B4W5V3C,Amazon Berkeley Objects,Amazon Berkeley Objects,B07B4W5V3C,ABO object B07B4W5V3C,Amazon.com,,https://registry.opendata.aws/amazon-berkeley-objects/,https://www.amazon.com/dp/B07B4W5V3C,https://registry.opendata.aws/amazon-berkeley-objects/,s3://amazon-berkeley-objects/3dmodels/original/C/B07B4W5V3C.glb,https://amazon-berkeley-objects.s3.amazonaws.com/3dmodels/original/C/B07B4W5V3C.glb,CC Attribution,CC-BY-4.0,Creative Commons Attribution 4.0 International,https://creativecommons.org/licenses/by/4.0/,https://registry.opendata.aws/amazon-berkeley-objects/,true,"Amazon Berkeley Objects asset B07B4W5V3C, © Amazon.com, licensed under Creative Commons Attribution 4.0 International.",,reference_good,source_anchor_not_human,abo_materials_textures_min2048,abo:B07B4W5V3C,db6fb851f16a968b748401b702874c708efc906a18a168c661256e87b429aa58,,,0.9992396032238674,good,0.9409383535385132,good,Metadata manifest only. Obtain and use the asset under its listed source license and attribution requirements.
abo_B07B4WGH8Q,Amazon Berkeley Objects,Amazon Berkeley Objects,B07B4WGH8Q,ABO object B07B4WGH8Q,Amazon.com,,https://registry.opendata.aws/amazon-berkeley-objects/,https://www.amazon.com/dp/B07B4WGH8Q,https://registry.opendata.aws/amazon-berkeley-objects/,s3://amazon-berkeley-objects/3dmodels/original/Q/B07B4WGH8Q.glb,https://amazon-berkeley-objects.s3.amazonaws.com/3dmodels/original/Q/B07B4WGH8Q.glb,CC Attribution,CC-BY-4.0,Creative Commons Attribution 4.0 International,https://creativecommons.org/licenses/by/4.0/,https://registry.opendata.aws/amazon-berkeley-objects/,true,"Amazon Berkeley Objects asset B07B4WGH8Q, © Amazon.com, licensed under Creative Commons Attribution 4.0 International.",,reference_good,source_anchor_not_human,abo_materials_textures_min2048,abo:B07B4WGH8Q,90d0479023b9293b27b183bd18eaad583690e7dc0b09e6a6df9e77fe355f9b55,,,0.8810316477360337,bad,0.9999979734420776,good,Metadata manifest only. Obtain and use the asset under its listed source license and attribution requirements.
abo_B07B4WH9DS,Amazon Berkeley Objects,Amazon Berkeley Objects,B07B4WH9DS,ABO object B07B4WH9DS,Amazon.com,,https://registry.opendata.aws/amazon-berkeley-objects/,https://www.amazon.com/dp/B07B4WH9DS,https://registry.opendata.aws/amazon-berkeley-objects/,s3://amazon-berkeley-objects/3dmodels/original/S/B07B4WH9DS.glb,https://amazon-berkeley-objects.s3.amazonaws.com/3dmodels/original/S/B07B4WH9DS.glb,CC Attribution,CC-BY-4.0,Creative Commons Attribution 4.0 International,https://creativecommons.org/licenses/by/4.0/,https://registry.opendata.aws/amazon-berkeley-objects/,true,"Amazon Berkeley Objects asset B07B4WH9DS, © Amazon.com, licensed under Creative Commons Attribution 4.0 International.",,reference_good,source_anchor_not_human,abo_materials_textures_min2048,abo:B07B4WH9DS,4c46b91dd5b82271888aea47782f95bad76e30443816d5395653c40525725626,,,0.9989680950862218,good,0.999994456768036,good,Metadata manifest only. Obtain and use the asset under its listed source license and attribution requirements.
abo_B07B4YC7P4,Amazon Berkeley Objects,Amazon Berkeley Objects,B07B4YC7P4,ABO object B07B4YC7P4,Amazon.com,,https://registry.opendata.aws/amazon-berkeley-objects/,https://www.amazon.com/dp/B07B4YC7P4,https://registry.opendata.aws/amazon-berkeley-objects/,s3://amazon-berkeley-objects/3dmodels/original/4/B07B4YC7P4.glb,https://amazon-berkeley-objects.s3.amazonaws.com/3dmodels/original/4/B07B4YC7P4.glb,CC Attribution,CC-BY-4.0,Creative Commons Attribution 4.0 International,https://creativecommons.org/licenses/by/4.0/,https://registry.opendata.aws/amazon-berkeley-objects/,true,"Amazon Berkeley Objects asset B07B4YC7P4, © Amazon.com, licensed under Creative Commons Attribution 4.0 International.",,reference_good,source_anchor_not_human,abo_materials_textures_min2048,abo:B07B4YC7P4,2d09902470f683f9db769f3005f75db750f926f6e83462f2cfd5b79fd3f35f9e,,,0.9989123963809542,good,0.7932752370834351,good,Metadata manifest only. Obtain and use the asset under its listed source license and attribution requirements.
abo_B07B4YR7N1,Amazon Berkeley Objects,Amazon Berkeley Objects,B07B4YR7N1,ABO object B07B4YR7N1,Amazon.com,,https://registry.opendata.aws/amazon-berkeley-objects/,https://www.amazon.com/dp/B07B4YR7N1,https://registry.opendata.aws/amazon-berkeley-objects/,s3://amazon-berkeley-objects/3dmodels/original/1/B07B4YR7N1.glb,https://amazon-berkeley-objects.s3.amazonaws.com/3dmodels/original/1/B07B4YR7N1.glb,CC Attribution,CC-BY-4.0,Creative Commons Attribution 4.0 International,https://creativecommons.org/licenses/by/4.0/,https://registry.opendata.aws/amazon-berkeley-objects/,true,"Amazon Berkeley Objects asset B07B4YR7N1, © Amazon.com, licensed under Creative Commons Attribution 4.0 International.",,reference_good,source_anchor_not_human,abo_materials_textures_min2048,abo:B07B4YR7N1,7a81389c30c964bdff249df9dad0cb9afb7e07150d5752f76679b2381318f3c6,,,0.9972184561712952,good,0.769218385219574,good,Metadata manifest only. Obtain and use the asset under its listed source license and attribution requirements.
abo_B07B4Z9BS4,Amazon Berkeley Objects,Amazon Berkeley Objects,B07B4Z9BS4,ABO object B07B4Z9BS4,Amazon.com,,https://registry.opendata.aws/amazon-berkeley-objects/,https://www.amazon.com/dp/B07B4Z9BS4,https://registry.opendata.aws/amazon-berkeley-objects/,s3://amazon-berkeley-objects/3dmodels/original/4/B07B4Z9BS4.glb,https://amazon-berkeley-objects.s3.amazonaws.com/3dmodels/original/4/B07B4Z9BS4.glb,CC Attribution,CC-BY-4.0,Creative Commons Attribution 4.0 International,https://creativecommons.org/licenses/by/4.0/,https://registry.opendata.aws/amazon-berkeley-objects/,true,"Amazon Berkeley Objects asset B07B4Z9BS4, © Amazon.com, licensed under Creative Commons Attribution 4.0 International.",,reference_good,source_anchor_not_human,abo_materials_textures_min2048,abo:B07B4Z9BS4,9b0ebb6267989fb43ee491133e8900ee45633863c057b384029486be77f3bafa,,,0.9993646045475856,good,0.9924474954605104,good,Metadata manifest only. Obtain and use the asset under its listed source license and attribution requirements.
abo_B07B4ZQXDG,Amazon Berkeley Objects,Amazon Berkeley Objects,B07B4ZQXDG,ABO object B07B4ZQXDG,Amazon.com,,https://registry.opendata.aws/amazon-berkeley-objects/,https://www.amazon.com/dp/B07B4ZQXDG,https://registry.opendata.aws/amazon-berkeley-objects/,s3://amazon-berkeley-objects/3dmodels/original/G/B07B4ZQXDG.glb,https://amazon-berkeley-objects.s3.amazonaws.com/3dmodels/original/G/B07B4ZQXDG.glb,CC Attribution,CC-BY-4.0,Creative Commons Attribution 4.0 International,https://creativecommons.org/licenses/by/4.0/,https://registry.opendata.aws/amazon-berkeley-objects/,true,"Amazon Berkeley Objects asset B07B4ZQXDG, © Amazon.com, licensed under Creative Commons Attribution 4.0 International.",,reference_good,source_anchor_not_human,abo_materials_textures_min2048,abo:B07B4ZQXDG,02f4375be519b5ace8b1987f3962343500c3dbd86c6478197af0f30ff27fc7a5,,,0.9553522304854348,good,0.999997079372406,good,Metadata manifest only. Obtain and use the asset under its listed source license and attribution requirements.
abo_B07B4ZR624,Amazon Berkeley Objects,Amazon Berkeley Objects,B07B4ZR624,ABO object B07B4ZR624,Amazon.com,,https://registry.opendata.aws/amazon-berkeley-objects/,https://www.amazon.com/dp/B07B4ZR624,https://registry.opendata.aws/amazon-berkeley-objects/,s3://amazon-berkeley-objects/3dmodels/original/4/B07B4ZR624.glb,https://amazon-berkeley-objects.s3.amazonaws.com/3dmodels/original/4/B07B4ZR624.glb,CC Attribution,CC-BY-4.0,Creative Commons Attribution 4.0 International,https://creativecommons.org/licenses/by/4.0/,https://registry.opendata.aws/amazon-berkeley-objects/,true,"Amazon Berkeley Objects asset B07B4ZR624, © Amazon.com, licensed under Creative Commons Attribution 4.0 International.",,reference_good,source_anchor_not_human,abo_materials_textures_min2048,abo:B07B4ZR624,5dc4be005a175bfae049d336f9e0844c5bfd04ffd23dd13c73a2b808e7b75b7d,,,0.9311205415216346,bad,0.9995275735855104,good,Metadata manifest only. Obtain and use the asset under its listed source license and attribution requirements.
abo_B07B515PZR,Amazon Berkeley Objects,Amazon Berkeley Objects,B07B515PZR,ABO object B07B515PZR,Amazon.com,,https://registry.opendata.aws/amazon-berkeley-objects/,https://www.amazon.com/dp/B07B515PZR,https://registry.opendata.aws/amazon-berkeley-objects/,s3://amazon-berkeley-objects/3dmodels/original/R/B07B515PZR.glb,https://amazon-berkeley-objects.s3.amazonaws.com/3dmodels/original/R/B07B515PZR.glb,CC Attribution,CC-BY-4.0,Creative Commons Attribution 4.0 International,https://creativecommons.org/licenses/by/4.0/,https://registry.opendata.aws/amazon-berkeley-objects/,true,"Amazon Berkeley Objects asset B07B515PZR, © Amazon.com, licensed under Creative Commons Attribution 4.0 International.",,reference_good,source_anchor_not_human,abo_materials_textures_min2048,abo:B07B515PZR,cd874e0665b6a28e7c3205035f06674535afd901c7fed9fdde6fab42ecdb1cc6,,,0.0026248571696171,bad,0.9995168447494508,good,Metadata manifest only. Obtain and use the asset under its listed source license and attribution requirements.
abo_B07B51WSNJ,Amazon Berkeley Objects,Amazon Berkeley Objects,B07B51WSNJ,ABO object B07B51WSNJ,Amazon.com,,https://registry.opendata.aws/amazon-berkeley-objects/,https://www.amazon.com/dp/B07B51WSNJ,https://registry.opendata.aws/amazon-berkeley-objects/,s3://amazon-berkeley-objects/3dmodels/original/J/B07B51WSNJ.glb,https://amazon-berkeley-objects.s3.amazonaws.com/3dmodels/original/J/B07B51WSNJ.glb,CC Attribution,CC-BY-4.0,Creative Commons Attribution 4.0 International,https://creativecommons.org/licenses/by/4.0/,https://registry.opendata.aws/amazon-berkeley-objects/,true,"Amazon Berkeley Objects asset B07B51WSNJ, © Amazon.com, licensed under Creative Commons Attribution 4.0 International.",,reference_good,source_anchor_not_human,abo_materials_textures_min2048,abo:B07B51WSNJ,41847a05e6d3a800471e3b2aef98975d69b39afaf4008fef791a8b3fc2dac17b,,,0.2483936220035765,bad,0.9993228316307068,good,Metadata manifest only. Obtain and use the asset under its listed source license and attribution requirements.
abo_B07B77WQ7L,Amazon Berkeley Objects,Amazon Berkeley Objects,B07B77WQ7L,ABO object B07B77WQ7L,Amazon.com,,https://registry.opendata.aws/amazon-berkeley-objects/,https://www.amazon.com/dp/B07B77WQ7L,https://registry.opendata.aws/amazon-berkeley-objects/,s3://amazon-berkeley-objects/3dmodels/original/L/B07B77WQ7L.glb,https://amazon-berkeley-objects.s3.amazonaws.com/3dmodels/original/L/B07B77WQ7L.glb,CC Attribution,CC-BY-4.0,Creative Commons Attribution 4.0 International,https://creativecommons.org/licenses/by/4.0/,https://registry.opendata.aws/amazon-berkeley-objects/,true,"Amazon Berkeley Objects asset B07B77WQ7L, © Amazon.com, licensed under Creative Commons Attribution 4.0 International.",,reference_good,source_anchor_not_human,abo_materials_textures_min2048,abo:B07B77WQ7L,4467d9976b5f24027ac3918fa417a9f067b0d6dc560873fa80cd2fa795ef1d11,,,0.999364565994316,good,0.5785559415817261,good,Metadata manifest only. Obtain and use the asset under its listed source license and attribution requirements.
abo_B07B7B9FKC,Amazon Berkeley Objects,Amazon Berkeley Objects,B07B7B9FKC,ABO object B07B7B9FKC,Amazon.com,,https://registry.opendata.aws/amazon-berkeley-objects/,https://www.amazon.com/dp/B07B7B9FKC,https://registry.opendata.aws/amazon-berkeley-objects/,s3://amazon-berkeley-objects/3dmodels/original/C/B07B7B9FKC.glb,https://amazon-berkeley-objects.s3.amazonaws.com/3dmodels/original/C/B07B7B9FKC.glb,CC Attribution,CC-BY-4.0,Creative Commons Attribution 4.0 International,https://creativecommons.org/licenses/by/4.0/,https://registry.opendata.aws/amazon-berkeley-objects/,true,"Amazon Berkeley Objects asset B07B7B9FKC, © Amazon.com, licensed under Creative Commons Attribution 4.0 International.",,reference_good,source_anchor_not_human,abo_materials_textures_min2048,abo:B07B7B9FKC,04418c90a230f1a3a9606cf86fdd57c91ef7d719541ae261ea727599c5769162,,,0.9993612109528324,good,0.9989641904830932,good,Metadata manifest only. Obtain and use the asset under its listed source license and attribution requirements.
abo_B07B7BDFPT,Amazon Berkeley Objects,Amazon Berkeley Objects,B07B7BDFPT,ABO object B07B7BDFPT,Amazon.com,,https://registry.opendata.aws/amazon-berkeley-objects/,https://www.amazon.com/dp/B07B7BDFPT,https://registry.opendata.aws/amazon-berkeley-objects/,s3://amazon-berkeley-objects/3dmodels/original/T/B07B7BDFPT.glb,https://amazon-berkeley-objects.s3.amazonaws.com/3dmodels/original/T/B07B7BDFPT.glb,CC Attribution,CC-BY-4.0,Creative Commons Attribution 4.0 International,https://creativecommons.org/licenses/by/4.0/,https://registry.opendata.aws/amazon-berkeley-objects/,true,"Amazon Berkeley Objects asset B07B7BDFPT, © Amazon.com, licensed under Creative Commons Attribution 4.0 International.",,reference_good,source_anchor_not_human,abo_materials_textures_min2048,abo:B07B7BDFPT,ea7e13e35f629fcd3ad5437123479ed849d5f2f5624b17f8a2af97256ae1e13e,,,0.9982710933937466,good,0.9993938207626344,good,Metadata manifest only. Obtain and use the asset under its listed source license and attribution requirements.
abo_B07B7BJK9S,Amazon Berkeley Objects,Amazon Berkeley Objects,B07B7BJK9S,ABO object B07B7BJK9S,Amazon.com,,https://registry.opendata.aws/amazon-berkeley-objects/,https://www.amazon.com/dp/B07B7BJK9S,https://registry.opendata.aws/amazon-berkeley-objects/,s3://amazon-berkeley-objects/3dmodels/original/S/B07B7BJK9S.glb,https://amazon-berkeley-objects.s3.amazonaws.com/3dmodels/original/S/B07B7BJK9S.glb,CC Attribution,CC-BY-4.0,Creative Commons Attribution 4.0 International,https://creativecommons.org/licenses/by/4.0/,https://registry.opendata.aws/amazon-berkeley-objects/,true,"Amazon Berkeley Objects asset B07B7BJK9S, © Amazon.com, licensed under Creative Commons Attribution 4.0 International.",,reference_good,source_anchor_not_human,abo_materials_textures_min2048,abo:B07B7BJK9S,9dcbdceac7e8b81636599cd11bf9febc03b7621b2927f97fd2bc1f6cb8bf3ba0,,,0.9964652917728256,good,0.9273076057434082,good,Metadata manifest only. Obtain and use the asset under its listed source license and attribution requirements.
abo_B07B7P51PW,Amazon Berkeley Objects,Amazon Berkeley Objects,B07B7P51PW,ABO object B07B7P51PW,Amazon.com,,https://registry.opendata.aws/amazon-berkeley-objects/,https://www.amazon.com/dp/B07B7P51PW,https://registry.opendata.aws/amazon-berkeley-objects/,s3://amazon-berkeley-objects/3dmodels/original/W/B07B7P51PW.glb,https://amazon-berkeley-objects.s3.amazonaws.com/3dmodels/original/W/B07B7P51PW.glb,CC Attribution,CC-BY-4.0,Creative Commons Attribution 4.0 International,https://creativecommons.org/licenses/by/4.0/,https://registry.opendata.aws/amazon-berkeley-objects/,true,"Amazon Berkeley Objects asset B07B7P51PW, © Amazon.com, licensed under Creative Commons Attribution 4.0 International.",,reference_good,source_anchor_not_human,abo_materials_textures_min2048,abo:B07B7P51PW,b865720d6b4f76375afd4b861abfadcdb0cea5a3527cdd97fe7bb21cf44c700c,,,0.999364646741237,good,0.9999969005584716,good,Metadata manifest only. Obtain and use the asset under its listed source license and attribution requirements.
abo_B07B8NSY3Z,Amazon Berkeley Objects,Amazon Berkeley Objects,B07B8NSY3Z,ABO object B07B8NSY3Z,Amazon.com,,https://registry.opendata.aws/amazon-berkeley-objects/,https://www.amazon.com/dp/B07B8NSY3Z,https://registry.opendata.aws/amazon-berkeley-objects/,s3://amazon-berkeley-objects/3dmodels/original/Z/B07B8NSY3Z.glb,https://amazon-berkeley-objects.s3.amazonaws.com/3dmodels/original/Z/B07B8NSY3Z.glb,CC Attribution,CC-BY-4.0,Creative Commons Attribution 4.0 International,https://creativecommons.org/licenses/by/4.0/,https://registry.opendata.aws/amazon-berkeley-objects/,true,"Amazon Berkeley Objects asset B07B8NSY3Z, © Amazon.com, licensed under Creative Commons Attribution 4.0 International.",,reference_good,source_anchor_not_human,abo_materials_textures_min2048,abo:B07B8NSY3Z,f2a63016a263a6843b450fc181136d354ccc836f8794cdfe93c12f642fac9bf1,,,0.9993582962097856,good,0.9750860929489136,good,Metadata manifest only. Obtain and use the asset under its listed source license and attribution requirements.
abo_B07BL7H8N5,Amazon Berkeley Objects,Amazon Berkeley Objects,B07BL7H8N5,ABO object B07BL7H8N5,Amazon.com,,https://registry.opendata.aws/amazon-berkeley-objects/,https://www.amazon.com/dp/B07BL7H8N5,https://registry.opendata.aws/amazon-berkeley-objects/,s3://amazon-berkeley-objects/3dmodels/original/5/B07BL7H8N5.glb,https://amazon-berkeley-objects.s3.amazonaws.com/3dmodels/original/5/B07BL7H8N5.glb,CC Attribution,CC-BY-4.0,Creative Commons Attribution 4.0 International,https://creativecommons.org/licenses/by/4.0/,https://registry.opendata.aws/amazon-berkeley-objects/,true,"Amazon Berkeley Objects asset B07BL7H8N5, © Amazon.com, licensed under Creative Commons Attribution 4.0 International.",,reference_good,source_anchor_not_human,abo_materials_textures_min2048,abo:B07BL7H8N5,22d803542572bbd1eb8e2a042f3bfce0d2b9358d97fab0c4839cadcbd9ef5c18,,,0.9993645215826324,good,0.0066934004426002,bad,Metadata manifest only. Obtain and use the asset under its listed source license and attribution requirements.
abo_B07BMT4F21,Amazon Berkeley Objects,Amazon Berkeley Objects,B07BMT4F21,ABO object B07BMT4F21,Amazon.com,,https://registry.opendata.aws/amazon-berkeley-objects/,https://www.amazon.com/dp/B07BMT4F21,https://registry.opendata.aws/amazon-berkeley-objects/,s3://amazon-berkeley-objects/3dmodels/original/1/B07BMT4F21.glb,https://amazon-berkeley-objects.s3.amazonaws.com/3dmodels/original/1/B07BMT4F21.glb,CC Attribution,CC-BY-4.0,Creative Commons Attribution 4.0 International,https://creativecommons.org/licenses/by/4.0/,https://registry.opendata.aws/amazon-berkeley-objects/,true,"Amazon Berkeley Objects asset B07BMT4F21, © Amazon.com, licensed under Creative Commons Attribution 4.0 International.",,reference_good,source_anchor_not_human,abo_materials_textures_min2048,abo:B07BMT4F21,c408f7ec4e141c25dba4f57798553c360fbbc282a8767c56f26f67bd5e274af0,,,0.9957993861215476,good,0.6017525792121887,good,Metadata manifest only. Obtain and use the asset under its listed source license and attribution requirements.
abo_B07BW8PZ2P,Amazon Berkeley Objects,Amazon Berkeley Objects,B07BW8PZ2P,ABO object B07BW8PZ2P,Amazon.com,,https://registry.opendata.aws/amazon-berkeley-objects/,https://www.amazon.com/dp/B07BW8PZ2P,https://registry.opendata.aws/amazon-berkeley-objects/,s3://amazon-berkeley-objects/3dmodels/original/P/B07BW8PZ2P.glb,https://amazon-berkeley-objects.s3.amazonaws.com/3dmodels/original/P/B07BW8PZ2P.glb,CC Attribution,CC-BY-4.0,Creative Commons Attribution 4.0 International,https://creativecommons.org/licenses/by/4.0/,https://registry.opendata.aws/amazon-berkeley-objects/,true,"Amazon Berkeley Objects asset B07BW8PZ2P, © Amazon.com, licensed under Creative Commons Attribution 4.0 International.",,reference_good,source_anchor_not_human,abo_materials_textures_min2048,abo:B07BW8PZ2P,37ff968eef07475b2b53031f3b16694180ae0378dc789b31a5120a2ab16a6813,,,0.9991935351670408,good,0.97682785987854,good,Metadata manifest only. Obtain and use the asset under its listed source license and attribution requirements.
abo_B07BWJCPWV,Amazon Berkeley Objects,Amazon Berkeley Objects,B07BWJCPWV,ABO object B07BWJCPWV,Amazon.com,,https://registry.opendata.aws/amazon-berkeley-objects/,https://www.amazon.com/dp/B07BWJCPWV,https://registry.opendata.aws/amazon-berkeley-objects/,s3://amazon-berkeley-objects/3dmodels/original/V/B07BWJCPWV.glb,https://amazon-berkeley-objects.s3.amazonaws.com/3dmodels/original/V/B07BWJCPWV.glb,CC Attribution,CC-BY-4.0,Creative Commons Attribution 4.0 International,https://creativecommons.org/licenses/by/4.0/,https://registry.opendata.aws/amazon-berkeley-objects/,true,"Amazon Berkeley Objects asset B07BWJCPWV, © Amazon.com, licensed under Creative Commons Attribution 4.0 International.",,reference_good,source_anchor_not_human,abo_materials_textures_min2048,abo:B07BWJCPWV,42120a967756dfb609330f17e997de34e4ed11d544a895f46191f39da0fdc2e6,,,0.9992934807972772,good,0.9446007609367372,good,Metadata manifest only. Obtain and use the asset under its listed source license and attribution requirements.
abo_B07BWKH16K,Amazon Berkeley Objects,Amazon Berkeley Objects,B07BWKH16K,ABO object B07BWKH16K,Amazon.com,,https://registry.opendata.aws/amazon-berkeley-objects/,https://www.amazon.com/dp/B07BWKH16K,https://registry.opendata.aws/amazon-berkeley-objects/,s3://amazon-berkeley-objects/3dmodels/original/K/B07BWKH16K.glb,https://amazon-berkeley-objects.s3.amazonaws.com/3dmodels/original/K/B07BWKH16K.glb,CC Attribution,CC-BY-4.0,Creative Commons Attribution 4.0 International,https://creativecommons.org/licenses/by/4.0/,https://registry.opendata.aws/amazon-berkeley-objects/,true,"Amazon Berkeley Objects asset B07BWKH16K, © Amazon.com, licensed under Creative Commons Attribution 4.0 International.",,reference_good,source_anchor_not_human,abo_materials_textures_min2048,abo:B07BWKH16K,9146c223a2348ddb1b484723501ce9c83d2cd168efa1ed3e3b70372046fddaaa,,,0.99934598428645,good,0.8554901480674744,good,Metadata manifest only. Obtain and use the asset under its listed source license and attribution requirements.
abo_B07BWM2CTH,Amazon Berkeley Objects,Amazon Berkeley Objects,B07BWM2CTH,ABO object B07BWM2CTH,Amazon.com,,https://registry.opendata.aws/amazon-berkeley-objects/,https://www.amazon.com/dp/B07BWM2CTH,https://registry.opendata.aws/amazon-berkeley-objects/,s3://amazon-berkeley-objects/3dmodels/original/H/B07BWM2CTH.glb,https://amazon-berkeley-objects.s3.amazonaws.com/3dmodels/original/H/B07BWM2CTH.glb,CC Attribution,CC-BY-4.0,Creative Commons Attribution 4.0 International,https://creativecommons.org/licenses/by/4.0/,https://registry.opendata.aws/amazon-berkeley-objects/,true,"Amazon Berkeley Objects asset B07BWM2CTH, © Amazon.com, licensed under Creative Commons Attribution 4.0 International.",,reference_good,source_anchor_not_human,abo_materials_textures_min2048,abo:B07BWM2CTH,be5df73f202253477cd821647da39a209afde0882170f966ed3299b41650b746,,,0.9993640593875448,good,0.9984030723571776,good,Metadata manifest only. Obtain and use the asset under its listed source license and attribution requirements.
abo_B07BWMQQDR,Amazon Berkeley Objects,Amazon Berkeley Objects,B07BWMQQDR,ABO object B07BWMQQDR,Amazon.com,,https://registry.opendata.aws/amazon-berkeley-objects/,https://www.amazon.com/dp/B07BWMQQDR,https://registry.opendata.aws/amazon-berkeley-objects/,s3://amazon-berkeley-objects/3dmodels/original/R/B07BWMQQDR.glb,https://amazon-berkeley-objects.s3.amazonaws.com/3dmodels/original/R/B07BWMQQDR.glb,CC Attribution,CC-BY-4.0,Creative Commons Attribution 4.0 International,https://creativecommons.org/licenses/by/4.0/,https://registry.opendata.aws/amazon-berkeley-objects/,true,"Amazon Berkeley Objects asset B07BWMQQDR, © Amazon.com, licensed under Creative Commons Attribution 4.0 International.",,reference_good,source_anchor_not_human,abo_materials_textures_min2048,abo:B07BWMQQDR,2be7b20f90a9e15117e9625d31134545f1d9913000e2c872af7032243c7eb764,,,0.9992128350019072,good,0.0562690198421478,bad,Metadata manifest only. Obtain and use the asset under its listed source license and attribution requirements.
abo_B07BZB3HMH,Amazon Berkeley Objects,Amazon Berkeley Objects,B07BZB3HMH,ABO object B07BZB3HMH,Amazon.com,,https://registry.opendata.aws/amazon-berkeley-objects/,https://www.amazon.com/dp/B07BZB3HMH,https://registry.opendata.aws/amazon-berkeley-objects/,s3://amazon-berkeley-objects/3dmodels/original/H/B07BZB3HMH.glb,https://amazon-berkeley-objects.s3.amazonaws.com/3dmodels/original/H/B07BZB3HMH.glb,CC Attribution,CC-BY-4.0,Creative Commons Attribution 4.0 International,https://creativecommons.org/licenses/by/4.0/,https://registry.opendata.aws/amazon-berkeley-objects/,true,"Amazon Berkeley Objects asset B07BZB3HMH, © Amazon.com, licensed under Creative Commons Attribution 4.0 International.",,reference_good,source_anchor_not_human,abo_materials_textures_min2048,abo:B07BZB3HMH,9fd97373ed8e523406f7c4d1c2c037560d345f2885f7207be5078202bb87aaf5,,,0.9993646325887672,good,0.9998781681060792,good,Metadata manifest only. Obtain and use the asset under its listed source license and attribution requirements.
abo_B07C41C1C8,Amazon Berkeley Objects,Amazon Berkeley Objects,B07C41C1C8,ABO object B07C41C1C8,Amazon.com,,https://registry.opendata.aws/amazon-berkeley-objects/,https://www.amazon.com/dp/B07C41C1C8,https://registry.opendata.aws/amazon-berkeley-objects/,s3://amazon-berkeley-objects/3dmodels/original/8/B07C41C1C8.glb,https://amazon-berkeley-objects.s3.amazonaws.com/3dmodels/original/8/B07C41C1C8.glb,CC Attribution,CC-BY-4.0,Creative Commons Attribution 4.0 International,https://creativecommons.org/licenses/by/4.0/,https://registry.opendata.aws/amazon-berkeley-objects/,true,"Amazon Berkeley Objects asset B07C41C1C8, © Amazon.com, licensed under Creative Commons Attribution 4.0 International.",,reference_good,source_anchor_not_human,abo_materials_textures_min2048,abo:B07C41C1C8,e65c6d66dde704972495df7ac65e4fc55661623d5d7affcf542a9d5ecbe96356,,,0.9467781251482968,bad,0.9978761672973632,good,Metadata manifest only. Obtain and use the asset under its listed source license and attribution requirements.
abo_B07C8DHX43,Amazon Berkeley Objects,Amazon Berkeley Objects,B07C8DHX43,ABO object B07C8DHX43,Amazon.com,,https://registry.opendata.aws/amazon-berkeley-objects/,https://www.amazon.com/dp/B07C8DHX43,https://registry.opendata.aws/amazon-berkeley-objects/,s3://amazon-berkeley-objects/3dmodels/original/3/B07C8DHX43.glb,https://amazon-berkeley-objects.s3.amazonaws.com/3dmodels/original/3/B07C8DHX43.glb,CC Attribution,CC-BY-4.0,Creative Commons Attribution 4.0 International,https://creativecommons.org/licenses/by/4.0/,https://registry.opendata.aws/amazon-berkeley-objects/,true,"Amazon Berkeley Objects asset B07C8DHX43, © Amazon.com, licensed under Creative Commons Attribution 4.0 International.",,reference_good,source_anchor_not_human,abo_materials_textures_min2048,abo:B07C8DHX43,88bfb5faeef80c19a64b8a4174eec8d67833c8de973fc9e609d9c9bc2f83c3fa,,,0.999361186285067,good,0.9992260932922364,good,Metadata manifest only. Obtain and use the asset under its listed source license and attribution requirements.
abo_B07C8MSZ2W,Amazon Berkeley Objects,Amazon Berkeley Objects,B07C8MSZ2W,ABO object B07C8MSZ2W,Amazon.com,,https://registry.opendata.aws/amazon-berkeley-objects/,https://www.amazon.com/dp/B07C8MSZ2W,https://registry.opendata.aws/amazon-berkeley-objects/,s3://amazon-berkeley-objects/3dmodels/original/W/B07C8MSZ2W.glb,https://amazon-berkeley-objects.s3.amazonaws.com/3dmodels/original/W/B07C8MSZ2W.glb,CC Attribution,CC-BY-4.0,Creative Commons Attribution 4.0 International,https://creativecommons.org/licenses/by/4.0/,https://registry.opendata.aws/amazon-berkeley-objects/,true,"Amazon Berkeley Objects asset B07C8MSZ2W, © Amazon.com, licensed under Creative Commons Attribution 4.0 International.",,reference_good,source_anchor_not_human,abo_materials_textures_min2048,abo:B07C8MSZ2W,34dacff32c750217440de27893d0884c3f211e6c26df806cd9b50e488d33f806,,,0.8713905455007213,bad,0.9626061916351318,good,Metadata manifest only. Obtain and use the asset under its listed source license and attribution requirements.
abo_B07C9W437G,Amazon Berkeley Objects,Amazon Berkeley Objects,B07C9W437G,ABO object B07C9W437G,Amazon.com,,https://registry.opendata.aws/amazon-berkeley-objects/,https://www.amazon.com/dp/B07C9W437G,https://registry.opendata.aws/amazon-berkeley-objects/,s3://amazon-berkeley-objects/3dmodels/original/G/B07C9W437G.glb,https://amazon-berkeley-objects.s3.amazonaws.com/3dmodels/original/G/B07C9W437G.glb,CC Attribution,CC-BY-4.0,Creative Commons Attribution 4.0 International,https://creativecommons.org/licenses/by/4.0/,https://registry.opendata.aws/amazon-berkeley-objects/,true,"Amazon Berkeley Objects asset B07C9W437G, © Amazon.com, licensed under Creative Commons Attribution 4.0 International.",,reference_good,source_anchor_not_human,abo_materials_textures_min2048,abo:B07C9W437G,0b4915b37ff10217e3674eebf4f3bd1d33906279bc889f3e3fb29c2a9310fb7f,,,0.9991695872060384,good,0.9969578385353088,good,Metadata manifest only. Obtain and use the asset under its listed source license and attribution requirements.
abo_B07C9YVDHJ,Amazon Berkeley Objects,Amazon Berkeley Objects,B07C9YVDHJ,ABO object B07C9YVDHJ,Amazon.com,,https://registry.opendata.aws/amazon-berkeley-objects/,https://www.amazon.com/dp/B07C9YVDHJ,https://registry.opendata.aws/amazon-berkeley-objects/,s3://amazon-berkeley-objects/3dmodels/original/J/B07C9YVDHJ.glb,https://amazon-berkeley-objects.s3.amazonaws.com/3dmodels/original/J/B07C9YVDHJ.glb,CC Attribution,CC-BY-4.0,Creative Commons Attribution 4.0 International,https://creativecommons.org/licenses/by/4.0/,https://registry.opendata.aws/amazon-berkeley-objects/,true,"Amazon Berkeley Objects asset B07C9YVDHJ, © Amazon.com, licensed under Creative Commons Attribution 4.0 International.",,reference_good,source_anchor_not_human,abo_materials_textures_min2048,abo:B07C9YVDHJ,8bbb297d3b974b9859a7c88edae9cc0a4615cf4f9dc4f4d451d0e41fd7ae6b79,,,0.9993645731232672,good,0.9999994039535522,good,Metadata manifest only. Obtain and use the asset under its listed source license and attribution requirements.
abo_B07CB5GN4B,Amazon Berkeley Objects,Amazon Berkeley Objects,B07CB5GN4B,ABO object B07CB5GN4B,Amazon.com,,https://registry.opendata.aws/amazon-berkeley-objects/,https://www.amazon.com/dp/B07CB5GN4B,https://registry.opendata.aws/amazon-berkeley-objects/,s3://amazon-berkeley-objects/3dmodels/original/B/B07CB5GN4B.glb,https://amazon-berkeley-objects.s3.amazonaws.com/3dmodels/original/B/B07CB5GN4B.glb,CC Attribution,CC-BY-4.0,Creative Commons Attribution 4.0 International,https://creativecommons.org/licenses/by/4.0/,https://registry.opendata.aws/amazon-berkeley-objects/,true,"Amazon Berkeley Objects asset B07CB5GN4B, © Amazon.com, licensed under Creative Commons Attribution 4.0 International.",,reference_good,source_anchor_not_human,abo_materials_textures_min2048,abo:B07CB5GN4B,ce300dca776300d072ee607ac1c16525cb09802c2e43dfc9d7ecabe7ac95a048,,,0.9986946363139196,good,0.8501959443092346,good,Metadata manifest only. Obtain and use the asset under its listed source license and attribution requirements.
abo_B07CDRN3SB,Amazon Berkeley Objects,Amazon Berkeley Objects,B07CDRN3SB,ABO object B07CDRN3SB,Amazon.com,,https://registry.opendata.aws/amazon-berkeley-objects/,https://www.amazon.com/dp/B07CDRN3SB,https://registry.opendata.aws/amazon-berkeley-objects/,s3://amazon-berkeley-objects/3dmodels/original/B/B07CDRN3SB.glb,https://amazon-berkeley-objects.s3.amazonaws.com/3dmodels/original/B/B07CDRN3SB.glb,CC Attribution,CC-BY-4.0,Creative Commons Attribution 4.0 International,https://creativecommons.org/licenses/by/4.0/,https://registry.opendata.aws/amazon-berkeley-objects/,true,"Amazon Berkeley Objects asset B07CDRN3SB, © Amazon.com, licensed under Creative Commons Attribution 4.0 International.",,reference_good,source_anchor_not_human,abo_materials_textures_min2048,abo:B07CDRN3SB,0228073180fb37c768bac988f260b954dfc4bf4075d520003f19dbf379c972ac,,,0.9993401800495748,good,0.9998214840888976,good,Metadata manifest only. Obtain and use the asset under its listed source license and attribution requirements.
abo_B07D3T53C9,Amazon Berkeley Objects,Amazon Berkeley Objects,B07D3T53C9,ABO object B07D3T53C9,Amazon.com,,https://registry.opendata.aws/amazon-berkeley-objects/,https://www.amazon.com/dp/B07D3T53C9,https://registry.opendata.aws/amazon-berkeley-objects/,s3://amazon-berkeley-objects/3dmodels/original/9/B07D3T53C9.glb,https://amazon-berkeley-objects.s3.amazonaws.com/3dmodels/original/9/B07D3T53C9.glb,CC Attribution,CC-BY-4.0,Creative Commons Attribution 4.0 International,https://creativecommons.org/licenses/by/4.0/,https://registry.opendata.aws/amazon-berkeley-objects/,true,"Amazon Berkeley Objects asset B07D3T53C9, © Amazon.com, licensed under Creative Commons Attribution 4.0 International.",,reference_good,source_anchor_not_human,abo_materials_textures_min2048,abo:B07D3T53C9,2a834d87d8bb876e9ca08064301deedc429a048ac912880a1ad5d50edc47b049,,,0.9993646378342532,good,0.9977043867111206,good,Metadata manifest only. Obtain and use the asset under its listed source license and attribution requirements.
abo_B07DB92GZG,Amazon Berkeley Objects,Amazon Berkeley Objects,B07DB92GZG,ABO object B07DB92GZG,Amazon.com,,https://registry.opendata.aws/amazon-berkeley-objects/,https://www.amazon.com/dp/B07DB92GZG,https://registry.opendata.aws/amazon-berkeley-objects/,s3://amazon-berkeley-objects/3dmodels/original/G/B07DB92GZG.glb,https://amazon-berkeley-objects.s3.amazonaws.com/3dmodels/original/G/B07DB92GZG.glb,CC Attribution,CC-BY-4.0,Creative Commons Attribution 4.0 International,https://creativecommons.org/licenses/by/4.0/,https://registry.opendata.aws/amazon-berkeley-objects/,true,"Amazon Berkeley Objects asset B07DB92GZG, © Amazon.com, licensed under Creative Commons Attribution 4.0 International.",,reference_good,source_anchor_not_human,abo_materials_textures_min2048,abo:B07DB92GZG,4c4a44994e2c10f8dae465a45bb3f6611c24864727eaac7120d06b614e5c87fc,,,0.9993414552303456,good,0.9977867603302002,good,Metadata manifest only. Obtain and use the asset under its listed source license and attribution requirements.
abo_B07DBB76MF,Amazon Berkeley Objects,Amazon Berkeley Objects,B07DBB76MF,ABO object B07DBB76MF,Amazon.com,,https://registry.opendata.aws/amazon-berkeley-objects/,https://www.amazon.com/dp/B07DBB76MF,https://registry.opendata.aws/amazon-berkeley-objects/,s3://amazon-berkeley-objects/3dmodels/original/F/B07DBB76MF.glb,https://amazon-berkeley-objects.s3.amazonaws.com/3dmodels/original/F/B07DBB76MF.glb,CC Attribution,CC-BY-4.0,Creative Commons Attribution 4.0 International,https://creativecommons.org/licenses/by/4.0/,https://registry.opendata.aws/amazon-berkeley-objects/,true,"Amazon Berkeley Objects asset B07DBB76MF, © Amazon.com, licensed under Creative Commons Attribution 4.0 International.",,reference_good,source_anchor_not_human,abo_materials_textures_min2048,abo:B07DBB76MF,2fdae69063695f998d645203036c732def24f025987949f42f2344362cbfe7d5,,,0.9856028571286346,good,0.990160346031189,good,Metadata manifest only. Obtain and use the asset under its listed source license and attribution requirements.
abo_B07DBD9WFK,Amazon Berkeley Objects,Amazon Berkeley Objects,B07DBD9WFK,ABO object B07DBD9WFK,Amazon.com,,https://registry.opendata.aws/amazon-berkeley-objects/,https://www.amazon.com/dp/B07DBD9WFK,https://registry.opendata.aws/amazon-berkeley-objects/,s3://amazon-berkeley-objects/3dmodels/original/K/B07DBD9WFK.glb,https://amazon-berkeley-objects.s3.amazonaws.com/3dmodels/original/K/B07DBD9WFK.glb,CC Attribution,CC-BY-4.0,Creative Commons Attribution 4.0 International,https://creativecommons.org/licenses/by/4.0/,https://registry.opendata.aws/amazon-berkeley-objects/,true,"Amazon Berkeley Objects asset B07DBD9WFK, © Amazon.com, licensed under Creative Commons Attribution 4.0 International.",,reference_good,source_anchor_not_human,abo_materials_textures_min2048,abo:B07DBD9WFK,e32db75760ade222856b3115b75bfcc44654c14d8b8c2b2a37416cdde626319b,,,0.9993632031709178,good,0.9762654304504396,good,Metadata manifest only. Obtain and use the asset under its listed source license and attribution requirements.
abo_B07DBDR87C,Amazon Berkeley Objects,Amazon Berkeley Objects,B07DBDR87C,ABO object B07DBDR87C,Amazon.com,,https://registry.opendata.aws/amazon-berkeley-objects/,https://www.amazon.com/dp/B07DBDR87C,https://registry.opendata.aws/amazon-berkeley-objects/,s3://amazon-berkeley-objects/3dmodels/original/C/B07DBDR87C.glb,https://amazon-berkeley-objects.s3.amazonaws.com/3dmodels/original/C/B07DBDR87C.glb,CC Attribution,CC-BY-4.0,Creative Commons Attribution 4.0 International,https://creativecommons.org/licenses/by/4.0/,https://registry.opendata.aws/amazon-berkeley-objects/,true,"Amazon Berkeley Objects asset B07DBDR87C, © Amazon.com, licensed under Creative Commons Attribution 4.0 International.",,reference_good,source_anchor_not_human,abo_materials_textures_min2048,abo:B07DBDR87C,16067c3264cc3cac1818b72f64b1256b4a2b9f782fffb7b700dd74dc406af41e,,,0.9993179946242928,good,0.8528761267662048,good,Metadata manifest only. Obtain and use the asset under its listed source license and attribution requirements.
abo_B07DBDT445,Amazon Berkeley Objects,Amazon Berkeley Objects,B07DBDT445,ABO object B07DBDT445,Amazon.com,,https://registry.opendata.aws/amazon-berkeley-objects/,https://www.amazon.com/dp/B07DBDT445,https://registry.opendata.aws/amazon-berkeley-objects/,s3://amazon-berkeley-objects/3dmodels/original/5/B07DBDT445.glb,https://amazon-berkeley-objects.s3.amazonaws.com/3dmodels/original/5/B07DBDT445.glb,CC Attribution,CC-BY-4.0,Creative Commons Attribution 4.0 International,https://creativecommons.org/licenses/by/4.0/,https://registry.opendata.aws/amazon-berkeley-objects/,true,"Amazon Berkeley Objects asset B07DBDT445, © Amazon.com, licensed under Creative Commons Attribution 4.0 International.",,reference_good,source_anchor_not_human,abo_materials_textures_min2048,abo:B07DBDT445,8a771fe43490e6285791f80cedc7d62ac38b5b143fd3ea674251d295b67417ea,,,0.9993414932905412,good,0.9989109635353088,good,Metadata manifest only. Obtain and use the asset under its listed source license and attribution requirements.
abo_B07DBDV64G,Amazon Berkeley Objects,Amazon Berkeley Objects,B07DBDV64G,ABO object B07DBDV64G,Amazon.com,,https://registry.opendata.aws/amazon-berkeley-objects/,https://www.amazon.com/dp/B07DBDV64G,https://registry.opendata.aws/amazon-berkeley-objects/,s3://amazon-berkeley-objects/3dmodels/original/G/B07DBDV64G.glb,https://amazon-berkeley-objects.s3.amazonaws.com/3dmodels/original/G/B07DBDV64G.glb,CC Attribution,CC-BY-4.0,Creative Commons Attribution 4.0 International,https://creativecommons.org/licenses/by/4.0/,https://registry.opendata.aws/amazon-berkeley-objects/,true,"Amazon Berkeley Objects asset B07DBDV64G, © Amazon.com, licensed under Creative Commons Attribution 4.0 International.",,reference_good,source_anchor_not_human,abo_materials_textures_min2048,abo:B07DBDV64G,022acd3eb429a458d1453badd6399a2188924ceaadb4f58f59b6c021b9428dd4,,,0.9993346131886096,good,0.5547608733177185,good,Metadata manifest only. Obtain and use the asset under its listed source license and attribution requirements.
abo_B07DBDX48X,Amazon Berkeley Objects,Amazon Berkeley Objects,B07DBDX48X,ABO object B07DBDX48X,Amazon.com,,https://registry.opendata.aws/amazon-berkeley-objects/,https://www.amazon.com/dp/B07DBDX48X,https://registry.opendata.aws/amazon-berkeley-objects/,s3://amazon-berkeley-objects/3dmodels/original/X/B07DBDX48X.glb,https://amazon-berkeley-objects.s3.amazonaws.com/3dmodels/original/X/B07DBDX48X.glb,CC Attribution,CC-BY-4.0,Creative Commons Attribution 4.0 International,https://creativecommons.org/licenses/by/4.0/,https://registry.opendata.aws/amazon-berkeley-objects/,true,"Amazon Berkeley Objects asset B07DBDX48X, © Amazon.com, licensed under Creative Commons Attribution 4.0 International.",,reference_good,source_anchor_not_human,abo_materials_textures_min2048,abo:B07DBDX48X,392a40041b082c990a911b1de27ad4143eab6175553a1f04f3f970f50017c971,,,0.9993630132679272,good,0.999272346496582,good,Metadata manifest only. Obtain and use the asset under its listed source license and attribution requirements.
abo_B07DBDX5WF,Amazon Berkeley Objects,Amazon Berkeley Objects,B07DBDX5WF,ABO object B07DBDX5WF,Amazon.com,,https://registry.opendata.aws/amazon-berkeley-objects/,https://www.amazon.com/dp/B07DBDX5WF,https://registry.opendata.aws/amazon-berkeley-objects/,s3://amazon-berkeley-objects/3dmodels/original/F/B07DBDX5WF.glb,https://amazon-berkeley-objects.s3.amazonaws.com/3dmodels/original/F/B07DBDX5WF.glb,CC Attribution,CC-BY-4.0,Creative Commons Attribution 4.0 International,https://creativecommons.org/licenses/by/4.0/,https://registry.opendata.aws/amazon-berkeley-objects/,true,"Amazon Berkeley Objects asset B07DBDX5WF, © Amazon.com, licensed under Creative Commons Attribution 4.0 International.",,reference_good,source_anchor_not_human,abo_materials_textures_min2048,abo:B07DBDX5WF,7a6f8c422f806da3c67b3f7507d4e07305563b0e8bbbd09dc722106349d229ff,,,0.9983743286644656,good,0.94040185213089,good,Metadata manifest only. Obtain and use the asset under its listed source license and attribution requirements.
abo_B07DBDZ2PV,Amazon Berkeley Objects,Amazon Berkeley Objects,B07DBDZ2PV,ABO object B07DBDZ2PV,Amazon.com,,https://registry.opendata.aws/amazon-berkeley-objects/,https://www.amazon.com/dp/B07DBDZ2PV,https://registry.opendata.aws/amazon-berkeley-objects/,s3://amazon-berkeley-objects/3dmodels/original/V/B07DBDZ2PV.glb,https://amazon-berkeley-objects.s3.amazonaws.com/3dmodels/original/V/B07DBDZ2PV.glb,CC Attribution,CC-BY-4.0,Creative Commons Attribution 4.0 International,https://creativecommons.org/licenses/by/4.0/,https://registry.opendata.aws/amazon-berkeley-objects/,true,"Amazon Berkeley Objects asset B07DBDZ2PV, © Amazon.com, licensed under Creative Commons Attribution 4.0 International.",,reference_good,source_anchor_not_human,abo_materials_textures_min2048,abo:B07DBDZ2PV,74338b9ac4122ea07128d7d59cfcbc3376cce5de55fa2a56d8872c4c4676f341,,,0.9991921335795936,good,0.1766200214624405,bad,Metadata manifest only. Obtain and use the asset under its listed source license and attribution requirements.
abo_B07DBDZ2TG,Amazon Berkeley Objects,Amazon Berkeley Objects,B07DBDZ2TG,ABO object B07DBDZ2TG,Amazon.com,,https://registry.opendata.aws/amazon-berkeley-objects/,https://www.amazon.com/dp/B07DBDZ2TG,https://registry.opendata.aws/amazon-berkeley-objects/,s3://amazon-berkeley-objects/3dmodels/original/G/B07DBDZ2TG.glb,https://amazon-berkeley-objects.s3.amazonaws.com/3dmodels/original/G/B07DBDZ2TG.glb,CC Attribution,CC-BY-4.0,Creative Commons Attribution 4.0 International,https://creativecommons.org/licenses/by/4.0/,https://registry.opendata.aws/amazon-berkeley-objects/,true,"Amazon Berkeley Objects asset B07DBDZ2TG, © Amazon.com, licensed under Creative Commons Attribution 4.0 International.",,reference_good,source_anchor_not_human,abo_materials_textures_min2048,abo:B07DBDZ2TG,90780b0a7850f1a305db5eff22d055126cd4d5901e598914afdf5e3fe8293a44,,,0.9990902095261002,good,0.9999980926513672,good,Metadata manifest only. Obtain and use the asset under its listed source license and attribution requirements.
abo_B07DBFFG9Z,Amazon Berkeley Objects,Amazon Berkeley Objects,B07DBFFG9Z,ABO object B07DBFFG9Z,Amazon.com,,https://registry.opendata.aws/amazon-berkeley-objects/,https://www.amazon.com/dp/B07DBFFG9Z,https://registry.opendata.aws/amazon-berkeley-objects/,s3://amazon-berkeley-objects/3dmodels/original/Z/B07DBFFG9Z.glb,https://amazon-berkeley-objects.s3.amazonaws.com/3dmodels/original/Z/B07DBFFG9Z.glb,CC Attribution,CC-BY-4.0,Creative Commons Attribution 4.0 International,https://creativecommons.org/licenses/by/4.0/,https://registry.opendata.aws/amazon-berkeley-objects/,true,"Amazon Berkeley Objects asset B07DBFFG9Z, © Amazon.com, licensed under Creative Commons Attribution 4.0 International.",,reference_good,source_anchor_not_human,abo_materials_textures_min2048,abo:B07DBFFG9Z,d84e53c4c22f8b24f37fbc7e87faab5afd3229d4822a2f378d28a7ff3d0d5aa5,,,0.9993638108478532,good,0.999955415725708,good,Metadata manifest only. Obtain and use the asset under its listed source license and attribution requirements.
abo_B07DBFQFJQ,Amazon Berkeley Objects,Amazon Berkeley Objects,B07DBFQFJQ,ABO object B07DBFQFJQ,Amazon.com,,https://registry.opendata.aws/amazon-berkeley-objects/,https://www.amazon.com/dp/B07DBFQFJQ,https://registry.opendata.aws/amazon-berkeley-objects/,s3://amazon-berkeley-objects/3dmodels/original/Q/B07DBFQFJQ.glb,https://amazon-berkeley-objects.s3.amazonaws.com/3dmodels/original/Q/B07DBFQFJQ.glb,CC Attribution,CC-BY-4.0,Creative Commons Attribution 4.0 International,https://creativecommons.org/licenses/by/4.0/,https://registry.opendata.aws/amazon-berkeley-objects/,true,"Amazon Berkeley Objects asset B07DBFQFJQ, © Amazon.com, licensed under Creative Commons Attribution 4.0 International.",,reference_good,source_anchor_not_human,abo_materials_textures_min2048,abo:B07DBFQFJQ,017629e1f298ba4f066d825930a449a8e83d584d713534c5bd9f0e40cdded2fa,,,0.9993162521107244,good,0.4386540055274963,bad,Metadata manifest only. Obtain and use the asset under its listed source license and attribution requirements.
abo_B07DBFT7MS,Amazon Berkeley Objects,Amazon Berkeley Objects,B07DBFT7MS,ABO object B07DBFT7MS,Amazon.com,,https://registry.opendata.aws/amazon-berkeley-objects/,https://www.amazon.com/dp/B07DBFT7MS,https://registry.opendata.aws/amazon-berkeley-objects/,s3://amazon-berkeley-objects/3dmodels/original/S/B07DBFT7MS.glb,https://amazon-berkeley-objects.s3.amazonaws.com/3dmodels/original/S/B07DBFT7MS.glb,CC Attribution,CC-BY-4.0,Creative Commons Attribution 4.0 International,https://creativecommons.org/licenses/by/4.0/,https://registry.opendata.aws/amazon-berkeley-objects/,true,"Amazon Berkeley Objects asset B07DBFT7MS, © Amazon.com, licensed under Creative Commons Attribution 4.0 International.",,reference_good,source_anchor_not_human,abo_materials_textures_min2048,abo:B07DBFT7MS,c639197eff427972cd4e89c43e6607c82715a45ed2f0b98214cbae69bfefee05,,,0.9993353369540872,good,0.996302843093872,good,Metadata manifest only. Obtain and use the asset under its listed source license and attribution requirements.
abo_B07DBFXZQT,Amazon Berkeley Objects,Amazon Berkeley Objects,B07DBFXZQT,ABO object B07DBFXZQT,Amazon.com,,https://registry.opendata.aws/amazon-berkeley-objects/,https://www.amazon.com/dp/B07DBFXZQT,https://registry.opendata.aws/amazon-berkeley-objects/,s3://amazon-berkeley-objects/3dmodels/original/T/B07DBFXZQT.glb,https://amazon-berkeley-objects.s3.amazonaws.com/3dmodels/original/T/B07DBFXZQT.glb,CC Attribution,CC-BY-4.0,Creative Commons Attribution 4.0 International,https://creativecommons.org/licenses/by/4.0/,https://registry.opendata.aws/amazon-berkeley-objects/,true,"Amazon Berkeley Objects asset B07DBFXZQT, © Amazon.com, licensed under Creative Commons Attribution 4.0 International.",,reference_good,source_anchor_not_human,abo_materials_textures_min2048,abo:B07DBFXZQT,36670f2ce3c7aa755e2f7aaf157f159352d2358de83ba7ca09219e37d082f212,,,0.9993291069911704,good,0.2329674065113067,bad,Metadata manifest only. Obtain and use the asset under its listed source license and attribution requirements.
abo_B07DBG4PPP,Amazon Berkeley Objects,Amazon Berkeley Objects,B07DBG4PPP,ABO object B07DBG4PPP,Amazon.com,,https://registry.opendata.aws/amazon-berkeley-objects/,https://www.amazon.com/dp/B07DBG4PPP,https://registry.opendata.aws/amazon-berkeley-objects/,s3://amazon-berkeley-objects/3dmodels/original/P/B07DBG4PPP.glb,https://amazon-berkeley-objects.s3.amazonaws.com/3dmodels/original/P/B07DBG4PPP.glb,CC Attribution,CC-BY-4.0,Creative Commons Attribution 4.0 International,https://creativecommons.org/licenses/by/4.0/,https://registry.opendata.aws/amazon-berkeley-objects/,true,"Amazon Berkeley Objects asset B07DBG4PPP, © Amazon.com, licensed under Creative Commons Attribution 4.0 International.",,reference_good,source_anchor_not_human,abo_materials_textures_min2048,abo:B07DBG4PPP,02a85b16be5931cd0deadbcb09728d9df5efb941901bc0cf95693619af26cbca,,,0.9993641478570076,good,0.996792495250702,good,Metadata manifest only. Obtain and use the asset under its listed source license and attribution requirements.
abo_B07DBG898M,Amazon Berkeley Objects,Amazon Berkeley Objects,B07DBG898M,ABO object B07DBG898M,Amazon.com,,https://registry.opendata.aws/amazon-berkeley-objects/,https://www.amazon.com/dp/B07DBG898M,https://registry.opendata.aws/amazon-berkeley-objects/,s3://amazon-berkeley-objects/3dmodels/original/M/B07DBG898M.glb,https://amazon-berkeley-objects.s3.amazonaws.com/3dmodels/original/M/B07DBG898M.glb,CC Attribution,CC-BY-4.0,Creative Commons Attribution 4.0 International,https://creativecommons.org/licenses/by/4.0/,https://registry.opendata.aws/amazon-berkeley-objects/,true,"Amazon Berkeley Objects asset B07DBG898M, © Amazon.com, licensed under Creative Commons Attribution 4.0 International.",,reference_good,source_anchor_not_human,abo_materials_textures_min2048,abo:B07DBG898M,ab9b9629a387b2ba877655e9e7ad476470e5fc71e07d0eaf854e310822e2b929,,,0.9993644917175608,good,0.9907100200653076,good,Metadata manifest only. Obtain and use the asset under its listed source license and attribution requirements.
abo_B07DBGPHM9,Amazon Berkeley Objects,Amazon Berkeley Objects,B07DBGPHM9,ABO object B07DBGPHM9,Amazon.com,,https://registry.opendata.aws/amazon-berkeley-objects/,https://www.amazon.com/dp/B07DBGPHM9,https://registry.opendata.aws/amazon-berkeley-objects/,s3://amazon-berkeley-objects/3dmodels/original/9/B07DBGPHM9.glb,https://amazon-berkeley-objects.s3.amazonaws.com/3dmodels/original/9/B07DBGPHM9.glb,CC Attribution,CC-BY-4.0,Creative Commons Attribution 4.0 International,https://creativecommons.org/licenses/by/4.0/,https://registry.opendata.aws/amazon-berkeley-objects/,true,"Amazon Berkeley Objects asset B07DBGPHM9, © Amazon.com, licensed under Creative Commons Attribution 4.0 International.",,reference_good,source_anchor_not_human,abo_materials_textures_min2048,abo:B07DBGPHM9,edf2e49ec59e7593e691d70d799abe6cd2a6b1d0f1678a3b5a35e845b5a6d3c6,,,0.9130067558305786,bad,0.9952629804611206,good,Metadata manifest only. Obtain and use the asset under its listed source license and attribution requirements.
abo_B07DBGPVKR,Amazon Berkeley Objects,Amazon Berkeley Objects,B07DBGPVKR,ABO object B07DBGPVKR,Amazon.com,,https://registry.opendata.aws/amazon-berkeley-objects/,https://www.amazon.com/dp/B07DBGPVKR,https://registry.opendata.aws/amazon-berkeley-objects/,s3://amazon-berkeley-objects/3dmodels/original/R/B07DBGPVKR.glb,https://amazon-berkeley-objects.s3.amazonaws.com/3dmodels/original/R/B07DBGPVKR.glb,CC Attribution,CC-BY-4.0,Creative Commons Attribution 4.0 International,https://creativecommons.org/licenses/by/4.0/,https://registry.opendata.aws/amazon-berkeley-objects/,true,"Amazon Berkeley Objects asset B07DBGPVKR, © Amazon.com, licensed under Creative Commons Attribution 4.0 International.",,reference_good,source_anchor_not_human,abo_materials_textures_min2048,abo:B07DBGPVKR,0fb6d1ce4d60f91e859a5ffb49b21e6e2afd01a8fbdb11fd4c5eef8e12fdb009,,,0.999265261073916,good,0.9935793876647948,good,Metadata manifest only. Obtain and use the asset under its listed source license and attribution requirements.
abo_B07DBHF136,Amazon Berkeley Objects,Amazon Berkeley Objects,B07DBHF136,ABO object B07DBHF136,Amazon.com,,https://registry.opendata.aws/amazon-berkeley-objects/,https://www.amazon.com/dp/B07DBHF136,https://registry.opendata.aws/amazon-berkeley-objects/,s3://amazon-berkeley-objects/3dmodels/original/6/B07DBHF136.glb,https://amazon-berkeley-objects.s3.amazonaws.com/3dmodels/original/6/B07DBHF136.glb,CC Attribution,CC-BY-4.0,Creative Commons Attribution 4.0 International,https://creativecommons.org/licenses/by/4.0/,https://registry.opendata.aws/amazon-berkeley-objects/,true,"Amazon Berkeley Objects asset B07DBHF136, © Amazon.com, licensed under Creative Commons Attribution 4.0 International.",,reference_good,source_anchor_not_human,abo_materials_textures_min2048,abo:B07DBHF136,381c907e3a04c3d3545352619259fa622041cd0b49f11add11dadbe412feffbc,,,0.9993210021435616,good,0.999690592288971,good,Metadata manifest only. Obtain and use the asset under its listed source license and attribution requirements.
abo_B07DBHPK4G,Amazon Berkeley Objects,Amazon Berkeley Objects,B07DBHPK4G,ABO object B07DBHPK4G,Amazon.com,,https://registry.opendata.aws/amazon-berkeley-objects/,https://www.amazon.com/dp/B07DBHPK4G,https://registry.opendata.aws/amazon-berkeley-objects/,s3://amazon-berkeley-objects/3dmodels/original/G/B07DBHPK4G.glb,https://amazon-berkeley-objects.s3.amazonaws.com/3dmodels/original/G/B07DBHPK4G.glb,CC Attribution,CC-BY-4.0,Creative Commons Attribution 4.0 International,https://creativecommons.org/licenses/by/4.0/,https://registry.opendata.aws/amazon-berkeley-objects/,true,"Amazon Berkeley Objects asset B07DBHPK4G, © Amazon.com, licensed under Creative Commons Attribution 4.0 International.",,reference_good,source_anchor_not_human,abo_materials_textures_min2048,abo:B07DBHPK4G,aa5cf7f0c37ebb866170e9c7da8df198f38df44e4e483a751ab0ed20c097fdd3,,,0.9993641418186028,good,0.9805898070335388,good,Metadata manifest only. Obtain and use the asset under its listed source license and attribution requirements.
abo_B07DTLKL7L,Amazon Berkeley Objects,Amazon Berkeley Objects,B07DTLKL7L,ABO object B07DTLKL7L,Amazon.com,,https://registry.opendata.aws/amazon-berkeley-objects/,https://www.amazon.com/dp/B07DTLKL7L,https://registry.opendata.aws/amazon-berkeley-objects/,s3://amazon-berkeley-objects/3dmodels/original/L/B07DTLKL7L.glb,https://amazon-berkeley-objects.s3.amazonaws.com/3dmodels/original/L/B07DTLKL7L.glb,CC Attribution,CC-BY-4.0,Creative Commons Attribution 4.0 International,https://creativecommons.org/licenses/by/4.0/,https://registry.opendata.aws/amazon-berkeley-objects/,true,"Amazon Berkeley Objects asset B07DTLKL7L, © Amazon.com, licensed under Creative Commons Attribution 4.0 International.",,reference_good,source_anchor_not_human,abo_materials_textures_min2048,abo:B07DTLKL7L,57753b1b087b59fc775a6324a6134be6d63ca79af0e4e2f3990a1342e7ef662c,,,0.9993646488940612,good,0.9999998807907104,good,Metadata manifest only. Obtain and use the asset under its listed source license and attribution requirements.
abo_B07DVRLW48,Amazon Berkeley Objects,Amazon Berkeley Objects,B07DVRLW48,ABO object B07DVRLW48,Amazon.com,,https://registry.opendata.aws/amazon-berkeley-objects/,https://www.amazon.com/dp/B07DVRLW48,https://registry.opendata.aws/amazon-berkeley-objects/,s3://amazon-berkeley-objects/3dmodels/original/8/B07DVRLW48.glb,https://amazon-berkeley-objects.s3.amazonaws.com/3dmodels/original/8/B07DVRLW48.glb,CC Attribution,CC-BY-4.0,Creative Commons Attribution 4.0 International,https://creativecommons.org/licenses/by/4.0/,https://registry.opendata.aws/amazon-berkeley-objects/,true,"Amazon Berkeley Objects asset B07DVRLW48, © Amazon.com, licensed under Creative Commons Attribution 4.0 International.",,reference_good,source_anchor_not_human,abo_materials_textures_min2048,abo:B07DVRLW48,194cdf2694d7bdba71f0c72d6161eb0067cb205e3ea82e677da4db1d6d947f7c,,,0.9993581321660124,good,0.9924955368041992,good,Metadata manifest only. Obtain and use the asset under its listed source license and attribution requirements.
abo_B07F2X89KT,Amazon Berkeley Objects,Amazon Berkeley Objects,B07F2X89KT,ABO object B07F2X89KT,Amazon.com,,https://registry.opendata.aws/amazon-berkeley-objects/,https://www.amazon.com/dp/B07F2X89KT,https://registry.opendata.aws/amazon-berkeley-objects/,s3://amazon-berkeley-objects/3dmodels/original/T/B07F2X89KT.glb,https://amazon-berkeley-objects.s3.amazonaws.com/3dmodels/original/T/B07F2X89KT.glb,CC Attribution,CC-BY-4.0,Creative Commons Attribution 4.0 International,https://creativecommons.org/licenses/by/4.0/,https://registry.opendata.aws/amazon-berkeley-objects/,true,"Amazon Berkeley Objects asset B07F2X89KT, © Amazon.com, licensed under Creative Commons Attribution 4.0 International.",,reference_good,source_anchor_not_human,abo_materials_textures_min2048,abo:B07F2X89KT,aaa67dde678824f95d47963cfea80180d9e912fdbacb8a7a3874df4d249a8406,,,0.9993635167041168,good,0.9837736487388612,good,Metadata manifest only. Obtain and use the asset under its listed source license and attribution requirements.
abo_B07FJVXVNW,Amazon Berkeley Objects,Amazon Berkeley Objects,B07FJVXVNW,ABO object B07FJVXVNW,Amazon.com,,https://registry.opendata.aws/amazon-berkeley-objects/,https://www.amazon.com/dp/B07FJVXVNW,https://registry.opendata.aws/amazon-berkeley-objects/,s3://amazon-berkeley-objects/3dmodels/original/W/B07FJVXVNW.glb,https://amazon-berkeley-objects.s3.amazonaws.com/3dmodels/original/W/B07FJVXVNW.glb,CC Attribution,CC-BY-4.0,Creative Commons Attribution 4.0 International,https://creativecommons.org/licenses/by/4.0/,https://registry.opendata.aws/amazon-berkeley-objects/,true,"Amazon Berkeley Objects asset B07FJVXVNW, © Amazon.com, licensed under Creative Commons Attribution 4.0 International.",,reference_good,source_anchor_not_human,abo_materials_textures_min2048,abo:B07FJVXVNW,a9605d0a248c76872b29b42e86fd18dbdba4ebad64fb380ec6fd92910ba4c21d,,,0.9993624630156946,good,0.989151656627655,good,Metadata manifest only. Obtain and use the asset under its listed source license and attribution requirements.
abo_B07G2N6QSJ,Amazon Berkeley Objects,Amazon Berkeley Objects,B07G2N6QSJ,ABO object B07G2N6QSJ,Amazon.com,,https://registry.opendata.aws/amazon-berkeley-objects/,https://www.amazon.com/dp/B07G2N6QSJ,https://registry.opendata.aws/amazon-berkeley-objects/,s3://amazon-berkeley-objects/3dmodels/original/J/B07G2N6QSJ.glb,https://amazon-berkeley-objects.s3.amazonaws.com/3dmodels/original/J/B07G2N6QSJ.glb,CC Attribution,CC-BY-4.0,Creative Commons Attribution 4.0 International,https://creativecommons.org/licenses/by/4.0/,https://registry.opendata.aws/amazon-berkeley-objects/,true,"Amazon Berkeley Objects asset B07G2N6QSJ, © Amazon.com, licensed under Creative Commons Attribution 4.0 International.",,reference_good,source_anchor_not_human,abo_materials_textures_min2048,abo:B07G2N6QSJ,143274c0c08a4277f671726a61a5aad3a14fb2b512100990125b25167190f2d0,,,0.9630414233402236,good,0.5879428386688232,good,Metadata manifest only. Obtain and use the asset under its listed source license and attribution requirements.
abo_B07GF51SLB,Amazon Berkeley Objects,Amazon Berkeley Objects,B07GF51SLB,ABO object B07GF51SLB,Amazon.com,,https://registry.opendata.aws/amazon-berkeley-objects/,https://www.amazon.com/dp/B07GF51SLB,https://registry.opendata.aws/amazon-berkeley-objects/,s3://amazon-berkeley-objects/3dmodels/original/B/B07GF51SLB.glb,https://amazon-berkeley-objects.s3.amazonaws.com/3dmodels/original/B/B07GF51SLB.glb,CC Attribution,CC-BY-4.0,Creative Commons Attribution 4.0 International,https://creativecommons.org/licenses/by/4.0/,https://registry.opendata.aws/amazon-berkeley-objects/,true,"Amazon Berkeley Objects asset B07GF51SLB, © Amazon.com, licensed under Creative Commons Attribution 4.0 International.",,reference_good,source_anchor_not_human,abo_materials_textures_min2048,abo:B07GF51SLB,3118a1ab82bec474dc5f315d156332c2a9d5a9cffbfccf3feeace529d5423b51,,,0.999359133990892,good,0.9999986886978148,good,Metadata manifest only. Obtain and use the asset under its listed source license and attribution requirements.
abo_B07GFDXXDL,Amazon Berkeley Objects,Amazon Berkeley Objects,B07GFDXXDL,ABO object B07GFDXXDL,Amazon.com,,https://registry.opendata.aws/amazon-berkeley-objects/,https://www.amazon.com/dp/B07GFDXXDL,https://registry.opendata.aws/amazon-berkeley-objects/,s3://amazon-berkeley-objects/3dmodels/original/L/B07GFDXXDL.glb,https://amazon-berkeley-objects.s3.amazonaws.com/3dmodels/original/L/B07GFDXXDL.glb,CC Attribution,CC-BY-4.0,Creative Commons Attribution 4.0 International,https://creativecommons.org/licenses/by/4.0/,https://registry.opendata.aws/amazon-berkeley-objects/,true,"Amazon Berkeley Objects asset B07GFDXXDL, © Amazon.com, licensed under Creative Commons Attribution 4.0 International.",,reference_good,source_anchor_not_human,abo_materials_textures_min2048,abo:B07GFDXXDL,ba4455ebd05badf9c4d8b0e27efb9d1b9a57e6682e5bd8ba4c33e1b413e90937,,,0.9993584099548406,good,0.9459714889526368,good,Metadata manifest only. Obtain and use the asset under its listed source license and attribution requirements.
abo_B07GFFPK5T,Amazon Berkeley Objects,Amazon Berkeley Objects,B07GFFPK5T,ABO object B07GFFPK5T,Amazon.com,,https://registry.opendata.aws/amazon-berkeley-objects/,https://www.amazon.com/dp/B07GFFPK5T,https://registry.opendata.aws/amazon-berkeley-objects/,s3://amazon-berkeley-objects/3dmodels/original/T/B07GFFPK5T.glb,https://amazon-berkeley-objects.s3.amazonaws.com/3dmodels/original/T/B07GFFPK5T.glb,CC Attribution,CC-BY-4.0,Creative Commons Attribution 4.0 International,https://creativecommons.org/licenses/by/4.0/,https://registry.opendata.aws/amazon-berkeley-objects/,true,"Amazon Berkeley Objects asset B07GFFPK5T, © Amazon.com, licensed under Creative Commons Attribution 4.0 International.",,reference_good,source_anchor_not_human,abo_materials_textures_min2048,abo:B07GFFPK5T,272de913bd13448ddfa228b87e5080a5f83e7eeccb26eb15f88747f96698a7e3,,,0.9966133613691084,good,0.6127803325653076,bad,Metadata manifest only. Obtain and use the asset under its listed source license and attribution requirements.
abo_B07GFG6JMM,Amazon Berkeley Objects,Amazon Berkeley Objects,B07GFG6JMM,ABO object B07GFG6JMM,Amazon.com,,https://registry.opendata.aws/amazon-berkeley-objects/,https://www.amazon.com/dp/B07GFG6JMM,https://registry.opendata.aws/amazon-berkeley-objects/,s3://amazon-berkeley-objects/3dmodels/original/M/B07GFG6JMM.glb,https://amazon-berkeley-objects.s3.amazonaws.com/3dmodels/original/M/B07GFG6JMM.glb,CC Attribution,CC-BY-4.0,Creative Commons Attribution 4.0 International,https://creativecommons.org/licenses/by/4.0/,https://registry.opendata.aws/amazon-berkeley-objects/,true,"Amazon Berkeley Objects asset B07GFG6JMM, © Amazon.com, licensed under Creative Commons Attribution 4.0 International.",,reference_good,source_anchor_not_human,abo_materials_textures_min2048,abo:B07GFG6JMM,07c10de63b1ed3f0e4519b304d6566f711b276d4be189b8948780934ab3a44d3,,,0.999260052124643,good,0.999958336353302,good,Metadata manifest only. Obtain and use the asset under its listed source license and attribution requirements.
abo_B07GFG6JN7,Amazon Berkeley Objects,Amazon Berkeley Objects,B07GFG6JN7,ABO object B07GFG6JN7,Amazon.com,,https://registry.opendata.aws/amazon-berkeley-objects/,https://www.amazon.com/dp/B07GFG6JN7,https://registry.opendata.aws/amazon-berkeley-objects/,s3://amazon-berkeley-objects/3dmodels/original/7/B07GFG6JN7.glb,https://amazon-berkeley-objects.s3.amazonaws.com/3dmodels/original/7/B07GFG6JN7.glb,CC Attribution,CC-BY-4.0,Creative Commons Attribution 4.0 International,https://creativecommons.org/licenses/by/4.0/,https://registry.opendata.aws/amazon-berkeley-objects/,true,"Amazon Berkeley Objects asset B07GFG6JN7, © Amazon.com, licensed under Creative Commons Attribution 4.0 International.",,reference_good,source_anchor_not_human,abo_materials_textures_min2048,abo:B07GFG6JN7,7fca7bd2c99db91e54bce12d3f25d06e4b3ebb4cf2bc50b1195ec152da4ec3b0,,,0.9993599150757292,good,0.9861160516738892,good,Metadata manifest only. Obtain and use the asset under its listed source license and attribution requirements.
abo_B07GFSJ68G,Amazon Berkeley Objects,Amazon Berkeley Objects,B07GFSJ68G,ABO object B07GFSJ68G,Amazon.com,,https://registry.opendata.aws/amazon-berkeley-objects/,https://www.amazon.com/dp/B07GFSJ68G,https://registry.opendata.aws/amazon-berkeley-objects/,s3://amazon-berkeley-objects/3dmodels/original/G/B07GFSJ68G.glb,https://amazon-berkeley-objects.s3.amazonaws.com/3dmodels/original/G/B07GFSJ68G.glb,CC Attribution,CC-BY-4.0,Creative Commons Attribution 4.0 International,https://creativecommons.org/licenses/by/4.0/,https://registry.opendata.aws/amazon-berkeley-objects/,true,"Amazon Berkeley Objects asset B07GFSJ68G, © Amazon.com, licensed under Creative Commons Attribution 4.0 International.",,reference_good,source_anchor_not_human,abo_materials_textures_min2048,abo:B07GFSJ68G,5e67da4ad6b69be6f15e587bf7a684cc2a9c760a32d22e670c5e0d41b93b1877,,,0.9498927252658292,bad,0.9999924898147584,good,Metadata manifest only. Obtain and use the asset under its listed source license and attribution requirements.
abo_B07GFT639N,Amazon Berkeley Objects,Amazon Berkeley Objects,B07GFT639N,ABO object B07GFT639N,Amazon.com,,https://registry.opendata.aws/amazon-berkeley-objects/,https://www.amazon.com/dp/B07GFT639N,https://registry.opendata.aws/amazon-berkeley-objects/,s3://amazon-berkeley-objects/3dmodels/original/N/B07GFT639N.glb,https://amazon-berkeley-objects.s3.amazonaws.com/3dmodels/original/N/B07GFT639N.glb,CC Attribution,CC-BY-4.0,Creative Commons Attribution 4.0 International,https://creativecommons.org/licenses/by/4.0/,https://registry.opendata.aws/amazon-berkeley-objects/,true,"Amazon Berkeley Objects asset B07GFT639N, © Amazon.com, licensed under Creative Commons Attribution 4.0 International.",,reference_good,source_anchor_not_human,abo_materials_textures_min2048,abo:B07GFT639N,b64cee4df646fc12c20632c994fc2e4423dbfa356c6156d8d8442715dea4004a,,,0.9992113604794872,good,0.984640657901764,good,Metadata manifest only. Obtain and use the asset under its listed source license and attribution requirements.
abo_B07H8JRYFP,Amazon Berkeley Objects,Amazon Berkeley Objects,B07H8JRYFP,ABO object B07H8JRYFP,Amazon.com,,https://registry.opendata.aws/amazon-berkeley-objects/,https://www.amazon.com/dp/B07H8JRYFP,https://registry.opendata.aws/amazon-berkeley-objects/,s3://amazon-berkeley-objects/3dmodels/original/P/B07H8JRYFP.glb,https://amazon-berkeley-objects.s3.amazonaws.com/3dmodels/original/P/B07H8JRYFP.glb,CC Attribution,CC-BY-4.0,Creative Commons Attribution 4.0 International,https://creativecommons.org/licenses/by/4.0/,https://registry.opendata.aws/amazon-berkeley-objects/,true,"Amazon Berkeley Objects asset B07H8JRYFP, © Amazon.com, licensed under Creative Commons Attribution 4.0 International.",,reference_good,source_anchor_not_human,abo_materials_textures_min2048,abo:B07H8JRYFP,1dbafb05ff7ed6fca781d12ddb5317d1bb7c7df4547ce0750db4017fa8856e9f,,,0.9989462992634488,good,0.2712693512439728,bad,Metadata manifest only. Obtain and use the asset under its listed source license and attribution requirements.
abo_B07H8T32NQ,Amazon Berkeley Objects,Amazon Berkeley Objects,B07H8T32NQ,ABO object B07H8T32NQ,Amazon.com,,https://registry.opendata.aws/amazon-berkeley-objects/,https://www.amazon.com/dp/B07H8T32NQ,https://registry.opendata.aws/amazon-berkeley-objects/,s3://amazon-berkeley-objects/3dmodels/original/Q/B07H8T32NQ.glb,https://amazon-berkeley-objects.s3.amazonaws.com/3dmodels/original/Q/B07H8T32NQ.glb,CC Attribution,CC-BY-4.0,Creative Commons Attribution 4.0 International,https://creativecommons.org/licenses/by/4.0/,https://registry.opendata.aws/amazon-berkeley-objects/,true,"Amazon Berkeley Objects asset B07H8T32NQ, © Amazon.com, licensed under Creative Commons Attribution 4.0 International.",,reference_good,source_anchor_not_human,abo_materials_textures_min2048,abo:B07H8T32NQ,49530f5ac3b9e783477a987461e0dd0f34cf1336d217faf0c80511a19bbdf775,,,0.9993270932034288,good,0.9854344129562378,good,Metadata manifest only. Obtain and use the asset under its listed source license and attribution requirements.
abo_B07HJFY5KD,Amazon Berkeley Objects,Amazon Berkeley Objects,B07HJFY5KD,ABO object B07HJFY5KD,Amazon.com,,https://registry.opendata.aws/amazon-berkeley-objects/,https://www.amazon.com/dp/B07HJFY5KD,https://registry.opendata.aws/amazon-berkeley-objects/,s3://amazon-berkeley-objects/3dmodels/original/D/B07HJFY5KD.glb,https://amazon-berkeley-objects.s3.amazonaws.com/3dmodels/original/D/B07HJFY5KD.glb,CC Attribution,CC-BY-4.0,Creative Commons Attribution 4.0 International,https://creativecommons.org/licenses/by/4.0/,https://registry.opendata.aws/amazon-berkeley-objects/,true,"Amazon Berkeley Objects asset B07HJFY5KD, © Amazon.com, licensed under Creative Commons Attribution 4.0 International.",,reference_good,source_anchor_not_human,abo_materials_textures_min2048,abo:B07HJFY5KD,c8ed02d8993fad134b872bfe547bb22df80f0353139d6480446da1f3899e68df,,,0.9993636983635492,good,0.4229425191879272,bad,Metadata manifest only. Obtain and use the asset under its listed source license and attribution requirements.
abo_B07HSBD8DM,Amazon Berkeley Objects,Amazon Berkeley Objects,B07HSBD8DM,ABO object B07HSBD8DM,Amazon.com,,https://registry.opendata.aws/amazon-berkeley-objects/,https://www.amazon.com/dp/B07HSBD8DM,https://registry.opendata.aws/amazon-berkeley-objects/,s3://amazon-berkeley-objects/3dmodels/original/M/B07HSBD8DM.glb,https://amazon-berkeley-objects.s3.amazonaws.com/3dmodels/original/M/B07HSBD8DM.glb,CC Attribution,CC-BY-4.0,Creative Commons Attribution 4.0 International,https://creativecommons.org/licenses/by/4.0/,https://registry.opendata.aws/amazon-berkeley-objects/,true,"Amazon Berkeley Objects asset B07HSBD8DM, © Amazon.com, licensed under Creative Commons Attribution 4.0 International.",,reference_good,source_anchor_not_human,abo_materials_textures_min2048,abo:B07HSBD8DM,7e2c27105ad35d4bcffc577243fde5e2270c4769cc3471db2184b1d6837d485a,,,0.9993631255622852,good,1.0,good,Metadata manifest only. Obtain and use the asset under its listed source license and attribution requirements.
abo_B07HSBHY71,Amazon Berkeley Objects,Amazon Berkeley Objects,B07HSBHY71,ABO object B07HSBHY71,Amazon.com,,https://registry.opendata.aws/amazon-berkeley-objects/,https://www.amazon.com/dp/B07HSBHY71,https://registry.opendata.aws/amazon-berkeley-objects/,s3://amazon-berkeley-objects/3dmodels/original/1/B07HSBHY71.glb,https://amazon-berkeley-objects.s3.amazonaws.com/3dmodels/original/1/B07HSBHY71.glb,CC Attribution,CC-BY-4.0,Creative Commons Attribution 4.0 International,https://creativecommons.org/licenses/by/4.0/,https://registry.opendata.aws/amazon-berkeley-objects/,true,"Amazon Berkeley Objects asset B07HSBHY71, © Amazon.com, licensed under Creative Commons Attribution 4.0 International.",,reference_good,source_anchor_not_human,abo_materials_textures_min2048,abo:B07HSBHY71,3fa8012f82e6cf46a8904aa9fb2630987242e52654197fe30984ae4da5c7dfc5,,,0.999362630932588,good,0.9978771209716796,good,Metadata manifest only. Obtain and use the asset under its listed source license and attribution requirements.
abo_B07HSCRG8T,Amazon Berkeley Objects,Amazon Berkeley Objects,B07HSCRG8T,ABO object B07HSCRG8T,Amazon.com,,https://registry.opendata.aws/amazon-berkeley-objects/,https://www.amazon.com/dp/B07HSCRG8T,https://registry.opendata.aws/amazon-berkeley-objects/,s3://amazon-berkeley-objects/3dmodels/original/T/B07HSCRG8T.glb,https://amazon-berkeley-objects.s3.amazonaws.com/3dmodels/original/T/B07HSCRG8T.glb,CC Attribution,CC-BY-4.0,Creative Commons Attribution 4.0 International,https://creativecommons.org/licenses/by/4.0/,https://registry.opendata.aws/amazon-berkeley-objects/,true,"Amazon Berkeley Objects asset B07HSCRG8T, © Amazon.com, licensed under Creative Commons Attribution 4.0 International.",,reference_good,source_anchor_not_human,abo_materials_textures_min2048,abo:B07HSCRG8T,511a87786d3b06fa30dd9e93b3eed1a84fb81fcc5f4c71c1ea8f4d0c4dbbe672,,,0.999364563668956,good,0.9999843835830688,good,Metadata manifest only. Obtain and use the asset under its listed source license and attribution requirements.
abo_B07HSFB4Y7,Amazon Berkeley Objects,Amazon Berkeley Objects,B07HSFB4Y7,ABO object B07HSFB4Y7,Amazon.com,,https://registry.opendata.aws/amazon-berkeley-objects/,https://www.amazon.com/dp/B07HSFB4Y7,https://registry.opendata.aws/amazon-berkeley-objects/,s3://amazon-berkeley-objects/3dmodels/original/7/B07HSFB4Y7.glb,https://amazon-berkeley-objects.s3.amazonaws.com/3dmodels/original/7/B07HSFB4Y7.glb,CC Attribution,CC-BY-4.0,Creative Commons Attribution 4.0 International,https://creativecommons.org/licenses/by/4.0/,https://registry.opendata.aws/amazon-berkeley-objects/,true,"Amazon Berkeley Objects asset B07HSFB4Y7, © Amazon.com, licensed under Creative Commons Attribution 4.0 International.",,reference_good,source_anchor_not_human,abo_materials_textures_min2048,abo:B07HSFB4Y7,e723ae88e3b366e1149a7df4be8518f2e97635d7847d3dd599aa16018537e50c,,,0.9993558911315656,good,0.9980239272117616,good,Metadata manifest only. Obtain and use the asset under its listed source license and attribution requirements.
abo_B07HSH1VGH,Amazon Berkeley Objects,Amazon Berkeley Objects,B07HSH1VGH,ABO object B07HSH1VGH,Amazon.com,,https://registry.opendata.aws/amazon-berkeley-objects/,https://www.amazon.com/dp/B07HSH1VGH,https://registry.opendata.aws/amazon-berkeley-objects/,s3://amazon-berkeley-objects/3dmodels/original/H/B07HSH1VGH.glb,https://amazon-berkeley-objects.s3.amazonaws.com/3dmodels/original/H/B07HSH1VGH.glb,CC Attribution,CC-BY-4.0,Creative Commons Attribution 4.0 International,https://creativecommons.org/licenses/by/4.0/,https://registry.opendata.aws/amazon-berkeley-objects/,true,"Amazon Berkeley Objects asset B07HSH1VGH, © Amazon.com, licensed under Creative Commons Attribution 4.0 International.",,reference_good,source_anchor_not_human,abo_materials_textures_min2048,abo:B07HSH1VGH,82158c47690d5d8d120226866fe1264a63fd83653225edeaa76d456c936aa6e4,,,0.2145140678489113,bad,0.9999988675117492,good,Metadata manifest only. Obtain and use the asset under its listed source license and attribution requirements.
abo_B07HSH22K8,Amazon Berkeley Objects,Amazon Berkeley Objects,B07HSH22K8,ABO object B07HSH22K8,Amazon.com,,https://registry.opendata.aws/amazon-berkeley-objects/,https://www.amazon.com/dp/B07HSH22K8,https://registry.opendata.aws/amazon-berkeley-objects/,s3://amazon-berkeley-objects/3dmodels/original/8/B07HSH22K8.glb,https://amazon-berkeley-objects.s3.amazonaws.com/3dmodels/original/8/B07HSH22K8.glb,CC Attribution,CC-BY-4.0,Creative Commons Attribution 4.0 International,https://creativecommons.org/licenses/by/4.0/,https://registry.opendata.aws/amazon-berkeley-objects/,true,"Amazon Berkeley Objects asset B07HSH22K8, © Amazon.com, licensed under Creative Commons Attribution 4.0 International.",,reference_good,source_anchor_not_human,abo_materials_textures_min2048,abo:B07HSH22K8,71bb2f59073b8df1e6b8252fa9260d1cabd86bea5a1f2cac294b89bd6937f6ea,,,0.9992277432416088,good,0.999981701374054,good,Metadata manifest only. Obtain and use the asset under its listed source license and attribution requirements.
abo_B07HSJVP5C,Amazon Berkeley Objects,Amazon Berkeley Objects,B07HSJVP5C,ABO object B07HSJVP5C,Amazon.com,,https://registry.opendata.aws/amazon-berkeley-objects/,https://www.amazon.com/dp/B07HSJVP5C,https://registry.opendata.aws/amazon-berkeley-objects/,s3://amazon-berkeley-objects/3dmodels/original/C/B07HSJVP5C.glb,https://amazon-berkeley-objects.s3.amazonaws.com/3dmodels/original/C/B07HSJVP5C.glb,CC Attribution,CC-BY-4.0,Creative Commons Attribution 4.0 International,https://creativecommons.org/licenses/by/4.0/,https://registry.opendata.aws/amazon-berkeley-objects/,true,"Amazon Berkeley Objects asset B07HSJVP5C, © Amazon.com, licensed under Creative Commons Attribution 4.0 International.",,reference_good,source_anchor_not_human,abo_materials_textures_min2048,abo:B07HSJVP5C,313c9882f3d405e3aa78bf2739f634880a6cb63205000788643c065113177de4,,,0.9993622812830278,good,0.2629277408123016,bad,Metadata manifest only. Obtain and use the asset under its listed source license and attribution requirements.
abo_B07HSJY7CY,Amazon Berkeley Objects,Amazon Berkeley Objects,B07HSJY7CY,ABO object B07HSJY7CY,Amazon.com,,https://registry.opendata.aws/amazon-berkeley-objects/,https://www.amazon.com/dp/B07HSJY7CY,https://registry.opendata.aws/amazon-berkeley-objects/,s3://amazon-berkeley-objects/3dmodels/original/Y/B07HSJY7CY.glb,https://amazon-berkeley-objects.s3.amazonaws.com/3dmodels/original/Y/B07HSJY7CY.glb,CC Attribution,CC-BY-4.0,Creative Commons Attribution 4.0 International,https://creativecommons.org/licenses/by/4.0/,https://registry.opendata.aws/amazon-berkeley-objects/,true,"Amazon Berkeley Objects asset B07HSJY7CY, © Amazon.com, licensed under Creative Commons Attribution 4.0 International.",,reference_good,source_anchor_not_human,abo_materials_textures_min2048,abo:B07HSJY7CY,05d71c5210115e84e6099bcf857b3150b264a11ecd8aa9965e74da61ea63dd99,,,0.9991476846682412,good,0.9999927878379822,good,Metadata manifest only. Obtain and use the asset under its listed source license and attribution requirements.
abo_B07HSKB7B4,Amazon Berkeley Objects,Amazon Berkeley Objects,B07HSKB7B4,ABO object B07HSKB7B4,Amazon.com,,https://registry.opendata.aws/amazon-berkeley-objects/,https://www.amazon.com/dp/B07HSKB7B4,https://registry.opendata.aws/amazon-berkeley-objects/,s3://amazon-berkeley-objects/3dmodels/original/4/B07HSKB7B4.glb,https://amazon-berkeley-objects.s3.amazonaws.com/3dmodels/original/4/B07HSKB7B4.glb,CC Attribution,CC-BY-4.0,Creative Commons Attribution 4.0 International,https://creativecommons.org/licenses/by/4.0/,https://registry.opendata.aws/amazon-berkeley-objects/,true,"Amazon Berkeley Objects asset B07HSKB7B4, © Amazon.com, licensed under Creative Commons Attribution 4.0 International.",,reference_good,source_anchor_not_human,abo_materials_textures_min2048,abo:B07HSKB7B4,4250e0f8c08482cf0ff78021ed9c1f70a213c19a2d81d2680019c113041b04e7,,,0.9992247553134194,good,0.9539395570755004,good,Metadata manifest only. Obtain and use the asset under its listed source license and attribution requirements.
abo_B07HSLXH4F,Amazon Berkeley Objects,Amazon Berkeley Objects,B07HSLXH4F,ABO object B07HSLXH4F,Amazon.com,,https://registry.opendata.aws/amazon-berkeley-objects/,https://www.amazon.com/dp/B07HSLXH4F,https://registry.opendata.aws/amazon-berkeley-objects/,s3://amazon-berkeley-objects/3dmodels/original/F/B07HSLXH4F.glb,https://amazon-berkeley-objects.s3.amazonaws.com/3dmodels/original/F/B07HSLXH4F.glb,CC Attribution,CC-BY-4.0,Creative Commons Attribution 4.0 International,https://creativecommons.org/licenses/by/4.0/,https://registry.opendata.aws/amazon-berkeley-objects/,true,"Amazon Berkeley Objects asset B07HSLXH4F, © Amazon.com, licensed under Creative Commons Attribution 4.0 International.",,reference_good,source_anchor_not_human,abo_materials_textures_min2048,abo:B07HSLXH4F,e298591a22f387172dabf6b80830399a7afe9d7581c6f4402e4242dbe6baae1b,,,0.0845857233381916,bad,1.0,good,Metadata manifest only. Obtain and use the asset under its listed source license and attribution requirements.
abo_B07HSM8NGX,Amazon Berkeley Objects,Amazon Berkeley Objects,B07HSM8NGX,ABO object B07HSM8NGX,Amazon.com,,https://registry.opendata.aws/amazon-berkeley-objects/,https://www.amazon.com/dp/B07HSM8NGX,https://registry.opendata.aws/amazon-berkeley-objects/,s3://amazon-berkeley-objects/3dmodels/original/X/B07HSM8NGX.glb,https://amazon-berkeley-objects.s3.amazonaws.com/3dmodels/original/X/B07HSM8NGX.glb,CC Attribution,CC-BY-4.0,Creative Commons Attribution 4.0 International,https://creativecommons.org/licenses/by/4.0/,https://registry.opendata.aws/amazon-berkeley-objects/,true,"Amazon Berkeley Objects asset B07HSM8NGX, © Amazon.com, licensed under Creative Commons Attribution 4.0 International.",,reference_good,source_anchor_not_human,abo_materials_textures_min2048,abo:B07HSM8NGX,5e2e0acdebbd153e71f2ee81f259a2ad206b87ad3a0f360b520c0b636f2e4ae0,,,0.0603281972776224,bad,0.999999463558197,good,Metadata manifest only. Obtain and use the asset under its listed source license and attribution requirements.
abo_B07HZ48ZXS,Amazon Berkeley Objects,Amazon Berkeley Objects,B07HZ48ZXS,ABO object B07HZ48ZXS,Amazon.com,,https://registry.opendata.aws/amazon-berkeley-objects/,https://www.amazon.com/dp/B07HZ48ZXS,https://registry.opendata.aws/amazon-berkeley-objects/,s3://amazon-berkeley-objects/3dmodels/original/S/B07HZ48ZXS.glb,https://amazon-berkeley-objects.s3.amazonaws.com/3dmodels/original/S/B07HZ48ZXS.glb,CC Attribution,CC-BY-4.0,Creative Commons Attribution 4.0 International,https://creativecommons.org/licenses/by/4.0/,https://registry.opendata.aws/amazon-berkeley-objects/,true,"Amazon Berkeley Objects asset B07HZ48ZXS, © Amazon.com, licensed under Creative Commons Attribution 4.0 International.",,reference_good,source_anchor_not_human,abo_materials_textures_min2048,abo:B07HZ48ZXS,69f4604071e21fbfee024e3a104834dee8423ea22344591d61726b920d63bf81,,,0.9993515121391288,good,0.7424702644348145,good,Metadata manifest only. Obtain and use the asset under its listed source license and attribution requirements.
abo_B07HZ5N1YK,Amazon Berkeley Objects,Amazon Berkeley Objects,B07HZ5N1YK,ABO object B07HZ5N1YK,Amazon.com,,https://registry.opendata.aws/amazon-berkeley-objects/,https://www.amazon.com/dp/B07HZ5N1YK,https://registry.opendata.aws/amazon-berkeley-objects/,s3://amazon-berkeley-objects/3dmodels/original/K/B07HZ5N1YK.glb,https://amazon-berkeley-objects.s3.amazonaws.com/3dmodels/original/K/B07HZ5N1YK.glb,CC Attribution,CC-BY-4.0,Creative Commons Attribution 4.0 International,https://creativecommons.org/licenses/by/4.0/,https://registry.opendata.aws/amazon-berkeley-objects/,true,"Amazon Berkeley Objects asset B07HZ5N1YK, © Amazon.com, licensed under Creative Commons Attribution 4.0 International.",,reference_good,source_anchor_not_human,abo_materials_textures_min2048,abo:B07HZ5N1YK,45be02a138f1e7d9d126ab5a4a926ac0e3e403d2cbbe42d42733fd4c0a55cad2,,,0.9993626110421332,good,0.9988279342651368,good,Metadata manifest only. Obtain and use the asset under its listed source license and attribution requirements.
abo_B07HZ5XRP9,Amazon Berkeley Objects,Amazon Berkeley Objects,B07HZ5XRP9,ABO object B07HZ5XRP9,Amazon.com,,https://registry.opendata.aws/amazon-berkeley-objects/,https://www.amazon.com/dp/B07HZ5XRP9,https://registry.opendata.aws/amazon-berkeley-objects/,s3://amazon-berkeley-objects/3dmodels/original/9/B07HZ5XRP9.glb,https://amazon-berkeley-objects.s3.amazonaws.com/3dmodels/original/9/B07HZ5XRP9.glb,CC Attribution,CC-BY-4.0,Creative Commons Attribution 4.0 International,https://creativecommons.org/licenses/by/4.0/,https://registry.opendata.aws/amazon-berkeley-objects/,true,"Amazon Berkeley Objects asset B07HZ5XRP9, © Amazon.com, licensed under Creative Commons Attribution 4.0 International.",,reference_good,source_anchor_not_human,abo_materials_textures_min2048,abo:B07HZ5XRP9,98e8920805e11f707f02d4252af421c24ae62a17b8980c6fa5589ecdb67a51af,,,0.9993621840686794,good,0.9982815384864808,good,Metadata manifest only. Obtain and use the asset under its listed source license and attribution requirements.
abo_B07HZ6HH5Q,Amazon Berkeley Objects,Amazon Berkeley Objects,B07HZ6HH5Q,ABO object B07HZ6HH5Q,Amazon.com,,https://registry.opendata.aws/amazon-berkeley-objects/,https://www.amazon.com/dp/B07HZ6HH5Q,https://registry.opendata.aws/amazon-berkeley-objects/,s3://amazon-berkeley-objects/3dmodels/original/Q/B07HZ6HH5Q.glb,https://amazon-berkeley-objects.s3.amazonaws.com/3dmodels/original/Q/B07HZ6HH5Q.glb,CC Attribution,CC-BY-4.0,Creative Commons Attribution 4.0 International,https://creativecommons.org/licenses/by/4.0/,https://registry.opendata.aws/amazon-berkeley-objects/,true,"Amazon Berkeley Objects asset B07HZ6HH5Q, © Amazon.com, licensed under Creative Commons Attribution 4.0 International.",,reference_good,source_anchor_not_human,abo_materials_textures_min2048,abo:B07HZ6HH5Q,4548b8af7d18b6b08454157459cc85d53361f1b29844e9a78ac2883f351a361d,,,0.9993638785645445,good,0.9918410181999208,good,Metadata manifest only. Obtain and use the asset under its listed source license and attribution requirements.
abo_B07HZ6X7ZF,Amazon Berkeley Objects,Amazon Berkeley Objects,B07HZ6X7ZF,ABO object B07HZ6X7ZF,Amazon.com,,https://registry.opendata.aws/amazon-berkeley-objects/,https://www.amazon.com/dp/B07HZ6X7ZF,https://registry.opendata.aws/amazon-berkeley-objects/,s3://amazon-berkeley-objects/3dmodels/original/F/B07HZ6X7ZF.glb,https://amazon-berkeley-objects.s3.amazonaws.com/3dmodels/original/F/B07HZ6X7ZF.glb,CC Attribution,CC-BY-4.0,Creative Commons Attribution 4.0 International,https://creativecommons.org/licenses/by/4.0/,https://registry.opendata.aws/amazon-berkeley-objects/,true,"Amazon Berkeley Objects asset B07HZ6X7ZF, © Amazon.com, licensed under Creative Commons Attribution 4.0 International.",,reference_good,source_anchor_not_human,abo_materials_textures_min2048,abo:B07HZ6X7ZF,7a37b45656c0a7396cfb970c95a153626429213c6df690b19088aa1aacf5b817,,,0.9893435086749772,good,0.3140814006328583,bad,Metadata manifest only. Obtain and use the asset under its listed source license and attribution requirements.
abo_B07HZ6YX5Q,Amazon Berkeley Objects,Amazon Berkeley Objects,B07HZ6YX5Q,ABO object B07HZ6YX5Q,Amazon.com,,https://registry.opendata.aws/amazon-berkeley-objects/,https://www.amazon.com/dp/B07HZ6YX5Q,https://registry.opendata.aws/amazon-berkeley-objects/,s3://amazon-berkeley-objects/3dmodels/original/Q/B07HZ6YX5Q.glb,https://amazon-berkeley-objects.s3.amazonaws.com/3dmodels/original/Q/B07HZ6YX5Q.glb,CC Attribution,CC-BY-4.0,Creative Commons Attribution 4.0 International,https://creativecommons.org/licenses/by/4.0/,https://registry.opendata.aws/amazon-berkeley-objects/,true,"Amazon Berkeley Objects asset B07HZ6YX5Q, © Amazon.com, licensed under Creative Commons Attribution 4.0 International.",,reference_good,source_anchor_not_human,abo_materials_textures_min2048,abo:B07HZ6YX5Q,315cf1ee40ba6450d1693d99d1d87b6efe7c47552a19c6f99dcb9c7bea7c53a9,,,0.9993576245523148,good,0.9982749223709106,good,Metadata manifest only. Obtain and use the asset under its listed source license and attribution requirements.
abo_B07HZ782FC,Amazon Berkeley Objects,Amazon Berkeley Objects,B07HZ782FC,ABO object B07HZ782FC,Amazon.com,,https://registry.opendata.aws/amazon-berkeley-objects/,https://www.amazon.com/dp/B07HZ782FC,https://registry.opendata.aws/amazon-berkeley-objects/,s3://amazon-berkeley-objects/3dmodels/original/C/B07HZ782FC.glb,https://amazon-berkeley-objects.s3.amazonaws.com/3dmodels/original/C/B07HZ782FC.glb,CC Attribution,CC-BY-4.0,Creative Commons Attribution 4.0 International,https://creativecommons.org/licenses/by/4.0/,https://registry.opendata.aws/amazon-berkeley-objects/,true,"Amazon Berkeley Objects asset B07HZ782FC, © Amazon.com, licensed under Creative Commons Attribution 4.0 International.",,reference_good,source_anchor_not_human,abo_materials_textures_min2048,abo:B07HZ782FC,5574c2430a470c2170f4ed633bac3e49d2761ea2656d8abff7c04780b13eda1d,,,0.9993255795225026,good,0.9990234971046448,good,Metadata manifest only. Obtain and use the asset under its listed source license and attribution requirements.
abo_B07HZ81V76,Amazon Berkeley Objects,Amazon Berkeley Objects,B07HZ81V76,ABO object B07HZ81V76,Amazon.com,,https://registry.opendata.aws/amazon-berkeley-objects/,https://www.amazon.com/dp/B07HZ81V76,https://registry.opendata.aws/amazon-berkeley-objects/,s3://amazon-berkeley-objects/3dmodels/original/6/B07HZ81V76.glb,https://amazon-berkeley-objects.s3.amazonaws.com/3dmodels/original/6/B07HZ81V76.glb,CC Attribution,CC-BY-4.0,Creative Commons Attribution 4.0 International,https://creativecommons.org/licenses/by/4.0/,https://registry.opendata.aws/amazon-berkeley-objects/,true,"Amazon Berkeley Objects asset B07HZ81V76, © Amazon.com, licensed under Creative Commons Attribution 4.0 International.",,reference_good,source_anchor_not_human,abo_materials_textures_min2048,abo:B07HZ81V76,c9ec7f3a325ff36c6069d5ee4a54f0374e6ba87c2940df9ce138ede69b5f75ba,,,0.9993579889692292,good,0.9967946410179138,good,Metadata manifest only. Obtain and use the asset under its listed source license and attribution requirements.
abo_B07J2W23YZ,Amazon Berkeley Objects,Amazon Berkeley Objects,B07J2W23YZ,ABO object B07J2W23YZ,Amazon.com,,https://registry.opendata.aws/amazon-berkeley-objects/,https://www.amazon.com/dp/B07J2W23YZ,https://registry.opendata.aws/amazon-berkeley-objects/,s3://amazon-berkeley-objects/3dmodels/original/Z/B07J2W23YZ.glb,https://amazon-berkeley-objects.s3.amazonaws.com/3dmodels/original/Z/B07J2W23YZ.glb,CC Attribution,CC-BY-4.0,Creative Commons Attribution 4.0 International,https://creativecommons.org/licenses/by/4.0/,https://registry.opendata.aws/amazon-berkeley-objects/,true,"Amazon Berkeley Objects asset B07J2W23YZ, © Amazon.com, licensed under Creative Commons Attribution 4.0 International.",,reference_good,source_anchor_not_human,abo_materials_textures_min2048,abo:B07J2W23YZ,1f00bcb839011317beefb6bde7256331d6afa2ce07c3aa4687058c5e1c50edb3,,,0.9993509119012688,good,0.9992811679840088,good,Metadata manifest only. Obtain and use the asset under its listed source license and attribution requirements.
abo_B07J4VLHFN,Amazon Berkeley Objects,Amazon Berkeley Objects,B07J4VLHFN,ABO object B07J4VLHFN,Amazon.com,,https://registry.opendata.aws/amazon-berkeley-objects/,https://www.amazon.com/dp/B07J4VLHFN,https://registry.opendata.aws/amazon-berkeley-objects/,s3://amazon-berkeley-objects/3dmodels/original/N/B07J4VLHFN.glb,https://amazon-berkeley-objects.s3.amazonaws.com/3dmodels/original/N/B07J4VLHFN.glb,CC Attribution,CC-BY-4.0,Creative Commons Attribution 4.0 International,https://creativecommons.org/licenses/by/4.0/,https://registry.opendata.aws/amazon-berkeley-objects/,true,"Amazon Berkeley Objects asset B07J4VLHFN, © Amazon.com, licensed under Creative Commons Attribution 4.0 International.",,reference_good,source_anchor_not_human,abo_materials_textures_min2048,abo:B07J4VLHFN,1327b95fe0bf069be02f92f3f172e89d80e2330abc02937e9ef534de928f9a1c,,,0.9993644714504276,good,0.0051482003182172,bad,Metadata manifest only. Obtain and use the asset under its listed source license and attribution requirements.
abo_B07JD47NPD,Amazon Berkeley Objects,Amazon Berkeley Objects,B07JD47NPD,ABO object B07JD47NPD,Amazon.com,,https://registry.opendata.aws/amazon-berkeley-objects/,https://www.amazon.com/dp/B07JD47NPD,https://registry.opendata.aws/amazon-berkeley-objects/,s3://amazon-berkeley-objects/3dmodels/original/D/B07JD47NPD.glb,https://amazon-berkeley-objects.s3.amazonaws.com/3dmodels/original/D/B07JD47NPD.glb,CC Attribution,CC-BY-4.0,Creative Commons Attribution 4.0 International,https://creativecommons.org/licenses/by/4.0/,https://registry.opendata.aws/amazon-berkeley-objects/,true,"Amazon Berkeley Objects asset B07JD47NPD, © Amazon.com, licensed under Creative Commons Attribution 4.0 International.",,reference_good,source_anchor_not_human,abo_materials_textures_min2048,abo:B07JD47NPD,26da11e91166243ec1906ed04c2952ce1aab0d61c633765d2befaacb9054b32c,,,0.999111342776468,good,0.999981701374054,good,Metadata manifest only. Obtain and use the asset under its listed source license and attribution requirements.
abo_B07JGZP163,Amazon Berkeley Objects,Amazon Berkeley Objects,B07JGZP163,ABO object B07JGZP163,Amazon.com,,https://registry.opendata.aws/amazon-berkeley-objects/,https://www.amazon.com/dp/B07JGZP163,https://registry.opendata.aws/amazon-berkeley-objects/,s3://amazon-berkeley-objects/3dmodels/original/3/B07JGZP163.glb,https://amazon-berkeley-objects.s3.amazonaws.com/3dmodels/original/3/B07JGZP163.glb,CC Attribution,CC-BY-4.0,Creative Commons Attribution 4.0 International,https://creativecommons.org/licenses/by/4.0/,https://registry.opendata.aws/amazon-berkeley-objects/,true,"Amazon Berkeley Objects asset B07JGZP163, © Amazon.com, licensed under Creative Commons Attribution 4.0 International.",,reference_good,source_anchor_not_human,abo_materials_textures_min2048,abo:B07JGZP163,5943bfb196ff166fb160570c43fc32d8c6e983ca9ea1b291a399212cc45dd2a7,,,0.9474764675172423,bad,0.2832762002944946,bad,Metadata manifest only. Obtain and use the asset under its listed source license and attribution requirements.
abo_B07JJ9FB4G,Amazon Berkeley Objects,Amazon Berkeley Objects,B07JJ9FB4G,ABO object B07JJ9FB4G,Amazon.com,,https://registry.opendata.aws/amazon-berkeley-objects/,https://www.amazon.com/dp/B07JJ9FB4G,https://registry.opendata.aws/amazon-berkeley-objects/,s3://amazon-berkeley-objects/3dmodels/original/G/B07JJ9FB4G.glb,https://amazon-berkeley-objects.s3.amazonaws.com/3dmodels/original/G/B07JJ9FB4G.glb,CC Attribution,CC-BY-4.0,Creative Commons Attribution 4.0 International,https://creativecommons.org/licenses/by/4.0/,https://registry.opendata.aws/amazon-berkeley-objects/,true,"Amazon Berkeley Objects asset B07JJ9FB4G, © Amazon.com, licensed under Creative Commons Attribution 4.0 International.",,reference_good,source_anchor_not_human,abo_materials_textures_min2048,abo:B07JJ9FB4G,5af5266908578d69df9c813de77c1d29a0d449da03eed759dbed991beddd47ce,,,0.999362207932919,good,0.99994158744812,good,Metadata manifest only. Obtain and use the asset under its listed source license and attribution requirements.
abo_B07JKSJNJH,Amazon Berkeley Objects,Amazon Berkeley Objects,B07JKSJNJH,ABO object B07JKSJNJH,Amazon.com,,https://registry.opendata.aws/amazon-berkeley-objects/,https://www.amazon.com/dp/B07JKSJNJH,https://registry.opendata.aws/amazon-berkeley-objects/,s3://amazon-berkeley-objects/3dmodels/original/H/B07JKSJNJH.glb,https://amazon-berkeley-objects.s3.amazonaws.com/3dmodels/original/H/B07JKSJNJH.glb,CC Attribution,CC-BY-4.0,Creative Commons Attribution 4.0 International,https://creativecommons.org/licenses/by/4.0/,https://registry.opendata.aws/amazon-berkeley-objects/,true,"Amazon Berkeley Objects asset B07JKSJNJH, © Amazon.com, licensed under Creative Commons Attribution 4.0 International.",,reference_good,source_anchor_not_human,abo_materials_textures_min2048,abo:B07JKSJNJH,467840c11e2ada035b83fd0df96cfb6a8ecfffd4ff9135758e4a29f4ba30d25d,,,0.9993646184178044,good,0.460045725107193,bad,Metadata manifest only. Obtain and use the asset under its listed source license and attribution requirements.
abo_B07JL5PT64,Amazon Berkeley Objects,Amazon Berkeley Objects,B07JL5PT64,ABO object B07JL5PT64,Amazon.com,,https://registry.opendata.aws/amazon-berkeley-objects/,https://www.amazon.com/dp/B07JL5PT64,https://registry.opendata.aws/amazon-berkeley-objects/,s3://amazon-berkeley-objects/3dmodels/original/4/B07JL5PT64.glb,https://amazon-berkeley-objects.s3.amazonaws.com/3dmodels/original/4/B07JL5PT64.glb,CC Attribution,CC-BY-4.0,Creative Commons Attribution 4.0 International,https://creativecommons.org/licenses/by/4.0/,https://registry.opendata.aws/amazon-berkeley-objects/,true,"Amazon Berkeley Objects asset B07JL5PT64, © Amazon.com, licensed under Creative Commons Attribution 4.0 International.",,reference_good,source_anchor_not_human,abo_materials_textures_min2048,abo:B07JL5PT64,81b98345d8f388175a105cc226efeede7eef614c0a25042d45a7adda176f2bea,,,0.0023599684766516,bad,0.9316701889038086,good,Metadata manifest only. Obtain and use the asset under its listed source license and attribution requirements.
abo_B07JLSP8TR,Amazon Berkeley Objects,Amazon Berkeley Objects,B07JLSP8TR,ABO object B07JLSP8TR,Amazon.com,,https://registry.opendata.aws/amazon-berkeley-objects/,https://www.amazon.com/dp/B07JLSP8TR,https://registry.opendata.aws/amazon-berkeley-objects/,s3://amazon-berkeley-objects/3dmodels/original/R/B07JLSP8TR.glb,https://amazon-berkeley-objects.s3.amazonaws.com/3dmodels/original/R/B07JLSP8TR.glb,CC Attribution,CC-BY-4.0,Creative Commons Attribution 4.0 International,https://creativecommons.org/licenses/by/4.0/,https://registry.opendata.aws/amazon-berkeley-objects/,true,"Amazon Berkeley Objects asset B07JLSP8TR, © Amazon.com, licensed under Creative Commons Attribution 4.0 International.",,reference_good,source_anchor_not_human,abo_materials_textures_min2048,abo:B07JLSP8TR,cecc4db0f9c7e8b39c9b6c13fb9456e7727e63bcf05dc5fb4b181420e8a387f7,,,0.7888066806328493,bad,0.2994400560855865,bad,Metadata manifest only. Obtain and use the asset under its listed source license and attribution requirements.
abo_B07JLSSTN1,Amazon Berkeley Objects,Amazon Berkeley Objects,B07JLSSTN1,ABO object B07JLSSTN1,Amazon.com,,https://registry.opendata.aws/amazon-berkeley-objects/,https://www.amazon.com/dp/B07JLSSTN1,https://registry.opendata.aws/amazon-berkeley-objects/,s3://amazon-berkeley-objects/3dmodels/original/1/B07JLSSTN1.glb,https://amazon-berkeley-objects.s3.amazonaws.com/3dmodels/original/1/B07JLSSTN1.glb,CC Attribution,CC-BY-4.0,Creative Commons Attribution 4.0 International,https://creativecommons.org/licenses/by/4.0/,https://registry.opendata.aws/amazon-berkeley-objects/,true,"Amazon Berkeley Objects asset B07JLSSTN1, © Amazon.com, licensed under Creative Commons Attribution 4.0 International.",,reference_good,source_anchor_not_human,abo_materials_textures_min2048,abo:B07JLSSTN1,380ce2bcc56e7ffa30f3455ad13779552145944aad78e8b82c0014c69661fb31,,,0.8991751052424777,bad,0.995885133743286,good,Metadata manifest only. Obtain and use the asset under its listed source license and attribution requirements.
abo_B07JQWZX4T,Amazon Berkeley Objects,Amazon Berkeley Objects,B07JQWZX4T,ABO object B07JQWZX4T,Amazon.com,,https://registry.opendata.aws/amazon-berkeley-objects/,https://www.amazon.com/dp/B07JQWZX4T,https://registry.opendata.aws/amazon-berkeley-objects/,s3://amazon-berkeley-objects/3dmodels/original/T/B07JQWZX4T.glb,https://amazon-berkeley-objects.s3.amazonaws.com/3dmodels/original/T/B07JQWZX4T.glb,CC Attribution,CC-BY-4.0,Creative Commons Attribution 4.0 International,https://creativecommons.org/licenses/by/4.0/,https://registry.opendata.aws/amazon-berkeley-objects/,true,"Amazon Berkeley Objects asset B07JQWZX4T, © Amazon.com, licensed under Creative Commons Attribution 4.0 International.",,reference_good,source_anchor_not_human,abo_materials_textures_min2048,abo:B07JQWZX4T,95b410ebf800ab3d8f409261a85262920c644f7ec918990098eed0a1b2f4f21d,,,0.9969990916838896,good,0.9479162693023682,good,Metadata manifest only. Obtain and use the asset under its listed source license and attribution requirements.
abo_B07JQZM7N6,Amazon Berkeley Objects,Amazon Berkeley Objects,B07JQZM7N6,ABO object B07JQZM7N6,Amazon.com,,https://registry.opendata.aws/amazon-berkeley-objects/,https://www.amazon.com/dp/B07JQZM7N6,https://registry.opendata.aws/amazon-berkeley-objects/,s3://amazon-berkeley-objects/3dmodels/original/6/B07JQZM7N6.glb,https://amazon-berkeley-objects.s3.amazonaws.com/3dmodels/original/6/B07JQZM7N6.glb,CC Attribution,CC-BY-4.0,Creative Commons Attribution 4.0 International,https://creativecommons.org/licenses/by/4.0/,https://registry.opendata.aws/amazon-berkeley-objects/,true,"Amazon Berkeley Objects asset B07JQZM7N6, © Amazon.com, licensed under Creative Commons Attribution 4.0 International.",,reference_good,source_anchor_not_human,abo_materials_textures_min2048,abo:B07JQZM7N6,3ab509e44c23692ca6f85f330e6d9422f08c69becaf81057f34dc11016bbd6be,,,0.9291379859225752,bad,0.9998756051063538,good,Metadata manifest only. Obtain and use the asset under its listed source license and attribution requirements.
abo_B07JR1Y6BW,Amazon Berkeley Objects,Amazon Berkeley Objects,B07JR1Y6BW,ABO object B07JR1Y6BW,Amazon.com,,https://registry.opendata.aws/amazon-berkeley-objects/,https://www.amazon.com/dp/B07JR1Y6BW,https://registry.opendata.aws/amazon-berkeley-objects/,s3://amazon-berkeley-objects/3dmodels/original/W/B07JR1Y6BW.glb,https://amazon-berkeley-objects.s3.amazonaws.com/3dmodels/original/W/B07JR1Y6BW.glb,CC Attribution,CC-BY-4.0,Creative Commons Attribution 4.0 International,https://creativecommons.org/licenses/by/4.0/,https://registry.opendata.aws/amazon-berkeley-objects/,true,"Amazon Berkeley Objects asset B07JR1Y6BW, © Amazon.com, licensed under Creative Commons Attribution 4.0 International.",,reference_good,source_anchor_not_human,abo_materials_textures_min2048,abo:B07JR1Y6BW,746c8930a089cce66cfb784e831dbc57660c9f5c0da7617df9b871c137517850,,,0.9836163049281008,good,0.9931562542915344,good,Metadata manifest only. Obtain and use the asset under its listed source license and attribution requirements.
abo_B07JY32YHK,Amazon Berkeley Objects,Amazon Berkeley Objects,B07JY32YHK,ABO object B07JY32YHK,Amazon.com,,https://registry.opendata.aws/amazon-berkeley-objects/,https://www.amazon.com/dp/B07JY32YHK,https://registry.opendata.aws/amazon-berkeley-objects/,s3://amazon-berkeley-objects/3dmodels/original/K/B07JY32YHK.glb,https://amazon-berkeley-objects.s3.amazonaws.com/3dmodels/original/K/B07JY32YHK.glb,CC Attribution,CC-BY-4.0,Creative Commons Attribution 4.0 International,https://creativecommons.org/licenses/by/4.0/,https://registry.opendata.aws/amazon-berkeley-objects/,true,"Amazon Berkeley Objects asset B07JY32YHK, © Amazon.com, licensed under Creative Commons Attribution 4.0 International.",,reference_good,source_anchor_not_human,abo_materials_textures_min2048,abo:B07JY32YHK,61e2879b6452183a85866f02bfc28d9c2a9aef8b0a40b610020c7bcc9fc29c41,,,0.9993639673970136,good,0.9942506551742554,good,Metadata manifest only. Obtain and use the asset under its listed source license and attribution requirements.
abo_B07K4YXTZH,Amazon Berkeley Objects,Amazon Berkeley Objects,B07K4YXTZH,ABO object B07K4YXTZH,Amazon.com,,https://registry.opendata.aws/amazon-berkeley-objects/,https://www.amazon.com/dp/B07K4YXTZH,https://registry.opendata.aws/amazon-berkeley-objects/,s3://amazon-berkeley-objects/3dmodels/original/H/B07K4YXTZH.glb,https://amazon-berkeley-objects.s3.amazonaws.com/3dmodels/original/H/B07K4YXTZH.glb,CC Attribution,CC-BY-4.0,Creative Commons Attribution 4.0 International,https://creativecommons.org/licenses/by/4.0/,https://registry.opendata.aws/amazon-berkeley-objects/,true,"Amazon Berkeley Objects asset B07K4YXTZH, © Amazon.com, licensed under Creative Commons Attribution 4.0 International.",,reference_good,source_anchor_not_human,abo_materials_textures_min2048,abo:B07K4YXTZH,0ca550fc9efaf39e1cab23cb80dd534be47bc240c484dd54ce22fa04c154f5dd,,,0.9993634378702224,good,0.9373924136161804,good,Metadata manifest only. Obtain and use the asset under its listed source license and attribution requirements.
abo_B07K6RNQDH,Amazon Berkeley Objects,Amazon Berkeley Objects,B07K6RNQDH,ABO object B07K6RNQDH,Amazon.com,,https://registry.opendata.aws/amazon-berkeley-objects/,https://www.amazon.com/dp/B07K6RNQDH,https://registry.opendata.aws/amazon-berkeley-objects/,s3://amazon-berkeley-objects/3dmodels/original/H/B07K6RNQDH.glb,https://amazon-berkeley-objects.s3.amazonaws.com/3dmodels/original/H/B07K6RNQDH.glb,CC Attribution,CC-BY-4.0,Creative Commons Attribution 4.0 International,https://creativecommons.org/licenses/by/4.0/,https://registry.opendata.aws/amazon-berkeley-objects/,true,"Amazon Berkeley Objects asset B07K6RNQDH, © Amazon.com, licensed under Creative Commons Attribution 4.0 International.",,reference_good,source_anchor_not_human,abo_materials_textures_min2048,abo:B07K6RNQDH,c423de56e4c938f4868fbb3373cde8052fdd781ae9df455ccb1d09638fe1ec52,,,0.9957869939099884,good,0.9999966621398926,good,Metadata manifest only. Obtain and use the asset under its listed source license and attribution requirements.
abo_B07K6S7QHQ,Amazon Berkeley Objects,Amazon Berkeley Objects,B07K6S7QHQ,ABO object B07K6S7QHQ,Amazon.com,,https://registry.opendata.aws/amazon-berkeley-objects/,https://www.amazon.com/dp/B07K6S7QHQ,https://registry.opendata.aws/amazon-berkeley-objects/,s3://amazon-berkeley-objects/3dmodels/original/Q/B07K6S7QHQ.glb,https://amazon-berkeley-objects.s3.amazonaws.com/3dmodels/original/Q/B07K6S7QHQ.glb,CC Attribution,CC-BY-4.0,Creative Commons Attribution 4.0 International,https://creativecommons.org/licenses/by/4.0/,https://registry.opendata.aws/amazon-berkeley-objects/,true,"Amazon Berkeley Objects asset B07K6S7QHQ, © Amazon.com, licensed under Creative Commons Attribution 4.0 International.",,reference_good,source_anchor_not_human,abo_materials_textures_min2048,abo:B07K6S7QHQ,7f0454426cf2e6b789deb1f447e0a1d502a51d9c08a8d5baefa70554faf4c80c,,,0.9582895075547996,good,0.9999755024909972,good,Metadata manifest only. Obtain and use the asset under its listed source license and attribution requirements.
abo_B07K7K4CRV,Amazon Berkeley Objects,Amazon Berkeley Objects,B07K7K4CRV,ABO object B07K7K4CRV,Amazon.com,,https://registry.opendata.aws/amazon-berkeley-objects/,https://www.amazon.com/dp/B07K7K4CRV,https://registry.opendata.aws/amazon-berkeley-objects/,s3://amazon-berkeley-objects/3dmodels/original/V/B07K7K4CRV.glb,https://amazon-berkeley-objects.s3.amazonaws.com/3dmodels/original/V/B07K7K4CRV.glb,CC Attribution,CC-BY-4.0,Creative Commons Attribution 4.0 International,https://creativecommons.org/licenses/by/4.0/,https://registry.opendata.aws/amazon-berkeley-objects/,true,"Amazon Berkeley Objects asset B07K7K4CRV, © Amazon.com, licensed under Creative Commons Attribution 4.0 International.",,reference_good,source_anchor_not_human,abo_materials_textures_min2048,abo:B07K7K4CRV,3407c66e720aeb9789a9df8e75336503b627fbc9822822e07f7fa1302b746f64,,,0.9660233705447768,good,0.9999917149543762,good,Metadata manifest only. Obtain and use the asset under its listed source license and attribution requirements.
abo_B07K7LZVMX,Amazon Berkeley Objects,Amazon Berkeley Objects,B07K7LZVMX,ABO object B07K7LZVMX,Amazon.com,,https://registry.opendata.aws/amazon-berkeley-objects/,https://www.amazon.com/dp/B07K7LZVMX,https://registry.opendata.aws/amazon-berkeley-objects/,s3://amazon-berkeley-objects/3dmodels/original/X/B07K7LZVMX.glb,https://amazon-berkeley-objects.s3.amazonaws.com/3dmodels/original/X/B07K7LZVMX.glb,CC Attribution,CC-BY-4.0,Creative Commons Attribution 4.0 International,https://creativecommons.org/licenses/by/4.0/,https://registry.opendata.aws/amazon-berkeley-objects/,true,"Amazon Berkeley Objects asset B07K7LZVMX, © Amazon.com, licensed under Creative Commons Attribution 4.0 International.",,reference_good,source_anchor_not_human,abo_materials_textures_min2048,abo:B07K7LZVMX,484641c0002630f49a37bad2489ec7e73f20e11665ff492082132c17aa89e912,,,0.9992384787054296,good,0.999808669090271,good,Metadata manifest only. Obtain and use the asset under its listed source license and attribution requirements.
abo_B07K7M4YT4,Amazon Berkeley Objects,Amazon Berkeley Objects,B07K7M4YT4,ABO object B07K7M4YT4,Amazon.com,,https://registry.opendata.aws/amazon-berkeley-objects/,https://www.amazon.com/dp/B07K7M4YT4,https://registry.opendata.aws/amazon-berkeley-objects/,s3://amazon-berkeley-objects/3dmodels/original/4/B07K7M4YT4.glb,https://amazon-berkeley-objects.s3.amazonaws.com/3dmodels/original/4/B07K7M4YT4.glb,CC Attribution,CC-BY-4.0,Creative Commons Attribution 4.0 International,https://creativecommons.org/licenses/by/4.0/,https://registry.opendata.aws/amazon-berkeley-objects/,true,"Amazon Berkeley Objects asset B07K7M4YT4, © Amazon.com, licensed under Creative Commons Attribution 4.0 International.",,reference_good,source_anchor_not_human,abo_materials_textures_min2048,abo:B07K7M4YT4,206435dd2789fbb48cb7f5fbc83d9f9dbf0f3d1b3fddd89c60caf6577aacb1eb,,,0.999299257846538,good,0.9999775886535645,good,Metadata manifest only. Obtain and use the asset under its listed source license and attribution requirements.
abo_B07KW7WSJ2,Amazon Berkeley Objects,Amazon Berkeley Objects,B07KW7WSJ2,ABO object B07KW7WSJ2,Amazon.com,,https://registry.opendata.aws/amazon-berkeley-objects/,https://www.amazon.com/dp/B07KW7WSJ2,https://registry.opendata.aws/amazon-berkeley-objects/,s3://amazon-berkeley-objects/3dmodels/original/2/B07KW7WSJ2.glb,https://amazon-berkeley-objects.s3.amazonaws.com/3dmodels/original/2/B07KW7WSJ2.glb,CC Attribution,CC-BY-4.0,Creative Commons Attribution 4.0 International,https://creativecommons.org/licenses/by/4.0/,https://registry.opendata.aws/amazon-berkeley-objects/,true,"Amazon Berkeley Objects asset B07KW7WSJ2, © Amazon.com, licensed under Creative Commons Attribution 4.0 International.",,reference_good,source_anchor_not_human,abo_materials_textures_min2048,abo:B07KW7WSJ2,32934aa5a71daae6dac873f6a0a00717c42525c37456e30ed7d3b1806029ebc2,,,0.9993646333710988,good,0.901479721069336,good,Metadata manifest only. Obtain and use the asset under its listed source license and attribution requirements.
abo_B07L3MKRFC,Amazon Berkeley Objects,Amazon Berkeley Objects,B07L3MKRFC,ABO object B07L3MKRFC,Amazon.com,,https://registry.opendata.aws/amazon-berkeley-objects/,https://www.amazon.com/dp/B07L3MKRFC,https://registry.opendata.aws/amazon-berkeley-objects/,s3://amazon-berkeley-objects/3dmodels/original/C/B07L3MKRFC.glb,https://amazon-berkeley-objects.s3.amazonaws.com/3dmodels/original/C/B07L3MKRFC.glb,CC Attribution,CC-BY-4.0,Creative Commons Attribution 4.0 International,https://creativecommons.org/licenses/by/4.0/,https://registry.opendata.aws/amazon-berkeley-objects/,true,"Amazon Berkeley Objects asset B07L3MKRFC, © Amazon.com, licensed under Creative Commons Attribution 4.0 International.",,reference_good,source_anchor_not_human,abo_materials_textures_min2048,abo:B07L3MKRFC,e5662d38bc81ebaf7a5a108db4098b9bcf51159c73b22ae05453baaf4f5a9326,,,0.9993637555185388,good,0.3179954290390014,bad,Metadata manifest only. Obtain and use the asset under its listed source license and attribution requirements.
abo_B07L3WRJ6R,Amazon Berkeley Objects,Amazon Berkeley Objects,B07L3WRJ6R,ABO object B07L3WRJ6R,Amazon.com,,https://registry.opendata.aws/amazon-berkeley-objects/,https://www.amazon.com/dp/B07L3WRJ6R,https://registry.opendata.aws/amazon-berkeley-objects/,s3://amazon-berkeley-objects/3dmodels/original/R/B07L3WRJ6R.glb,https://amazon-berkeley-objects.s3.amazonaws.com/3dmodels/original/R/B07L3WRJ6R.glb,CC Attribution,CC-BY-4.0,Creative Commons Attribution 4.0 International,https://creativecommons.org/licenses/by/4.0/,https://registry.opendata.aws/amazon-berkeley-objects/,true,"Amazon Berkeley Objects asset B07L3WRJ6R, © Amazon.com, licensed under Creative Commons Attribution 4.0 International.",,reference_good,source_anchor_not_human,abo_materials_textures_min2048,abo:B07L3WRJ6R,ec9e65251c2f1a5c15caa2986cd1bba857f53e0aa35ee8be68e964cb04e1c439,,,0.9993551455421305,good,0.9639465808868408,good,Metadata manifest only. Obtain and use the asset under its listed source license and attribution requirements.
abo_B07L48L3BH,Amazon Berkeley Objects,Amazon Berkeley Objects,B07L48L3BH,ABO object B07L48L3BH,Amazon.com,,https://registry.opendata.aws/amazon-berkeley-objects/,https://www.amazon.com/dp/B07L48L3BH,https://registry.opendata.aws/amazon-berkeley-objects/,s3://amazon-berkeley-objects/3dmodels/original/H/B07L48L3BH.glb,https://amazon-berkeley-objects.s3.amazonaws.com/3dmodels/original/H/B07L48L3BH.glb,CC Attribution,CC-BY-4.0,Creative Commons Attribution 4.0 International,https://creativecommons.org/licenses/by/4.0/,https://registry.opendata.aws/amazon-berkeley-objects/,true,"Amazon Berkeley Objects asset B07L48L3BH, © Amazon.com, licensed under Creative Commons Attribution 4.0 International.",,reference_good,source_anchor_not_human,abo_materials_textures_min2048,abo:B07L48L3BH,0631cd5a236fea839a20754c2e77dfe2d93653fcbee952ca703748eb9262a17d,,,0.9992845126961172,good,0.9999997615814208,good,Metadata manifest only. Obtain and use the asset under its listed source license and attribution requirements.
abo_B07LC5TNFD,Amazon Berkeley Objects,Amazon Berkeley Objects,B07LC5TNFD,ABO object B07LC5TNFD,Amazon.com,,https://registry.opendata.aws/amazon-berkeley-objects/,https://www.amazon.com/dp/B07LC5TNFD,https://registry.opendata.aws/amazon-berkeley-objects/,s3://amazon-berkeley-objects/3dmodels/original/D/B07LC5TNFD.glb,https://amazon-berkeley-objects.s3.amazonaws.com/3dmodels/original/D/B07LC5TNFD.glb,CC Attribution,CC-BY-4.0,Creative Commons Attribution 4.0 International,https://creativecommons.org/licenses/by/4.0/,https://registry.opendata.aws/amazon-berkeley-objects/,true,"Amazon Berkeley Objects asset B07LC5TNFD, © Amazon.com, licensed under Creative Commons Attribution 4.0 International.",,reference_good,source_anchor_not_human,abo_materials_textures_min2048,abo:B07LC5TNFD,58a5f12e26fd09a7f1b8bc072f3b0e12826e0827a1df9bdffe2f4a4f4f9200f4,,,0.9993539809895032,good,0.999978244304657,good,Metadata manifest only. Obtain and use the asset under its listed source license and attribution requirements.
abo_B07M6PJ656,Amazon Berkeley Objects,Amazon Berkeley Objects,B07M6PJ656,ABO object B07M6PJ656,Amazon.com,,https://registry.opendata.aws/amazon-berkeley-objects/,https://www.amazon.com/dp/B07M6PJ656,https://registry.opendata.aws/amazon-berkeley-objects/,s3://amazon-berkeley-objects/3dmodels/original/6/B07M6PJ656.glb,https://amazon-berkeley-objects.s3.amazonaws.com/3dmodels/original/6/B07M6PJ656.glb,CC Attribution,CC-BY-4.0,Creative Commons Attribution 4.0 International,https://creativecommons.org/licenses/by/4.0/,https://registry.opendata.aws/amazon-berkeley-objects/,true,"Amazon Berkeley Objects asset B07M6PJ656, © Amazon.com, licensed under Creative Commons Attribution 4.0 International.",,reference_good,source_anchor_not_human,abo_materials_textures_min2048,abo:B07M6PJ656,8d23183baf760daa63930027cf8c225b75ece39a17f6fe8af777646220fd2e6b,,,0.999360332932648,good,0.9820376634597778,good,Metadata manifest only. Obtain and use the asset under its listed source license and attribution requirements.
abo_B07M6PKCQQ,Amazon Berkeley Objects,Amazon Berkeley Objects,B07M6PKCQQ,ABO object B07M6PKCQQ,Amazon.com,,https://registry.opendata.aws/amazon-berkeley-objects/,https://www.amazon.com/dp/B07M6PKCQQ,https://registry.opendata.aws/amazon-berkeley-objects/,s3://amazon-berkeley-objects/3dmodels/original/Q/B07M6PKCQQ.glb,https://amazon-berkeley-objects.s3.amazonaws.com/3dmodels/original/Q/B07M6PKCQQ.glb,CC Attribution,CC-BY-4.0,Creative Commons Attribution 4.0 International,https://creativecommons.org/licenses/by/4.0/,https://registry.opendata.aws/amazon-berkeley-objects/,true,"Amazon Berkeley Objects asset B07M6PKCQQ, © Amazon.com, licensed under Creative Commons Attribution 4.0 International.",,reference_good,source_anchor_not_human,abo_materials_textures_min2048,abo:B07M6PKCQQ,406024c85483f3701ddf8ed997ce9a2763087bc946b4afdcfecd970eef59268c,,,0.9992919623734762,good,0.4524102210998535,bad,Metadata manifest only. Obtain and use the asset under its listed source license and attribution requirements.
abo_B07MBFDRYD,Amazon Berkeley Objects,Amazon Berkeley Objects,B07MBFDRYD,ABO object B07MBFDRYD,Amazon.com,,https://registry.opendata.aws/amazon-berkeley-objects/,https://www.amazon.com/dp/B07MBFDRYD,https://registry.opendata.aws/amazon-berkeley-objects/,s3://amazon-berkeley-objects/3dmodels/original/D/B07MBFDRYD.glb,https://amazon-berkeley-objects.s3.amazonaws.com/3dmodels/original/D/B07MBFDRYD.glb,CC Attribution,CC-BY-4.0,Creative Commons Attribution 4.0 International,https://creativecommons.org/licenses/by/4.0/,https://registry.opendata.aws/amazon-berkeley-objects/,true,"Amazon Berkeley Objects asset B07MBFDRYD, © Amazon.com, licensed under Creative Commons Attribution 4.0 International.",,reference_good,source_anchor_not_human,abo_materials_textures_min2048,abo:B07MBFDRYD,7feccf9c0f1ea65dd0ecc146e8d2e73a2456771213f3607a3d65c2069c783ce5,,,0.999348691300752,good,0.1609829664230346,bad,Metadata manifest only. Obtain and use the asset under its listed source license and attribution requirements.
abo_B07MBFDWNM,Amazon Berkeley Objects,Amazon Berkeley Objects,B07MBFDWNM,ABO object B07MBFDWNM,Amazon.com,,https://registry.opendata.aws/amazon-berkeley-objects/,https://www.amazon.com/dp/B07MBFDWNM,https://registry.opendata.aws/amazon-berkeley-objects/,s3://amazon-berkeley-objects/3dmodels/original/M/B07MBFDWNM.glb,https://amazon-berkeley-objects.s3.amazonaws.com/3dmodels/original/M/B07MBFDWNM.glb,CC Attribution,CC-BY-4.0,Creative Commons Attribution 4.0 International,https://creativecommons.org/licenses/by/4.0/,https://registry.opendata.aws/amazon-berkeley-objects/,true,"Amazon Berkeley Objects asset B07MBFDWNM, © Amazon.com, licensed under Creative Commons Attribution 4.0 International.",,reference_good,source_anchor_not_human,abo_materials_textures_min2048,abo:B07MBFDWNM,6e4217db1bc89ec90ac2a5fc843e859d8d7c77d291e9711f8daab3d0a7609725,,,0.999364580828951,good,0.9986486434936525,good,Metadata manifest only. Obtain and use the asset under its listed source license and attribution requirements.
abo_B07MCBKT3M,Amazon Berkeley Objects,Amazon Berkeley Objects,B07MCBKT3M,ABO object B07MCBKT3M,Amazon.com,,https://registry.opendata.aws/amazon-berkeley-objects/,https://www.amazon.com/dp/B07MCBKT3M,https://registry.opendata.aws/amazon-berkeley-objects/,s3://amazon-berkeley-objects/3dmodels/original/M/B07MCBKT3M.glb,https://amazon-berkeley-objects.s3.amazonaws.com/3dmodels/original/M/B07MCBKT3M.glb,CC Attribution,CC-BY-4.0,Creative Commons Attribution 4.0 International,https://creativecommons.org/licenses/by/4.0/,https://registry.opendata.aws/amazon-berkeley-objects/,true,"Amazon Berkeley Objects asset B07MCBKT3M, © Amazon.com, licensed under Creative Commons Attribution 4.0 International.",,reference_good,source_anchor_not_human,abo_materials_textures_min2048,abo:B07MCBKT3M,3da3b6fa436adfd2774fa68a4a70ff05fb4c3f12ec904d505524db91e61f269c,,,0.9926125040661974,good,0.908539354801178,good,Metadata manifest only. Obtain and use the asset under its listed source license and attribution requirements.
abo_B07MHMJD25,Amazon Berkeley Objects,Amazon Berkeley Objects,B07MHMJD25,ABO object B07MHMJD25,Amazon.com,,https://registry.opendata.aws/amazon-berkeley-objects/,https://www.amazon.com/dp/B07MHMJD25,https://registry.opendata.aws/amazon-berkeley-objects/,s3://amazon-berkeley-objects/3dmodels/original/5/B07MHMJD25.glb,https://amazon-berkeley-objects.s3.amazonaws.com/3dmodels/original/5/B07MHMJD25.glb,CC Attribution,CC-BY-4.0,Creative Commons Attribution 4.0 International,https://creativecommons.org/licenses/by/4.0/,https://registry.opendata.aws/amazon-berkeley-objects/,true,"Amazon Berkeley Objects asset B07MHMJD25, © Amazon.com, licensed under Creative Commons Attribution 4.0 International.",,reference_good,source_anchor_not_human,abo_materials_textures_min2048,abo:B07MHMJD25,eaec18eb4b5a5f8b3b035c814257c53d0a05405cdb77d1094b03b07e694cc1b8,,,0.9993603330822388,good,0.9959882497787476,good,Metadata manifest only. Obtain and use the asset under its listed source license and attribution requirements.
abo_B07MJJWXSD,Amazon Berkeley Objects,Amazon Berkeley Objects,B07MJJWXSD,ABO object B07MJJWXSD,Amazon.com,,https://registry.opendata.aws/amazon-berkeley-objects/,https://www.amazon.com/dp/B07MJJWXSD,https://registry.opendata.aws/amazon-berkeley-objects/,s3://amazon-berkeley-objects/3dmodels/original/D/B07MJJWXSD.glb,https://amazon-berkeley-objects.s3.amazonaws.com/3dmodels/original/D/B07MJJWXSD.glb,CC Attribution,CC-BY-4.0,Creative Commons Attribution 4.0 International,https://creativecommons.org/licenses/by/4.0/,https://registry.opendata.aws/amazon-berkeley-objects/,true,"Amazon Berkeley Objects asset B07MJJWXSD, © Amazon.com, licensed under Creative Commons Attribution 4.0 International.",,reference_good,source_anchor_not_human,abo_materials_textures_min2048,abo:B07MJJWXSD,bac5750670b8cfdeaa1e89a7510241328d855f5a19073261bbd548d6cc95a112,,,0.999360200366615,good,0.0009163866052404,bad,Metadata manifest only. Obtain and use the asset under its listed source license and attribution requirements.
abo_B07MJL52C7,Amazon Berkeley Objects,Amazon Berkeley Objects,B07MJL52C7,ABO object B07MJL52C7,Amazon.com,,https://registry.opendata.aws/amazon-berkeley-objects/,https://www.amazon.com/dp/B07MJL52C7,https://registry.opendata.aws/amazon-berkeley-objects/,s3://amazon-berkeley-objects/3dmodels/original/7/B07MJL52C7.glb,https://amazon-berkeley-objects.s3.amazonaws.com/3dmodels/original/7/B07MJL52C7.glb,CC Attribution,CC-BY-4.0,Creative Commons Attribution 4.0 International,https://creativecommons.org/licenses/by/4.0/,https://registry.opendata.aws/amazon-berkeley-objects/,true,"Amazon Berkeley Objects asset B07MJL52C7, © Amazon.com, licensed under Creative Commons Attribution 4.0 International.",,reference_good,source_anchor_not_human,abo_materials_textures_min2048,abo:B07MJL52C7,949ea90e8999a0dee167b58589c88c4466f791ee81077287413d029b19f01c60,,,0.9991856008403336,good,0.8834383487701416,good,Metadata manifest only. Obtain and use the asset under its listed source license and attribution requirements.
abo_B07ML7J5GN,Amazon Berkeley Objects,Amazon Berkeley Objects,B07ML7J5GN,ABO object B07ML7J5GN,Amazon.com,,https://registry.opendata.aws/amazon-berkeley-objects/,https://www.amazon.com/dp/B07ML7J5GN,https://registry.opendata.aws/amazon-berkeley-objects/,s3://amazon-berkeley-objects/3dmodels/original/N/B07ML7J5GN.glb,https://amazon-berkeley-objects.s3.amazonaws.com/3dmodels/original/N/B07ML7J5GN.glb,CC Attribution,CC-BY-4.0,Creative Commons Attribution 4.0 International,https://creativecommons.org/licenses/by/4.0/,https://registry.opendata.aws/amazon-berkeley-objects/,true,"Amazon Berkeley Objects asset B07ML7J5GN, © Amazon.com, licensed under Creative Commons Attribution 4.0 International.",,reference_good,source_anchor_not_human,abo_materials_textures_min2048,abo:B07ML7J5GN,8ee6999956a9d96199964b97927edc323cc3ecd15a5efb86e570fe7297472051,,,0.948549610626822,bad,0.9864650964736938,good,Metadata manifest only. Obtain and use the asset under its listed source license and attribution requirements.
abo_B07MSWZ5VP,Amazon Berkeley Objects,Amazon Berkeley Objects,B07MSWZ5VP,ABO object B07MSWZ5VP,Amazon.com,,https://registry.opendata.aws/amazon-berkeley-objects/,https://www.amazon.com/dp/B07MSWZ5VP,https://registry.opendata.aws/amazon-berkeley-objects/,s3://amazon-berkeley-objects/3dmodels/original/P/B07MSWZ5VP.glb,https://amazon-berkeley-objects.s3.amazonaws.com/3dmodels/original/P/B07MSWZ5VP.glb,CC Attribution,CC-BY-4.0,Creative Commons Attribution 4.0 International,https://creativecommons.org/licenses/by/4.0/,https://registry.opendata.aws/amazon-berkeley-objects/,true,"Amazon Berkeley Objects asset B07MSWZ5VP, © Amazon.com, licensed under Creative Commons Attribution 4.0 International.",,reference_good,source_anchor_not_human,abo_materials_textures_min2048,abo:B07MSWZ5VP,ec14fabda5a39ad2ed4fa14cb94972237fd7c8afd793a6b41c27af1d5bc90bee,,,0.9992472717961632,good,0.5156642198562622,bad,Metadata manifest only. Obtain and use the asset under its listed source license and attribution requirements.
abo_B07NR49JZ1,Amazon Berkeley Objects,Amazon Berkeley Objects,B07NR49JZ1,ABO object B07NR49JZ1,Amazon.com,,https://registry.opendata.aws/amazon-berkeley-objects/,https://www.amazon.com/dp/B07NR49JZ1,https://registry.opendata.aws/amazon-berkeley-objects/,s3://amazon-berkeley-objects/3dmodels/original/1/B07NR49JZ1.glb,https://amazon-berkeley-objects.s3.amazonaws.com/3dmodels/original/1/B07NR49JZ1.glb,CC Attribution,CC-BY-4.0,Creative Commons Attribution 4.0 International,https://creativecommons.org/licenses/by/4.0/,https://registry.opendata.aws/amazon-berkeley-objects/,true,"Amazon Berkeley Objects asset B07NR49JZ1, © Amazon.com, licensed under Creative Commons Attribution 4.0 International.",,reference_good,source_anchor_not_human,abo_materials_textures_min2048,abo:B07NR49JZ1,769105d6e0cfe0b88dfb5d2af100eea4b00bd66e25b77b0935db69c2190e6401,,,0.935415215517322,bad,0.9956791996955872,good,Metadata manifest only. Obtain and use the asset under its listed source license and attribution requirements.
abo_B07NZX7HR9,Amazon Berkeley Objects,Amazon Berkeley Objects,B07NZX7HR9,ABO object B07NZX7HR9,Amazon.com,,https://registry.opendata.aws/amazon-berkeley-objects/,https://www.amazon.com/dp/B07NZX7HR9,https://registry.opendata.aws/amazon-berkeley-objects/,s3://amazon-berkeley-objects/3dmodels/original/9/B07NZX7HR9.glb,https://amazon-berkeley-objects.s3.amazonaws.com/3dmodels/original/9/B07NZX7HR9.glb,CC Attribution,CC-BY-4.0,Creative Commons Attribution 4.0 International,https://creativecommons.org/licenses/by/4.0/,https://registry.opendata.aws/amazon-berkeley-objects/,true,"Amazon Berkeley Objects asset B07NZX7HR9, © Amazon.com, licensed under Creative Commons Attribution 4.0 International.",,reference_good,source_anchor_not_human,abo_materials_textures_min2048,abo:B07NZX7HR9,ba41c8dbeca71e0219ee59d4b8467fcbcbca7a8bfe74b8632af23abd5f1c1790,,,0.9993518104990832,good,0.999216079711914,good,Metadata manifest only. Obtain and use the asset under its listed source license and attribution requirements.
abo_B07P5LMNC9,Amazon Berkeley Objects,Amazon Berkeley Objects,B07P5LMNC9,ABO object B07P5LMNC9,Amazon.com,,https://registry.opendata.aws/amazon-berkeley-objects/,https://www.amazon.com/dp/B07P5LMNC9,https://registry.opendata.aws/amazon-berkeley-objects/,s3://amazon-berkeley-objects/3dmodels/original/9/B07P5LMNC9.glb,https://amazon-berkeley-objects.s3.amazonaws.com/3dmodels/original/9/B07P5LMNC9.glb,CC Attribution,CC-BY-4.0,Creative Commons Attribution 4.0 International,https://creativecommons.org/licenses/by/4.0/,https://registry.opendata.aws/amazon-berkeley-objects/,true,"Amazon Berkeley Objects asset B07P5LMNC9, © Amazon.com, licensed under Creative Commons Attribution 4.0 International.",,reference_good,source_anchor_not_human,abo_materials_textures_min2048,abo:B07P5LMNC9,4abdfdca47ea5934ef9d48c5428623102d2a798b3b6a1e6cb32a6e4042c7380d,,,0.9987644868079252,good,0.9804431200027466,good,Metadata manifest only. Obtain and use the asset under its listed source license and attribution requirements.
abo_B07P6JVMJ2,Amazon Berkeley Objects,Amazon Berkeley Objects,B07P6JVMJ2,ABO object B07P6JVMJ2,Amazon.com,,https://registry.opendata.aws/amazon-berkeley-objects/,https://www.amazon.com/dp/B07P6JVMJ2,https://registry.opendata.aws/amazon-berkeley-objects/,s3://amazon-berkeley-objects/3dmodels/original/2/B07P6JVMJ2.glb,https://amazon-berkeley-objects.s3.amazonaws.com/3dmodels/original/2/B07P6JVMJ2.glb,CC Attribution,CC-BY-4.0,Creative Commons Attribution 4.0 International,https://creativecommons.org/licenses/by/4.0/,https://registry.opendata.aws/amazon-berkeley-objects/,true,"Amazon Berkeley Objects asset B07P6JVMJ2, © Amazon.com, licensed under Creative Commons Attribution 4.0 International.",,reference_good,source_anchor_not_human,abo_materials_textures_min2048,abo:B07P6JVMJ2,8b96145db657da201bcbda95c8e63a000d8c19d0020a3379337db33c327ea11e,,,0.9993633845316048,good,0.943394422531128,good,Metadata manifest only. Obtain and use the asset under its listed source license and attribution requirements.
abo_B07P7NTK44,Amazon Berkeley Objects,Amazon Berkeley Objects,B07P7NTK44,ABO object B07P7NTK44,Amazon.com,,https://registry.opendata.aws/amazon-berkeley-objects/,https://www.amazon.com/dp/B07P7NTK44,https://registry.opendata.aws/amazon-berkeley-objects/,s3://amazon-berkeley-objects/3dmodels/original/4/B07P7NTK44.glb,https://amazon-berkeley-objects.s3.amazonaws.com/3dmodels/original/4/B07P7NTK44.glb,CC Attribution,CC-BY-4.0,Creative Commons Attribution 4.0 International,https://creativecommons.org/licenses/by/4.0/,https://registry.opendata.aws/amazon-berkeley-objects/,true,"Amazon Berkeley Objects asset B07P7NTK44, © Amazon.com, licensed under Creative Commons Attribution 4.0 International.",,reference_good,source_anchor_not_human,abo_materials_textures_min2048,abo:B07P7NTK44,5670c7ca2afccc2793f8741e28e04d2a3f72a4a35e3cf8561e98ffa38833d68c,,,0.998882047612166,good,0.9975986480712892,good,Metadata manifest only. Obtain and use the asset under its listed source license and attribution requirements.
abo_B07P8SS172,Amazon Berkeley Objects,Amazon Berkeley Objects,B07P8SS172,ABO object B07P8SS172,Amazon.com,,https://registry.opendata.aws/amazon-berkeley-objects/,https://www.amazon.com/dp/B07P8SS172,https://registry.opendata.aws/amazon-berkeley-objects/,s3://amazon-berkeley-objects/3dmodels/original/2/B07P8SS172.glb,https://amazon-berkeley-objects.s3.amazonaws.com/3dmodels/original/2/B07P8SS172.glb,CC Attribution,CC-BY-4.0,Creative Commons Attribution 4.0 International,https://creativecommons.org/licenses/by/4.0/,https://registry.opendata.aws/amazon-berkeley-objects/,true,"Amazon Berkeley Objects asset B07P8SS172, © Amazon.com, licensed under Creative Commons Attribution 4.0 International.",,reference_good,source_anchor_not_human,abo_materials_textures_min2048,abo:B07P8SS172,7dbc68237cb8f24ec117de926ad762dbd0b145b796991a40b1a191e1bbf371a7,,,0.9993636055286286,good,0.8430389761924744,good,Metadata manifest only. Obtain and use the asset under its listed source license and attribution requirements.
abo_B07PC15YLQ,Amazon Berkeley Objects,Amazon Berkeley Objects,B07PC15YLQ,ABO object B07PC15YLQ,Amazon.com,,https://registry.opendata.aws/amazon-berkeley-objects/,https://www.amazon.com/dp/B07PC15YLQ,https://registry.opendata.aws/amazon-berkeley-objects/,s3://amazon-berkeley-objects/3dmodels/original/Q/B07PC15YLQ.glb,https://amazon-berkeley-objects.s3.amazonaws.com/3dmodels/original/Q/B07PC15YLQ.glb,CC Attribution,CC-BY-4.0,Creative Commons Attribution 4.0 International,https://creativecommons.org/licenses/by/4.0/,https://registry.opendata.aws/amazon-berkeley-objects/,true,"Amazon Berkeley Objects asset B07PC15YLQ, © Amazon.com, licensed under Creative Commons Attribution 4.0 International.",,reference_good,source_anchor_not_human,abo_materials_textures_min2048,abo:B07PC15YLQ,8c7251aed5c178e60751e1d4a4c551254010d4e3985e63280112bc2a173a4bd1,,,0.9993620129901296,good,0.9992005228996276,good,Metadata manifest only. Obtain and use the asset under its listed source license and attribution requirements.
abo_B07PC15Z8Z,Amazon Berkeley Objects,Amazon Berkeley Objects,B07PC15Z8Z,ABO object B07PC15Z8Z,Amazon.com,,https://registry.opendata.aws/amazon-berkeley-objects/,https://www.amazon.com/dp/B07PC15Z8Z,https://registry.opendata.aws/amazon-berkeley-objects/,s3://amazon-berkeley-objects/3dmodels/original/Z/B07PC15Z8Z.glb,https://amazon-berkeley-objects.s3.amazonaws.com/3dmodels/original/Z/B07PC15Z8Z.glb,CC Attribution,CC-BY-4.0,Creative Commons Attribution 4.0 International,https://creativecommons.org/licenses/by/4.0/,https://registry.opendata.aws/amazon-berkeley-objects/,true,"Amazon Berkeley Objects asset B07PC15Z8Z, © Amazon.com, licensed under Creative Commons Attribution 4.0 International.",,reference_good,source_anchor_not_human,abo_materials_textures_min2048,abo:B07PC15Z8Z,7f4711b5ee5a755ed687c43a41e901149dcf3cd47fc69b736d9279ab405a8f95,,,0.9993575780372695,good,0.999999701976776,good,Metadata manifest only. Obtain and use the asset under its listed source license and attribution requirements.
abo_B07PC5GS8J,Amazon Berkeley Objects,Amazon Berkeley Objects,B07PC5GS8J,ABO object B07PC5GS8J,Amazon.com,,https://registry.opendata.aws/amazon-berkeley-objects/,https://www.amazon.com/dp/B07PC5GS8J,https://registry.opendata.aws/amazon-berkeley-objects/,s3://amazon-berkeley-objects/3dmodels/original/J/B07PC5GS8J.glb,https://amazon-berkeley-objects.s3.amazonaws.com/3dmodels/original/J/B07PC5GS8J.glb,CC Attribution,CC-BY-4.0,Creative Commons Attribution 4.0 International,https://creativecommons.org/licenses/by/4.0/,https://registry.opendata.aws/amazon-berkeley-objects/,true,"Amazon Berkeley Objects asset B07PC5GS8J, © Amazon.com, licensed under Creative Commons Attribution 4.0 International.",,reference_good,source_anchor_not_human,abo_materials_textures_min2048,abo:B07PC5GS8J,36dcc6046dd96af52e85e455518fe7e2d956f76e4ae523429d23119a4e52f60b,,,0.9989362025983656,good,0.9953876733779908,good,Metadata manifest only. Obtain and use the asset under its listed source license and attribution requirements.
abo_B07PX3CC31,Amazon Berkeley Objects,Amazon Berkeley Objects,B07PX3CC31,ABO object B07PX3CC31,Amazon.com,,https://registry.opendata.aws/amazon-berkeley-objects/,https://www.amazon.com/dp/B07PX3CC31,https://registry.opendata.aws/amazon-berkeley-objects/,s3://amazon-berkeley-objects/3dmodels/original/1/B07PX3CC31.glb,https://amazon-berkeley-objects.s3.amazonaws.com/3dmodels/original/1/B07PX3CC31.glb,CC Attribution,CC-BY-4.0,Creative Commons Attribution 4.0 International,https://creativecommons.org/licenses/by/4.0/,https://registry.opendata.aws/amazon-berkeley-objects/,true,"Amazon Berkeley Objects asset B07PX3CC31, © Amazon.com, licensed under Creative Commons Attribution 4.0 International.",,reference_good,source_anchor_not_human,abo_materials_textures_min2048,abo:B07PX3CC31,56b8a2ea5fc0b4b19e69602c42c12077e65b04a67bb2bc2b818079b8333c5835,,,0.9993637649807304,good,0.9989418983459472,good,Metadata manifest only. Obtain and use the asset under its listed source license and attribution requirements.
abo_B07Q16JDH5,Amazon Berkeley Objects,Amazon Berkeley Objects,B07Q16JDH5,ABO object B07Q16JDH5,Amazon.com,,https://registry.opendata.aws/amazon-berkeley-objects/,https://www.amazon.com/dp/B07Q16JDH5,https://registry.opendata.aws/amazon-berkeley-objects/,s3://amazon-berkeley-objects/3dmodels/original/5/B07Q16JDH5.glb,https://amazon-berkeley-objects.s3.amazonaws.com/3dmodels/original/5/B07Q16JDH5.glb,CC Attribution,CC-BY-4.0,Creative Commons Attribution 4.0 International,https://creativecommons.org/licenses/by/4.0/,https://registry.opendata.aws/amazon-berkeley-objects/,true,"Amazon Berkeley Objects asset B07Q16JDH5, © Amazon.com, licensed under Creative Commons Attribution 4.0 International.",,reference_good,source_anchor_not_human,abo_materials_textures_min2048,abo:B07Q16JDH5,7ca3e1807b26da53b86e2ff1340a98fef6b5f729452ebfd0f9bfaf24c0db0a02,,,0.9993430059905364,good,0.0276854876428842,bad,Metadata manifest only. Obtain and use the asset under its listed source license and attribution requirements.
abo_B07Q4WDSFY,Amazon Berkeley Objects,Amazon Berkeley Objects,B07Q4WDSFY,ABO object B07Q4WDSFY,Amazon.com,,https://registry.opendata.aws/amazon-berkeley-objects/,https://www.amazon.com/dp/B07Q4WDSFY,https://registry.opendata.aws/amazon-berkeley-objects/,s3://amazon-berkeley-objects/3dmodels/original/Y/B07Q4WDSFY.glb,https://amazon-berkeley-objects.s3.amazonaws.com/3dmodels/original/Y/B07Q4WDSFY.glb,CC Attribution,CC-BY-4.0,Creative Commons Attribution 4.0 International,https://creativecommons.org/licenses/by/4.0/,https://registry.opendata.aws/amazon-berkeley-objects/,true,"Amazon Berkeley Objects asset B07Q4WDSFY, © Amazon.com, licensed under Creative Commons Attribution 4.0 International.",,reference_good,source_anchor_not_human,abo_materials_textures_min2048,abo:B07Q4WDSFY,d9e78e022665c2401c253f92b3af62bad285b17d0788fc5096a6bd7fc3717630,,,0.0057966666354746,bad,0.999849259853363,good,Metadata manifest only. Obtain and use the asset under its listed source license and attribution requirements.
abo_B07Q9CTQ2S,Amazon Berkeley Objects,Amazon Berkeley Objects,B07Q9CTQ2S,ABO object B07Q9CTQ2S,Amazon.com,,https://registry.opendata.aws/amazon-berkeley-objects/,https://www.amazon.com/dp/B07Q9CTQ2S,https://registry.opendata.aws/amazon-berkeley-objects/,s3://amazon-berkeley-objects/3dmodels/original/S/B07Q9CTQ2S.glb,https://amazon-berkeley-objects.s3.amazonaws.com/3dmodels/original/S/B07Q9CTQ2S.glb,CC Attribution,CC-BY-4.0,Creative Commons Attribution 4.0 International,https://creativecommons.org/licenses/by/4.0/,https://registry.opendata.aws/amazon-berkeley-objects/,true,"Amazon Berkeley Objects asset B07Q9CTQ2S, © Amazon.com, licensed under Creative Commons Attribution 4.0 International.",,reference_good,source_anchor_not_human,abo_materials_textures_min2048,abo:B07Q9CTQ2S,d4485e3dacbc02fe4dfab93430225f0a51d44729d9c37b1ca77c6e6ee30b6da8,,,0.0048709481500917,bad,0.9937490224838256,good,Metadata manifest only. Obtain and use the asset under its listed source license and attribution requirements.
abo_B07QB8HKZK,Amazon Berkeley Objects,Amazon Berkeley Objects,B07QB8HKZK,ABO object B07QB8HKZK,Amazon.com,,https://registry.opendata.aws/amazon-berkeley-objects/,https://www.amazon.com/dp/B07QB8HKZK,https://registry.opendata.aws/amazon-berkeley-objects/,s3://amazon-berkeley-objects/3dmodels/original/K/B07QB8HKZK.glb,https://amazon-berkeley-objects.s3.amazonaws.com/3dmodels/original/K/B07QB8HKZK.glb,CC Attribution,CC-BY-4.0,Creative Commons Attribution 4.0 International,https://creativecommons.org/licenses/by/4.0/,https://registry.opendata.aws/amazon-berkeley-objects/,true,"Amazon Berkeley Objects asset B07QB8HKZK, © Amazon.com, licensed under Creative Commons Attribution 4.0 International.",,reference_good,source_anchor_not_human,abo_materials_textures_min2048,abo:B07QB8HKZK,deb0a3d0a0029903f5d67e0a0ca765dc822fa704f6e5887e7c889a9fdd0afdc5,,,0.0936540979159084,bad,0.999806582927704,good,Metadata manifest only. Obtain and use the asset under its listed source license and attribution requirements.
abo_B07QB8K1GS,Amazon Berkeley Objects,Amazon Berkeley Objects,B07QB8K1GS,ABO object B07QB8K1GS,Amazon.com,,https://registry.opendata.aws/amazon-berkeley-objects/,https://www.amazon.com/dp/B07QB8K1GS,https://registry.opendata.aws/amazon-berkeley-objects/,s3://amazon-berkeley-objects/3dmodels/original/S/B07QB8K1GS.glb,https://amazon-berkeley-objects.s3.amazonaws.com/3dmodels/original/S/B07QB8K1GS.glb,CC Attribution,CC-BY-4.0,Creative Commons Attribution 4.0 International,https://creativecommons.org/licenses/by/4.0/,https://registry.opendata.aws/amazon-berkeley-objects/,true,"Amazon Berkeley Objects asset B07QB8K1GS, © Amazon.com, licensed under Creative Commons Attribution 4.0 International.",,reference_good,source_anchor_not_human,abo_materials_textures_min2048,abo:B07QB8K1GS,b1f4078b1c1dd3351844d5469db6cde1d8f962f4d81da6dca5df77a1782df623,,,0.4246009051518368,bad,0.999927580356598,good,Metadata manifest only. Obtain and use the asset under its listed source license and attribution requirements.
abo_B07QBMQ4LN,Amazon Berkeley Objects,Amazon Berkeley Objects,B07QBMQ4LN,ABO object B07QBMQ4LN,Amazon.com,,https://registry.opendata.aws/amazon-berkeley-objects/,https://www.amazon.com/dp/B07QBMQ4LN,https://registry.opendata.aws/amazon-berkeley-objects/,s3://amazon-berkeley-objects/3dmodels/original/N/B07QBMQ4LN.glb,https://amazon-berkeley-objects.s3.amazonaws.com/3dmodels/original/N/B07QBMQ4LN.glb,CC Attribution,CC-BY-4.0,Creative Commons Attribution 4.0 International,https://creativecommons.org/licenses/by/4.0/,https://registry.opendata.aws/amazon-berkeley-objects/,true,"Amazon Berkeley Objects asset B07QBMQ4LN, © Amazon.com, licensed under Creative Commons Attribution 4.0 International.",,reference_good,source_anchor_not_human,abo_materials_textures_min2048,abo:B07QBMQ4LN,68cf66ac5e611c142425012a637c3d287e522b644838aac568ef0c45a9042e42,,,0.9993610489438978,good,0.999619722366333,good,Metadata manifest only. Obtain and use the asset under its listed source license and attribution requirements.
abo_B07QBMQ737,Amazon Berkeley Objects,Amazon Berkeley Objects,B07QBMQ737,ABO object B07QBMQ737,Amazon.com,,https://registry.opendata.aws/amazon-berkeley-objects/,https://www.amazon.com/dp/B07QBMQ737,https://registry.opendata.aws/amazon-berkeley-objects/,s3://amazon-berkeley-objects/3dmodels/original/7/B07QBMQ737.glb,https://amazon-berkeley-objects.s3.amazonaws.com/3dmodels/original/7/B07QBMQ737.glb,CC Attribution,CC-BY-4.0,Creative Commons Attribution 4.0 International,https://creativecommons.org/licenses/by/4.0/,https://registry.opendata.aws/amazon-berkeley-objects/,true,"Amazon Berkeley Objects asset B07QBMQ737, © Amazon.com, licensed under Creative Commons Attribution 4.0 International.",,reference_good,source_anchor_not_human,abo_materials_textures_min2048,abo:B07QBMQ737,d78e028a5a61e8cf751d9d1b79356e5d9d64a87a9275afdd075f0b68149344de,,,0.9993570685497052,good,0.2814728617668152,bad,Metadata manifest only. Obtain and use the asset under its listed source license and attribution requirements.
abo_B07QBQF7Q2,Amazon Berkeley Objects,Amazon Berkeley Objects,B07QBQF7Q2,ABO object B07QBQF7Q2,Amazon.com,,https://registry.opendata.aws/amazon-berkeley-objects/,https://www.amazon.com/dp/B07QBQF7Q2,https://registry.opendata.aws/amazon-berkeley-objects/,s3://amazon-berkeley-objects/3dmodels/original/2/B07QBQF7Q2.glb,https://amazon-berkeley-objects.s3.amazonaws.com/3dmodels/original/2/B07QBQF7Q2.glb,CC Attribution,CC-BY-4.0,Creative Commons Attribution 4.0 International,https://creativecommons.org/licenses/by/4.0/,https://registry.opendata.aws/amazon-berkeley-objects/,true,"Amazon Berkeley Objects asset B07QBQF7Q2, © Amazon.com, licensed under Creative Commons Attribution 4.0 International.",,reference_good,source_anchor_not_human,abo_materials_textures_min2048,abo:B07QBQF7Q2,432ce322c8182638ef3c7dbf1370c58669b8b5b7017dd4e2915e130079930618,,,0.9659514687574504,good,0.2083736956119537,bad,Metadata manifest only. Obtain and use the asset under its listed source license and attribution requirements.
abo_B07QBQFDP4,Amazon Berkeley Objects,Amazon Berkeley Objects,B07QBQFDP4,ABO object B07QBQFDP4,Amazon.com,,https://registry.opendata.aws/amazon-berkeley-objects/,https://www.amazon.com/dp/B07QBQFDP4,https://registry.opendata.aws/amazon-berkeley-objects/,s3://amazon-berkeley-objects/3dmodels/original/4/B07QBQFDP4.glb,https://amazon-berkeley-objects.s3.amazonaws.com/3dmodels/original/4/B07QBQFDP4.glb,CC Attribution,CC-BY-4.0,Creative Commons Attribution 4.0 International,https://creativecommons.org/licenses/by/4.0/,https://registry.opendata.aws/amazon-berkeley-objects/,true,"Amazon Berkeley Objects asset B07QBQFDP4, © Amazon.com, licensed under Creative Commons Attribution 4.0 International.",,reference_good,source_anchor_not_human,abo_materials_textures_min2048,abo:B07QBQFDP4,ab14b25e282c06f33798fe359c23489a871d221d4092a19625c59ebba7d83d1c,,,0.9990099056649766,good,0.977676510810852,good,Metadata manifest only. Obtain and use the asset under its listed source license and attribution requirements.
abo_B07QC85TNQ,Amazon Berkeley Objects,Amazon Berkeley Objects,B07QC85TNQ,ABO object B07QC85TNQ,Amazon.com,,https://registry.opendata.aws/amazon-berkeley-objects/,https://www.amazon.com/dp/B07QC85TNQ,https://registry.opendata.aws/amazon-berkeley-objects/,s3://amazon-berkeley-objects/3dmodels/original/Q/B07QC85TNQ.glb,https://amazon-berkeley-objects.s3.amazonaws.com/3dmodels/original/Q/B07QC85TNQ.glb,CC Attribution,CC-BY-4.0,Creative Commons Attribution 4.0 International,https://creativecommons.org/licenses/by/4.0/,https://registry.opendata.aws/amazon-berkeley-objects/,true,"Amazon Berkeley Objects asset B07QC85TNQ, © Amazon.com, licensed under Creative Commons Attribution 4.0 International.",,reference_good,source_anchor_not_human,abo_materials_textures_min2048,abo:B07QC85TNQ,8bd0faa571ccb63892bf2a75e2fab9679f3e368e4939ac913cba7fe6d3453c0c,,,0.9993644189574002,good,1.0,good,Metadata manifest only. Obtain and use the asset under its listed source license and attribution requirements.
abo_B07QC85YBY,Amazon Berkeley Objects,Amazon Berkeley Objects,B07QC85YBY,ABO object B07QC85YBY,Amazon.com,,https://registry.opendata.aws/amazon-berkeley-objects/,https://www.amazon.com/dp/B07QC85YBY,https://registry.opendata.aws/amazon-berkeley-objects/,s3://amazon-berkeley-objects/3dmodels/original/Y/B07QC85YBY.glb,https://amazon-berkeley-objects.s3.amazonaws.com/3dmodels/original/Y/B07QC85YBY.glb,CC Attribution,CC-BY-4.0,Creative Commons Attribution 4.0 International,https://creativecommons.org/licenses/by/4.0/,https://registry.opendata.aws/amazon-berkeley-objects/,true,"Amazon Berkeley Objects asset B07QC85YBY, © Amazon.com, licensed under Creative Commons Attribution 4.0 International.",,reference_good,source_anchor_not_human,abo_materials_textures_min2048,abo:B07QC85YBY,46439489c2d85e5773184c45b3f50e493ec25a299880cf785aaae4593081b044,,,0.9993636916177716,good,0.3507258594036102,bad,Metadata manifest only. Obtain and use the asset under its listed source license and attribution requirements.
abo_B07QCQ1J95,Amazon Berkeley Objects,Amazon Berkeley Objects,B07QCQ1J95,ABO object B07QCQ1J95,Amazon.com,,https://registry.opendata.aws/amazon-berkeley-objects/,https://www.amazon.com/dp/B07QCQ1J95,https://registry.opendata.aws/amazon-berkeley-objects/,s3://amazon-berkeley-objects/3dmodels/original/5/B07QCQ1J95.glb,https://amazon-berkeley-objects.s3.amazonaws.com/3dmodels/original/5/B07QCQ1J95.glb,CC Attribution,CC-BY-4.0,Creative Commons Attribution 4.0 International,https://creativecommons.org/licenses/by/4.0/,https://registry.opendata.aws/amazon-berkeley-objects/,true,"Amazon Berkeley Objects asset B07QCQ1J95, © Amazon.com, licensed under Creative Commons Attribution 4.0 International.",,reference_good,source_anchor_not_human,abo_materials_textures_min2048,abo:B07QCQ1J95,57af29ebd809b09a5929f43bf208f8ce2d769a84c9b460749a7fb7d9a8699149,,,0.999360652249818,good,0.8709207773208618,good,Metadata manifest only. Obtain and use the asset under its listed source license and attribution requirements.
abo_B07QDL42R8,Amazon Berkeley Objects,Amazon Berkeley Objects,B07QDL42R8,ABO object B07QDL42R8,Amazon.com,,https://registry.opendata.aws/amazon-berkeley-objects/,https://www.amazon.com/dp/B07QDL42R8,https://registry.opendata.aws/amazon-berkeley-objects/,s3://amazon-berkeley-objects/3dmodels/original/8/B07QDL42R8.glb,https://amazon-berkeley-objects.s3.amazonaws.com/3dmodels/original/8/B07QDL42R8.glb,CC Attribution,CC-BY-4.0,Creative Commons Attribution 4.0 International,https://creativecommons.org/licenses/by/4.0/,https://registry.opendata.aws/amazon-berkeley-objects/,true,"Amazon Berkeley Objects asset B07QDL42R8, © Amazon.com, licensed under Creative Commons Attribution 4.0 International.",,reference_good,source_anchor_not_human,abo_materials_textures_min2048,abo:B07QDL42R8,0cff59213aec3ec26d6c638f4625d04b1812e8857a0f5ee85f204c5857d937ac,,,0.9898321171771718,good,0.991514265537262,good,Metadata manifest only. Obtain and use the asset under its listed source license and attribution requirements.
abo_B07QDL469L,Amazon Berkeley Objects,Amazon Berkeley Objects,B07QDL469L,ABO object B07QDL469L,Amazon.com,,https://registry.opendata.aws/amazon-berkeley-objects/,https://www.amazon.com/dp/B07QDL469L,https://registry.opendata.aws/amazon-berkeley-objects/,s3://amazon-berkeley-objects/3dmodels/original/L/B07QDL469L.glb,https://amazon-berkeley-objects.s3.amazonaws.com/3dmodels/original/L/B07QDL469L.glb,CC Attribution,CC-BY-4.0,Creative Commons Attribution 4.0 International,https://creativecommons.org/licenses/by/4.0/,https://registry.opendata.aws/amazon-berkeley-objects/,true,"Amazon Berkeley Objects asset B07QDL469L, © Amazon.com, licensed under Creative Commons Attribution 4.0 International.",,reference_good,source_anchor_not_human,abo_materials_textures_min2048,abo:B07QDL469L,705e51b9ff1e30e7e59e095f467dc23ccc12be54c8fa69b3c18889b585294d8e,,,0.9993018088860728,good,0.5470699071884155,good,Metadata manifest only. Obtain and use the asset under its listed source license and attribution requirements.
abo_B07QF91L1T,Amazon Berkeley Objects,Amazon Berkeley Objects,B07QF91L1T,ABO object B07QF91L1T,Amazon.com,,https://registry.opendata.aws/amazon-berkeley-objects/,https://www.amazon.com/dp/B07QF91L1T,https://registry.opendata.aws/amazon-berkeley-objects/,s3://amazon-berkeley-objects/3dmodels/original/T/B07QF91L1T.glb,https://amazon-berkeley-objects.s3.amazonaws.com/3dmodels/original/T/B07QF91L1T.glb,CC Attribution,CC-BY-4.0,Creative Commons Attribution 4.0 International,https://creativecommons.org/licenses/by/4.0/,https://registry.opendata.aws/amazon-berkeley-objects/,true,"Amazon Berkeley Objects asset B07QF91L1T, © Amazon.com, licensed under Creative Commons Attribution 4.0 International.",,reference_good,source_anchor_not_human,abo_materials_textures_min2048,abo:B07QF91L1T,7b3387954b89827d8a637b98aaa049403b83bfaea2806dea96b8bbffde6023f8,,,0.99936461139596,good,0.999824583530426,good,Metadata manifest only. Obtain and use the asset under its listed source license and attribution requirements.
abo_B07QGG5LLM,Amazon Berkeley Objects,Amazon Berkeley Objects,B07QGG5LLM,ABO object B07QGG5LLM,Amazon.com,,https://registry.opendata.aws/amazon-berkeley-objects/,https://www.amazon.com/dp/B07QGG5LLM,https://registry.opendata.aws/amazon-berkeley-objects/,s3://amazon-berkeley-objects/3dmodels/original/M/B07QGG5LLM.glb,https://amazon-berkeley-objects.s3.amazonaws.com/3dmodels/original/M/B07QGG5LLM.glb,CC Attribution,CC-BY-4.0,Creative Commons Attribution 4.0 International,https://creativecommons.org/licenses/by/4.0/,https://registry.opendata.aws/amazon-berkeley-objects/,true,"Amazon Berkeley Objects asset B07QGG5LLM, © Amazon.com, licensed under Creative Commons Attribution 4.0 International.",,reference_good,source_anchor_not_human,abo_materials_textures_min2048,abo:B07QGG5LLM,165bc9ba861350fc0a60e275f1dcfdb8e050db385d153caa11b1ac7dd76a30b2,,,0.9993390537546062,good,0.9999999403953552,good,Metadata manifest only. Obtain and use the asset under its listed source license and attribution requirements.
abo_B07QHJZDH4,Amazon Berkeley Objects,Amazon Berkeley Objects,B07QHJZDH4,ABO object B07QHJZDH4,Amazon.com,,https://registry.opendata.aws/amazon-berkeley-objects/,https://www.amazon.com/dp/B07QHJZDH4,https://registry.opendata.aws/amazon-berkeley-objects/,s3://amazon-berkeley-objects/3dmodels/original/4/B07QHJZDH4.glb,https://amazon-berkeley-objects.s3.amazonaws.com/3dmodels/original/4/B07QHJZDH4.glb,CC Attribution,CC-BY-4.0,Creative Commons Attribution 4.0 International,https://creativecommons.org/licenses/by/4.0/,https://registry.opendata.aws/amazon-berkeley-objects/,true,"Amazon Berkeley Objects asset B07QHJZDH4, © Amazon.com, licensed under Creative Commons Attribution 4.0 International.",,reference_good,source_anchor_not_human,abo_materials_textures_min2048,abo:B07QHJZDH4,b38914127b92b09eab473582b2e3d9fa3b0fc982ad1bf9d40b8df5495c0adf86,,,0.9983772149838692,good,0.9993767142295836,good,Metadata manifest only. Obtain and use the asset under its listed source license and attribution requirements.
abo_B07QHKV52D,Amazon Berkeley Objects,Amazon Berkeley Objects,B07QHKV52D,ABO object B07QHKV52D,Amazon.com,,https://registry.opendata.aws/amazon-berkeley-objects/,https://www.amazon.com/dp/B07QHKV52D,https://registry.opendata.aws/amazon-berkeley-objects/,s3://amazon-berkeley-objects/3dmodels/original/D/B07QHKV52D.glb,https://amazon-berkeley-objects.s3.amazonaws.com/3dmodels/original/D/B07QHKV52D.glb,CC Attribution,CC-BY-4.0,Creative Commons Attribution 4.0 International,https://creativecommons.org/licenses/by/4.0/,https://registry.opendata.aws/amazon-berkeley-objects/,true,"Amazon Berkeley Objects asset B07QHKV52D, © Amazon.com, licensed under Creative Commons Attribution 4.0 International.",,reference_good,source_anchor_not_human,abo_materials_textures_min2048,abo:B07QHKV52D,df65bd3f19f3614cd8fed19c7a94449b2c5cd651b8a5e30f589940613ff84bc9,,,0.003481701970137,bad,0.9999700784683228,good,Metadata manifest only. Obtain and use the asset under its listed source license and attribution requirements.
abo_B07QHKV57F,Amazon Berkeley Objects,Amazon Berkeley Objects,B07QHKV57F,ABO object B07QHKV57F,Amazon.com,,https://registry.opendata.aws/amazon-berkeley-objects/,https://www.amazon.com/dp/B07QHKV57F,https://registry.opendata.aws/amazon-berkeley-objects/,s3://amazon-berkeley-objects/3dmodels/original/F/B07QHKV57F.glb,https://amazon-berkeley-objects.s3.amazonaws.com/3dmodels/original/F/B07QHKV57F.glb,CC Attribution,CC-BY-4.0,Creative Commons Attribution 4.0 International,https://creativecommons.org/licenses/by/4.0/,https://registry.opendata.aws/amazon-berkeley-objects/,true,"Amazon Berkeley Objects asset B07QHKV57F, © Amazon.com, licensed under Creative Commons Attribution 4.0 International.",,reference_good,source_anchor_not_human,abo_materials_textures_min2048,abo:B07QHKV57F,8703f0ac4539cfb585eff6294f6e6845e3d9b6d309430c16d6f4234fc00c4e01,,,0.5131298992537906,bad,0.9997953176498412,good,Metadata manifest only. Obtain and use the asset under its listed source license and attribution requirements.
abo_B07QHL2CX3,Amazon Berkeley Objects,Amazon Berkeley Objects,B07QHL2CX3,ABO object B07QHL2CX3,Amazon.com,,https://registry.opendata.aws/amazon-berkeley-objects/,https://www.amazon.com/dp/B07QHL2CX3,https://registry.opendata.aws/amazon-berkeley-objects/,s3://amazon-berkeley-objects/3dmodels/original/3/B07QHL2CX3.glb,https://amazon-berkeley-objects.s3.amazonaws.com/3dmodels/original/3/B07QHL2CX3.glb,CC Attribution,CC-BY-4.0,Creative Commons Attribution 4.0 International,https://creativecommons.org/licenses/by/4.0/,https://registry.opendata.aws/amazon-berkeley-objects/,true,"Amazon Berkeley Objects asset B07QHL2CX3, © Amazon.com, licensed under Creative Commons Attribution 4.0 International.",,reference_good,source_anchor_not_human,abo_materials_textures_min2048,abo:B07QHL2CX3,530b1eafb67fe7449ebdfe3574268412d8917c2fe5f8b335195c470291682ee6,,,0.0357048910321892,bad,0.9999991655349731,good,Metadata manifest only. Obtain and use the asset under its listed source license and attribution requirements.
abo_B07QHYD5ZP,Amazon Berkeley Objects,Amazon Berkeley Objects,B07QHYD5ZP,ABO object B07QHYD5ZP,Amazon.com,,https://registry.opendata.aws/amazon-berkeley-objects/,https://www.amazon.com/dp/B07QHYD5ZP,https://registry.opendata.aws/amazon-berkeley-objects/,s3://amazon-berkeley-objects/3dmodels/original/P/B07QHYD5ZP.glb,https://amazon-berkeley-objects.s3.amazonaws.com/3dmodels/original/P/B07QHYD5ZP.glb,CC Attribution,CC-BY-4.0,Creative Commons Attribution 4.0 International,https://creativecommons.org/licenses/by/4.0/,https://registry.opendata.aws/amazon-berkeley-objects/,true,"Amazon Berkeley Objects asset B07QHYD5ZP, © Amazon.com, licensed under Creative Commons Attribution 4.0 International.",,reference_good,source_anchor_not_human,abo_materials_textures_min2048,abo:B07QHYD5ZP,0f1c33659137cc9da7ea1955b2feb37bd5f44fe617c6967b934902fe85e9f96d,,,0.9990626818321644,good,0.9988521337509156,good,Metadata manifest only. Obtain and use the asset under its listed source license and attribution requirements.
abo_B07QHYF1L3,Amazon Berkeley Objects,Amazon Berkeley Objects,B07QHYF1L3,ABO object B07QHYF1L3,Amazon.com,,https://registry.opendata.aws/amazon-berkeley-objects/,https://www.amazon.com/dp/B07QHYF1L3,https://registry.opendata.aws/amazon-berkeley-objects/,s3://amazon-berkeley-objects/3dmodels/original/3/B07QHYF1L3.glb,https://amazon-berkeley-objects.s3.amazonaws.com/3dmodels/original/3/B07QHYF1L3.glb,CC Attribution,CC-BY-4.0,Creative Commons Attribution 4.0 International,https://creativecommons.org/licenses/by/4.0/,https://registry.opendata.aws/amazon-berkeley-objects/,true,"Amazon Berkeley Objects asset B07QHYF1L3, © Amazon.com, licensed under Creative Commons Attribution 4.0 International.",,reference_good,source_anchor_not_human,abo_materials_textures_min2048,abo:B07QHYF1L3,7588cbd5f0848fc98a71ac6d86de6015d11698e5d0b50024e88691941832a30c,,,0.9979161443402658,good,0.958641767501831,good,Metadata manifest only. Obtain and use the asset under its listed source license and attribution requirements.
abo_B07QHYF1M2,Amazon Berkeley Objects,Amazon Berkeley Objects,B07QHYF1M2,ABO object B07QHYF1M2,Amazon.com,,https://registry.opendata.aws/amazon-berkeley-objects/,https://www.amazon.com/dp/B07QHYF1M2,https://registry.opendata.aws/amazon-berkeley-objects/,s3://amazon-berkeley-objects/3dmodels/original/2/B07QHYF1M2.glb,https://amazon-berkeley-objects.s3.amazonaws.com/3dmodels/original/2/B07QHYF1M2.glb,CC Attribution,CC-BY-4.0,Creative Commons Attribution 4.0 International,https://creativecommons.org/licenses/by/4.0/,https://registry.opendata.aws/amazon-berkeley-objects/,true,"Amazon Berkeley Objects asset B07QHYF1M2, © Amazon.com, licensed under Creative Commons Attribution 4.0 International.",,reference_good,source_anchor_not_human,abo_materials_textures_min2048,abo:B07QHYF1M2,938576e42272f2083810d34d59aad8d6a9c7b1327c1cb0120335ea7497b05c99,,,0.9981983733713936,good,0.9998682737350464,good,Metadata manifest only. Obtain and use the asset under its listed source license and attribution requirements.
abo_B07QJL6XBB,Amazon Berkeley Objects,Amazon Berkeley Objects,B07QJL6XBB,ABO object B07QJL6XBB,Amazon.com,,https://registry.opendata.aws/amazon-berkeley-objects/,https://www.amazon.com/dp/B07QJL6XBB,https://registry.opendata.aws/amazon-berkeley-objects/,s3://amazon-berkeley-objects/3dmodels/original/B/B07QJL6XBB.glb,https://amazon-berkeley-objects.s3.amazonaws.com/3dmodels/original/B/B07QJL6XBB.glb,CC Attribution,CC-BY-4.0,Creative Commons Attribution 4.0 International,https://creativecommons.org/licenses/by/4.0/,https://registry.opendata.aws/amazon-berkeley-objects/,true,"Amazon Berkeley Objects asset B07QJL6XBB, © Amazon.com, licensed under Creative Commons Attribution 4.0 International.",,reference_good,source_anchor_not_human,abo_materials_textures_min2048,abo:B07QJL6XBB,0beaeeb862a019714883bc22dbaa3bc0fa8501d95d4621755aa637176c157cb2,,,0.016978678290119,bad,0.9999998211860656,good,Metadata manifest only. Obtain and use the asset under its listed source license and attribution requirements.
abo_B07QK35B7K,Amazon Berkeley Objects,Amazon Berkeley Objects,B07QK35B7K,ABO object B07QK35B7K,Amazon.com,,https://registry.opendata.aws/amazon-berkeley-objects/,https://www.amazon.com/dp/B07QK35B7K,https://registry.opendata.aws/amazon-berkeley-objects/,s3://amazon-berkeley-objects/3dmodels/original/K/B07QK35B7K.glb,https://amazon-berkeley-objects.s3.amazonaws.com/3dmodels/original/K/B07QK35B7K.glb,CC Attribution,CC-BY-4.0,Creative Commons Attribution 4.0 International,https://creativecommons.org/licenses/by/4.0/,https://registry.opendata.aws/amazon-berkeley-objects/,true,"Amazon Berkeley Objects asset B07QK35B7K, © Amazon.com, licensed under Creative Commons Attribution 4.0 International.",,reference_good,source_anchor_not_human,abo_materials_textures_min2048,abo:B07QK35B7K,e64c692e92782339a162a89c1c67f7e8fe3372b22f7b829fbf6d3859f5dad3ab,,,0.9983333683154736,good,0.9266251921653748,good,Metadata manifest only. Obtain and use the asset under its listed source license and attribution requirements.
abo_B07QPZKC5W,Amazon Berkeley Objects,Amazon Berkeley Objects,B07QPZKC5W,ABO object B07QPZKC5W,Amazon.com,,https://registry.opendata.aws/amazon-berkeley-objects/,https://www.amazon.com/dp/B07QPZKC5W,https://registry.opendata.aws/amazon-berkeley-objects/,s3://amazon-berkeley-objects/3dmodels/original/W/B07QPZKC5W.glb,https://amazon-berkeley-objects.s3.amazonaws.com/3dmodels/original/W/B07QPZKC5W.glb,CC Attribution,CC-BY-4.0,Creative Commons Attribution 4.0 International,https://creativecommons.org/licenses/by/4.0/,https://registry.opendata.aws/amazon-berkeley-objects/,true,"Amazon Berkeley Objects asset B07QPZKC5W, © Amazon.com, licensed under Creative Commons Attribution 4.0 International.",,reference_good,source_anchor_not_human,abo_materials_textures_min2048,abo:B07QPZKC5W,eaf8909dce865f115c588e02d0de3665f373fd9870619b44ea66aa6e790b7baf,,,0.9993646070383128,good,0.9478998780250548,good,Metadata manifest only. Obtain and use the asset under its listed source license and attribution requirements.
abo_B07QV37J6B,Amazon Berkeley Objects,Amazon Berkeley Objects,B07QV37J6B,ABO object B07QV37J6B,Amazon.com,,https://registry.opendata.aws/amazon-berkeley-objects/,https://www.amazon.com/dp/B07QV37J6B,https://registry.opendata.aws/amazon-berkeley-objects/,s3://amazon-berkeley-objects/3dmodels/original/B/B07QV37J6B.glb,https://amazon-berkeley-objects.s3.amazonaws.com/3dmodels/original/B/B07QV37J6B.glb,CC Attribution,CC-BY-4.0,Creative Commons Attribution 4.0 International,https://creativecommons.org/licenses/by/4.0/,https://registry.opendata.aws/amazon-berkeley-objects/,true,"Amazon Berkeley Objects asset B07QV37J6B, © Amazon.com, licensed under Creative Commons Attribution 4.0 International.",,reference_good,source_anchor_not_human,abo_materials_textures_min2048,abo:B07QV37J6B,dd3675e3d19ada312bae163843d55091faa1bd20f5938a0c2bae9d0fdc158dc7,,,0.9993638125059604,good,0.9991413354873656,good,Metadata manifest only. Obtain and use the asset under its listed source license and attribution requirements.
abo_B07QVRRMMH,Amazon Berkeley Objects,Amazon Berkeley Objects,B07QVRRMMH,ABO object B07QVRRMMH,Amazon.com,,https://registry.opendata.aws/amazon-berkeley-objects/,https://www.amazon.com/dp/B07QVRRMMH,https://registry.opendata.aws/amazon-berkeley-objects/,s3://amazon-berkeley-objects/3dmodels/original/H/B07QVRRMMH.glb,https://amazon-berkeley-objects.s3.amazonaws.com/3dmodels/original/H/B07QVRRMMH.glb,CC Attribution,CC-BY-4.0,Creative Commons Attribution 4.0 International,https://creativecommons.org/licenses/by/4.0/,https://registry.opendata.aws/amazon-berkeley-objects/,true,"Amazon Berkeley Objects asset B07QVRRMMH, © Amazon.com, licensed under Creative Commons Attribution 4.0 International.",,reference_good,source_anchor_not_human,abo_materials_textures_min2048,abo:B07QVRRMMH,2ecd014af7ebcdbdd2ccfa227a091772a8abad2b8b92e779477f8cce849924d5,,,0.9993404846338518,good,0.9999986290931702,good,Metadata manifest only. Obtain and use the asset under its listed source license and attribution requirements.
abo_B07QZ21D72,Amazon Berkeley Objects,Amazon Berkeley Objects,B07QZ21D72,ABO object B07QZ21D72,Amazon.com,,https://registry.opendata.aws/amazon-berkeley-objects/,https://www.amazon.com/dp/B07QZ21D72,https://registry.opendata.aws/amazon-berkeley-objects/,s3://amazon-berkeley-objects/3dmodels/original/2/B07QZ21D72.glb,https://amazon-berkeley-objects.s3.amazonaws.com/3dmodels/original/2/B07QZ21D72.glb,CC Attribution,CC-BY-4.0,Creative Commons Attribution 4.0 International,https://creativecommons.org/licenses/by/4.0/,https://registry.opendata.aws/amazon-berkeley-objects/,true,"Amazon Berkeley Objects asset B07QZ21D72, © Amazon.com, licensed under Creative Commons Attribution 4.0 International.",,reference_good,source_anchor_not_human,abo_materials_textures_min2048,abo:B07QZ21D72,956b38613f7b769bae934a0e6abbceabab85b4175dbb513891d6689aed625501,,,0.9992733125671036,good,0.9441364407539368,good,Metadata manifest only. Obtain and use the asset under its listed source license and attribution requirements.
abo_B07RPPBPV4,Amazon Berkeley Objects,Amazon Berkeley Objects,B07RPPBPV4,ABO object B07RPPBPV4,Amazon.com,,https://registry.opendata.aws/amazon-berkeley-objects/,https://www.amazon.com/dp/B07RPPBPV4,https://registry.opendata.aws/amazon-berkeley-objects/,s3://amazon-berkeley-objects/3dmodels/original/4/B07RPPBPV4.glb,https://amazon-berkeley-objects.s3.amazonaws.com/3dmodels/original/4/B07RPPBPV4.glb,CC Attribution,CC-BY-4.0,Creative Commons Attribution 4.0 International,https://creativecommons.org/licenses/by/4.0/,https://registry.opendata.aws/amazon-berkeley-objects/,true,"Amazon Berkeley Objects asset B07RPPBPV4, © Amazon.com, licensed under Creative Commons Attribution 4.0 International.",,reference_good,source_anchor_not_human,abo_materials_textures_min2048,abo:B07RPPBPV4,b4d428e3f38d26897248f628edec444bb0a5efcb485962c58a7df9d2e9f9aae4,,,0.905617315781992,bad,0.999999701976776,good,Metadata manifest only. Obtain and use the asset under its listed source license and attribution requirements.
abo_B07RT5N887,Amazon Berkeley Objects,Amazon Berkeley Objects,B07RT5N887,ABO object B07RT5N887,Amazon.com,,https://registry.opendata.aws/amazon-berkeley-objects/,https://www.amazon.com/dp/B07RT5N887,https://registry.opendata.aws/amazon-berkeley-objects/,s3://amazon-berkeley-objects/3dmodels/original/7/B07RT5N887.glb,https://amazon-berkeley-objects.s3.amazonaws.com/3dmodels/original/7/B07RT5N887.glb,CC Attribution,CC-BY-4.0,Creative Commons Attribution 4.0 International,https://creativecommons.org/licenses/by/4.0/,https://registry.opendata.aws/amazon-berkeley-objects/,true,"Amazon Berkeley Objects asset B07RT5N887, © Amazon.com, licensed under Creative Commons Attribution 4.0 International.",,reference_good,source_anchor_not_human,abo_materials_textures_min2048,abo:B07RT5N887,75b065d9b9b4b4e1b8da9d1e2dc7c2dccb072aee28626315f7f54a34f54713d3,,,0.9993606678404208,good,0.9921454191207886,good,Metadata manifest only. Obtain and use the asset under its listed source license and attribution requirements.
abo_B07S574Z4R,Amazon Berkeley Objects,Amazon Berkeley Objects,B07S574Z4R,ABO object B07S574Z4R,Amazon.com,,https://registry.opendata.aws/amazon-berkeley-objects/,https://www.amazon.com/dp/B07S574Z4R,https://registry.opendata.aws/amazon-berkeley-objects/,s3://amazon-berkeley-objects/3dmodels/original/R/B07S574Z4R.glb,https://amazon-berkeley-objects.s3.amazonaws.com/3dmodels/original/R/B07S574Z4R.glb,CC Attribution,CC-BY-4.0,Creative Commons Attribution 4.0 International,https://creativecommons.org/licenses/by/4.0/,https://registry.opendata.aws/amazon-berkeley-objects/,true,"Amazon Berkeley Objects asset B07S574Z4R, © Amazon.com, licensed under Creative Commons Attribution 4.0 International.",,reference_good,source_anchor_not_human,abo_materials_textures_min2048,abo:B07S574Z4R,0c82f47a96fd35396ed49f912ddecd35bbea8a2b6cde567b7ce2198f3ebb292e,,,0.9991470529200742,good,0.0014075370272621,bad,Metadata manifest only. Obtain and use the asset under its listed source license and attribution requirements.
abo_B07SRSJMZK,Amazon Berkeley Objects,Amazon Berkeley Objects,B07SRSJMZK,ABO object B07SRSJMZK,Amazon.com,,https://registry.opendata.aws/amazon-berkeley-objects/,https://www.amazon.com/dp/B07SRSJMZK,https://registry.opendata.aws/amazon-berkeley-objects/,s3://amazon-berkeley-objects/3dmodels/original/K/B07SRSJMZK.glb,https://amazon-berkeley-objects.s3.amazonaws.com/3dmodels/original/K/B07SRSJMZK.glb,CC Attribution,CC-BY-4.0,Creative Commons Attribution 4.0 International,https://creativecommons.org/licenses/by/4.0/,https://registry.opendata.aws/amazon-berkeley-objects/,true,"Amazon Berkeley Objects asset B07SRSJMZK, © Amazon.com, licensed under Creative Commons Attribution 4.0 International.",,reference_good,source_anchor_not_human,abo_materials_textures_min2048,abo:B07SRSJMZK,8402fd23da71039d27c179c0bb846507d168525c310f951f0168698a1864918a,,,0.903705266079189,bad,0.9993672370910645,good,Metadata manifest only. Obtain and use the asset under its listed source license and attribution requirements.
abo_B07TD5R27D,Amazon Berkeley Objects,Amazon Berkeley Objects,B07TD5R27D,ABO object B07TD5R27D,Amazon.com,,https://registry.opendata.aws/amazon-berkeley-objects/,https://www.amazon.com/dp/B07TD5R27D,https://registry.opendata.aws/amazon-berkeley-objects/,s3://amazon-berkeley-objects/3dmodels/original/D/B07TD5R27D.glb,https://amazon-berkeley-objects.s3.amazonaws.com/3dmodels/original/D/B07TD5R27D.glb,CC Attribution,CC-BY-4.0,Creative Commons Attribution 4.0 International,https://creativecommons.org/licenses/by/4.0/,https://registry.opendata.aws/amazon-berkeley-objects/,true,"Amazon Berkeley Objects asset B07TD5R27D, © Amazon.com, licensed under Creative Commons Attribution 4.0 International.",,reference_good,source_anchor_not_human,abo_materials_textures_min2048,abo:B07TD5R27D,c0ca94b453f17473bf64129dad23ea5b211cadc2034e814fe58615b9440f741c,,,0.9993637671101658,good,0.9585138559341432,good,Metadata manifest only. Obtain and use the asset under its listed source license and attribution requirements.
abo_B07TF7XYXM,Amazon Berkeley Objects,Amazon Berkeley Objects,B07TF7XYXM,ABO object B07TF7XYXM,Amazon.com,,https://registry.opendata.aws/amazon-berkeley-objects/,https://www.amazon.com/dp/B07TF7XYXM,https://registry.opendata.aws/amazon-berkeley-objects/,s3://amazon-berkeley-objects/3dmodels/original/M/B07TF7XYXM.glb,https://amazon-berkeley-objects.s3.amazonaws.com/3dmodels/original/M/B07TF7XYXM.glb,CC Attribution,CC-BY-4.0,Creative Commons Attribution 4.0 International,https://creativecommons.org/licenses/by/4.0/,https://registry.opendata.aws/amazon-berkeley-objects/,true,"Amazon Berkeley Objects asset B07TF7XYXM, © Amazon.com, licensed under Creative Commons Attribution 4.0 International.",,reference_good,source_anchor_not_human,abo_materials_textures_min2048,abo:B07TF7XYXM,99dfcfede2069b35653e2618afe289734ce22ade99d57a6046548c703d42066d,,,0.9993646358349186,good,0.9874958395957948,good,Metadata manifest only. Obtain and use the asset under its listed source license and attribution requirements.
abo_B07THSHB7C,Amazon Berkeley Objects,Amazon Berkeley Objects,B07THSHB7C,ABO object B07THSHB7C,Amazon.com,,https://registry.opendata.aws/amazon-berkeley-objects/,https://www.amazon.com/dp/B07THSHB7C,https://registry.opendata.aws/amazon-berkeley-objects/,s3://amazon-berkeley-objects/3dmodels/original/C/B07THSHB7C.glb,https://amazon-berkeley-objects.s3.amazonaws.com/3dmodels/original/C/B07THSHB7C.glb,CC Attribution,CC-BY-4.0,Creative Commons Attribution 4.0 International,https://creativecommons.org/licenses/by/4.0/,https://registry.opendata.aws/amazon-berkeley-objects/,true,"Amazon Berkeley Objects asset B07THSHB7C, © Amazon.com, licensed under Creative Commons Attribution 4.0 International.",,reference_good,source_anchor_not_human,abo_materials_textures_min2048,abo:B07THSHB7C,8846ecfe15b7bcdb0f49d13de865fc037f3602871a7f55f87b3d2741fc5c2eea,,,0.9993530452683,good,0.9975104331970216,good,Metadata manifest only. Obtain and use the asset under its listed source license and attribution requirements.
abo_B07TJV6Q5W,Amazon Berkeley Objects,Amazon Berkeley Objects,B07TJV6Q5W,ABO object B07TJV6Q5W,Amazon.com,,https://registry.opendata.aws/amazon-berkeley-objects/,https://www.amazon.com/dp/B07TJV6Q5W,https://registry.opendata.aws/amazon-berkeley-objects/,s3://amazon-berkeley-objects/3dmodels/original/W/B07TJV6Q5W.glb,https://amazon-berkeley-objects.s3.amazonaws.com/3dmodels/original/W/B07TJV6Q5W.glb,CC Attribution,CC-BY-4.0,Creative Commons Attribution 4.0 International,https://creativecommons.org/licenses/by/4.0/,https://registry.opendata.aws/amazon-berkeley-objects/,true,"Amazon Berkeley Objects asset B07TJV6Q5W, © Amazon.com, licensed under Creative Commons Attribution 4.0 International.",,reference_good,source_anchor_not_human,abo_materials_textures_min2048,abo:B07TJV6Q5W,31c9192e93a27620103a7ad6208101e03d9fa28843cf94f620184181cd969658,,,0.9991749870100411,good,0.9992564916610718,good,Metadata manifest only. Obtain and use the asset under its listed source license and attribution requirements.
abo_B07TP4S5V9,Amazon Berkeley Objects,Amazon Berkeley Objects,B07TP4S5V9,ABO object B07TP4S5V9,Amazon.com,,https://registry.opendata.aws/amazon-berkeley-objects/,https://www.amazon.com/dp/B07TP4S5V9,https://registry.opendata.aws/amazon-berkeley-objects/,s3://amazon-berkeley-objects/3dmodels/original/9/B07TP4S5V9.glb,https://amazon-berkeley-objects.s3.amazonaws.com/3dmodels/original/9/B07TP4S5V9.glb,CC Attribution,CC-BY-4.0,Creative Commons Attribution 4.0 International,https://creativecommons.org/licenses/by/4.0/,https://registry.opendata.aws/amazon-berkeley-objects/,true,"Amazon Berkeley Objects asset B07TP4S5V9, © Amazon.com, licensed under Creative Commons Attribution 4.0 International.",,reference_good,source_anchor_not_human,abo_materials_textures_min2048,abo:B07TP4S5V9,4eb00360dbee0b138cd4c23e84bbd364951cb4a1bd2d4b778b989b7a3aa8627e,,,0.9294993796951526,bad,0.9999990463256836,good,Metadata manifest only. Obtain and use the asset under its listed source license and attribution requirements.
abo_B07TP4SPQ9,Amazon Berkeley Objects,Amazon Berkeley Objects,B07TP4SPQ9,ABO object B07TP4SPQ9,Amazon.com,,https://registry.opendata.aws/amazon-berkeley-objects/,https://www.amazon.com/dp/B07TP4SPQ9,https://registry.opendata.aws/amazon-berkeley-objects/,s3://amazon-berkeley-objects/3dmodels/original/9/B07TP4SPQ9.glb,https://amazon-berkeley-objects.s3.amazonaws.com/3dmodels/original/9/B07TP4SPQ9.glb,CC Attribution,CC-BY-4.0,Creative Commons Attribution 4.0 International,https://creativecommons.org/licenses/by/4.0/,https://registry.opendata.aws/amazon-berkeley-objects/,true,"Amazon Berkeley Objects asset B07TP4SPQ9, © Amazon.com, licensed under Creative Commons Attribution 4.0 International.",,reference_good,source_anchor_not_human,abo_materials_textures_min2048,abo:B07TP4SPQ9,9e429629205d087147e9cd1a2399b3b232145fa0b748e3edcf0b29044d88c390,,,0.9423382362683564,bad,0.9082425832748412,good,Metadata manifest only. Obtain and use the asset under its listed source license and attribution requirements.
abo_B07TR659G8,Amazon Berkeley Objects,Amazon Berkeley Objects,B07TR659G8,ABO object B07TR659G8,Amazon.com,,https://registry.opendata.aws/amazon-berkeley-objects/,https://www.amazon.com/dp/B07TR659G8,https://registry.opendata.aws/amazon-berkeley-objects/,s3://amazon-berkeley-objects/3dmodels/original/8/B07TR659G8.glb,https://amazon-berkeley-objects.s3.amazonaws.com/3dmodels/original/8/B07TR659G8.glb,CC Attribution,CC-BY-4.0,Creative Commons Attribution 4.0 International,https://creativecommons.org/licenses/by/4.0/,https://registry.opendata.aws/amazon-berkeley-objects/,true,"Amazon Berkeley Objects asset B07TR659G8, © Amazon.com, licensed under Creative Commons Attribution 4.0 International.",,reference_good,source_anchor_not_human,abo_materials_textures_min2048,abo:B07TR659G8,0abbe18df8dad9bacdbd22bee8eb852268290c9e62adaf57d6a8f66c25c8b885,,,0.99928213609434,good,0.9999996423721312,good,Metadata manifest only. Obtain and use the asset under its listed source license and attribution requirements.
abo_B07TTCHRB2,Amazon Berkeley Objects,Amazon Berkeley Objects,B07TTCHRB2,ABO object B07TTCHRB2,Amazon.com,,https://registry.opendata.aws/amazon-berkeley-objects/,https://www.amazon.com/dp/B07TTCHRB2,https://registry.opendata.aws/amazon-berkeley-objects/,s3://amazon-berkeley-objects/3dmodels/original/2/B07TTCHRB2.glb,https://amazon-berkeley-objects.s3.amazonaws.com/3dmodels/original/2/B07TTCHRB2.glb,CC Attribution,CC-BY-4.0,Creative Commons Attribution 4.0 International,https://creativecommons.org/licenses/by/4.0/,https://registry.opendata.aws/amazon-berkeley-objects/,true,"Amazon Berkeley Objects asset B07TTCHRB2, © Amazon.com, licensed under Creative Commons Attribution 4.0 International.",,reference_good,source_anchor_not_human,abo_materials_textures_min2048,abo:B07TTCHRB2,44c3a1f702ec08722c3b899d1895eb07f7ede92fa30825dc78468a68420450e4,,,0.2603740040918278,bad,0.9970721006393432,good,Metadata manifest only. Obtain and use the asset under its listed source license and attribution requirements.
abo_B07TTYC9XD,Amazon Berkeley Objects,Amazon Berkeley Objects,B07TTYC9XD,ABO object B07TTYC9XD,Amazon.com,,https://registry.opendata.aws/amazon-berkeley-objects/,https://www.amazon.com/dp/B07TTYC9XD,https://registry.opendata.aws/amazon-berkeley-objects/,s3://amazon-berkeley-objects/3dmodels/original/D/B07TTYC9XD.glb,https://amazon-berkeley-objects.s3.amazonaws.com/3dmodels/original/D/B07TTYC9XD.glb,CC Attribution,CC-BY-4.0,Creative Commons Attribution 4.0 International,https://creativecommons.org/licenses/by/4.0/,https://registry.opendata.aws/amazon-berkeley-objects/,true,"Amazon Berkeley Objects asset B07TTYC9XD, © Amazon.com, licensed under Creative Commons Attribution 4.0 International.",,reference_good,source_anchor_not_human,abo_materials_textures_min2048,abo:B07TTYC9XD,c6e08e27ccc4985164b099fa39d434d94f5cebcc1f66705a1ce9afbf4e796e6a,,,0.941977270646196,bad,0.0199530981481075,bad,Metadata manifest only. Obtain and use the asset under its listed source license and attribution requirements.
abo_B07TVJ3NMN,Amazon Berkeley Objects,Amazon Berkeley Objects,B07TVJ3NMN,ABO object B07TVJ3NMN,Amazon.com,,https://registry.opendata.aws/amazon-berkeley-objects/,https://www.amazon.com/dp/B07TVJ3NMN,https://registry.opendata.aws/amazon-berkeley-objects/,s3://amazon-berkeley-objects/3dmodels/original/N/B07TVJ3NMN.glb,https://amazon-berkeley-objects.s3.amazonaws.com/3dmodels/original/N/B07TVJ3NMN.glb,CC Attribution,CC-BY-4.0,Creative Commons Attribution 4.0 International,https://creativecommons.org/licenses/by/4.0/,https://registry.opendata.aws/amazon-berkeley-objects/,true,"Amazon Berkeley Objects asset B07TVJ3NMN, © Amazon.com, licensed under Creative Commons Attribution 4.0 International.",,reference_good,source_anchor_not_human,abo_materials_textures_min2048,abo:B07TVJ3NMN,012ce819c0945479a3b6e0c96be457c30d75dbade2e8bf1af5d4f466440aca28,,,0.9985693032165212,good,0.9930612444877625,good,Metadata manifest only. Obtain and use the asset under its listed source license and attribution requirements.
abo_B07TWLW475,Amazon Berkeley Objects,Amazon Berkeley Objects,B07TWLW475,ABO object B07TWLW475,Amazon.com,,https://registry.opendata.aws/amazon-berkeley-objects/,https://www.amazon.com/dp/B07TWLW475,https://registry.opendata.aws/amazon-berkeley-objects/,s3://amazon-berkeley-objects/3dmodels/original/5/B07TWLW475.glb,https://amazon-berkeley-objects.s3.amazonaws.com/3dmodels/original/5/B07TWLW475.glb,CC Attribution,CC-BY-4.0,Creative Commons Attribution 4.0 International,https://creativecommons.org/licenses/by/4.0/,https://registry.opendata.aws/amazon-berkeley-objects/,true,"Amazon Berkeley Objects asset B07TWLW475, © Amazon.com, licensed under Creative Commons Attribution 4.0 International.",,reference_good,source_anchor_not_human,abo_materials_textures_min2048,abo:B07TWLW475,78efe2c1b403b7416c1fd419402ec0e79b9f768412613ccc99751ad6b8a64829,,,0.9993581435346808,good,0.9999179244041444,good,Metadata manifest only. Obtain and use the asset under its listed source license and attribution requirements.
abo_B07TWQTVXL,Amazon Berkeley Objects,Amazon Berkeley Objects,B07TWQTVXL,ABO object B07TWQTVXL,Amazon.com,,https://registry.opendata.aws/amazon-berkeley-objects/,https://www.amazon.com/dp/B07TWQTVXL,https://registry.opendata.aws/amazon-berkeley-objects/,s3://amazon-berkeley-objects/3dmodels/original/L/B07TWQTVXL.glb,https://amazon-berkeley-objects.s3.amazonaws.com/3dmodels/original/L/B07TWQTVXL.glb,CC Attribution,CC-BY-4.0,Creative Commons Attribution 4.0 International,https://creativecommons.org/licenses/by/4.0/,https://registry.opendata.aws/amazon-berkeley-objects/,true,"Amazon Berkeley Objects asset B07TWQTVXL, © Amazon.com, licensed under Creative Commons Attribution 4.0 International.",,reference_good,source_anchor_not_human,abo_materials_textures_min2048,abo:B07TWQTVXL,5b647b0e03c7713f73168a911b8bea1604dadf5da7c4d56673006aedd84f89ad,,,0.9993211155841886,good,0.9578052759170532,good,Metadata manifest only. Obtain and use the asset under its listed source license and attribution requirements.
abo_B07TY5GXXP,Amazon Berkeley Objects,Amazon Berkeley Objects,B07TY5GXXP,ABO object B07TY5GXXP,Amazon.com,,https://registry.opendata.aws/amazon-berkeley-objects/,https://www.amazon.com/dp/B07TY5GXXP,https://registry.opendata.aws/amazon-berkeley-objects/,s3://amazon-berkeley-objects/3dmodels/original/P/B07TY5GXXP.glb,https://amazon-berkeley-objects.s3.amazonaws.com/3dmodels/original/P/B07TY5GXXP.glb,CC Attribution,CC-BY-4.0,Creative Commons Attribution 4.0 International,https://creativecommons.org/licenses/by/4.0/,https://registry.opendata.aws/amazon-berkeley-objects/,true,"Amazon Berkeley Objects asset B07TY5GXXP, © Amazon.com, licensed under Creative Commons Attribution 4.0 International.",,reference_good,source_anchor_not_human,abo_materials_textures_min2048,abo:B07TY5GXXP,94d88d4e8b32c4c7b1cecccf992958730fc3bfc99321f80dac6431fbb8c8ce72,,,0.9440456916272448,bad,0.999992609024048,good,Metadata manifest only. Obtain and use the asset under its listed source license and attribution requirements.
abo_B07TYTR8J5,Amazon Berkeley Objects,Amazon Berkeley Objects,B07TYTR8J5,ABO object B07TYTR8J5,Amazon.com,,https://registry.opendata.aws/amazon-berkeley-objects/,https://www.amazon.com/dp/B07TYTR8J5,https://registry.opendata.aws/amazon-berkeley-objects/,s3://amazon-berkeley-objects/3dmodels/original/5/B07TYTR8J5.glb,https://amazon-berkeley-objects.s3.amazonaws.com/3dmodels/original/5/B07TYTR8J5.glb,CC Attribution,CC-BY-4.0,Creative Commons Attribution 4.0 International,https://creativecommons.org/licenses/by/4.0/,https://registry.opendata.aws/amazon-berkeley-objects/,true,"Amazon Berkeley Objects asset B07TYTR8J5, © Amazon.com, licensed under Creative Commons Attribution 4.0 International.",,reference_good,source_anchor_not_human,abo_materials_textures_min2048,abo:B07TYTR8J5,2cb1e050281a9de3e18c67e93918d8ca0c074079c9173a98ecf71bf17a466cb6,,,0.9993456548745014,good,0.9922690391540528,good,Metadata manifest only. Obtain and use the asset under its listed source license and attribution requirements.
abo_B07TYYNGQ1,Amazon Berkeley Objects,Amazon Berkeley Objects,B07TYYNGQ1,ABO object B07TYYNGQ1,Amazon.com,,https://registry.opendata.aws/amazon-berkeley-objects/,https://www.amazon.com/dp/B07TYYNGQ1,https://registry.opendata.aws/amazon-berkeley-objects/,s3://amazon-berkeley-objects/3dmodels/original/1/B07TYYNGQ1.glb,https://amazon-berkeley-objects.s3.amazonaws.com/3dmodels/original/1/B07TYYNGQ1.glb,CC Attribution,CC-BY-4.0,Creative Commons Attribution 4.0 International,https://creativecommons.org/licenses/by/4.0/,https://registry.opendata.aws/amazon-berkeley-objects/,true,"Amazon Berkeley Objects asset B07TYYNGQ1, © Amazon.com, licensed under Creative Commons Attribution 4.0 International.",,reference_good,source_anchor_not_human,abo_materials_textures_min2048,abo:B07TYYNGQ1,8f092b177ae308658dff46c88d51d9e308362de22c544eda727dc94dff5fe1d5,,,0.9852671247401876,good,0.9685487151145936,good,Metadata manifest only. Obtain and use the asset under its listed source license and attribution requirements.
abo_B07TZRL8DW,Amazon Berkeley Objects,Amazon Berkeley Objects,B07TZRL8DW,ABO object B07TZRL8DW,Amazon.com,,https://registry.opendata.aws/amazon-berkeley-objects/,https://www.amazon.com/dp/B07TZRL8DW,https://registry.opendata.aws/amazon-berkeley-objects/,s3://amazon-berkeley-objects/3dmodels/original/W/B07TZRL8DW.glb,https://amazon-berkeley-objects.s3.amazonaws.com/3dmodels/original/W/B07TZRL8DW.glb,CC Attribution,CC-BY-4.0,Creative Commons Attribution 4.0 International,https://creativecommons.org/licenses/by/4.0/,https://registry.opendata.aws/amazon-berkeley-objects/,true,"Amazon Berkeley Objects asset B07TZRL8DW, © Amazon.com, licensed under Creative Commons Attribution 4.0 International.",,reference_good,source_anchor_not_human,abo_materials_textures_min2048,abo:B07TZRL8DW,af2a992dea5ed9ced4616c8af7ce8a1847d4e2c4329187a44cd0d452045086cc,,,0.9993633313464434,good,0.9978375434875488,good,Metadata manifest only. Obtain and use the asset under its listed source license and attribution requirements.
abo_B07V3CJGQY,Amazon Berkeley Objects,Amazon Berkeley Objects,B07V3CJGQY,ABO object B07V3CJGQY,Amazon.com,,https://registry.opendata.aws/amazon-berkeley-objects/,https://www.amazon.com/dp/B07V3CJGQY,https://registry.opendata.aws/amazon-berkeley-objects/,s3://amazon-berkeley-objects/3dmodels/original/Y/B07V3CJGQY.glb,https://amazon-berkeley-objects.s3.amazonaws.com/3dmodels/original/Y/B07V3CJGQY.glb,CC Attribution,CC-BY-4.0,Creative Commons Attribution 4.0 International,https://creativecommons.org/licenses/by/4.0/,https://registry.opendata.aws/amazon-berkeley-objects/,true,"Amazon Berkeley Objects asset B07V3CJGQY, © Amazon.com, licensed under Creative Commons Attribution 4.0 International.",,reference_good,source_anchor_not_human,abo_materials_textures_min2048,abo:B07V3CJGQY,e9de39fbde669c181dfe4bb0e4a07368f3e450f229828620823d2f2e86ef63d4,,,0.9991981050206356,good,0.99781334400177,good,Metadata manifest only. Obtain and use the asset under its listed source license and attribution requirements.
abo_B07V6M4MSN,Amazon Berkeley Objects,Amazon Berkeley Objects,B07V6M4MSN,ABO object B07V6M4MSN,Amazon.com,,https://registry.opendata.aws/amazon-berkeley-objects/,https://www.amazon.com/dp/B07V6M4MSN,https://registry.opendata.aws/amazon-berkeley-objects/,s3://amazon-berkeley-objects/3dmodels/original/N/B07V6M4MSN.glb,https://amazon-berkeley-objects.s3.amazonaws.com/3dmodels/original/N/B07V6M4MSN.glb,CC Attribution,CC-BY-4.0,Creative Commons Attribution 4.0 International,https://creativecommons.org/licenses/by/4.0/,https://registry.opendata.aws/amazon-berkeley-objects/,true,"Amazon Berkeley Objects asset B07V6M4MSN, © Amazon.com, licensed under Creative Commons Attribution 4.0 International.",,reference_good,source_anchor_not_human,abo_materials_textures_min2048,abo:B07V6M4MSN,135d5365d9b7b4c76ad3ca8dd0e827f349a3ebe077a07bddd35c00ad326bfd70,,,0.9402694565304608,bad,0.99991112947464,good,Metadata manifest only. Obtain and use the asset under its listed source license and attribution requirements.
abo_B07VNL91Y8,Amazon Berkeley Objects,Amazon Berkeley Objects,B07VNL91Y8,ABO object B07VNL91Y8,Amazon.com,,https://registry.opendata.aws/amazon-berkeley-objects/,https://www.amazon.com/dp/B07VNL91Y8,https://registry.opendata.aws/amazon-berkeley-objects/,s3://amazon-berkeley-objects/3dmodels/original/8/B07VNL91Y8.glb,https://amazon-berkeley-objects.s3.amazonaws.com/3dmodels/original/8/B07VNL91Y8.glb,CC Attribution,CC-BY-4.0,Creative Commons Attribution 4.0 International,https://creativecommons.org/licenses/by/4.0/,https://registry.opendata.aws/amazon-berkeley-objects/,true,"Amazon Berkeley Objects asset B07VNL91Y8, © Amazon.com, licensed under Creative Commons Attribution 4.0 International.",,reference_good,source_anchor_not_human,abo_materials_textures_min2048,abo:B07VNL91Y8,cc968942a2c21b2ada277fd5eb61b7af2a0ba3b6e1bd7c60d36e6b8d4be7694f,,,0.9993437221527663,good,0.9984585046768188,good,Metadata manifest only. Obtain and use the asset under its listed source license and attribution requirements.
abo_B07VQSWMXP,Amazon Berkeley Objects,Amazon Berkeley Objects,B07VQSWMXP,ABO object B07VQSWMXP,Amazon.com,,https://registry.opendata.aws/amazon-berkeley-objects/,https://www.amazon.com/dp/B07VQSWMXP,https://registry.opendata.aws/amazon-berkeley-objects/,s3://amazon-berkeley-objects/3dmodels/original/P/B07VQSWMXP.glb,https://amazon-berkeley-objects.s3.amazonaws.com/3dmodels/original/P/B07VQSWMXP.glb,CC Attribution,CC-BY-4.0,Creative Commons Attribution 4.0 International,https://creativecommons.org/licenses/by/4.0/,https://registry.opendata.aws/amazon-berkeley-objects/,true,"Amazon Berkeley Objects asset B07VQSWMXP, © Amazon.com, licensed under Creative Commons Attribution 4.0 International.",,reference_good,source_anchor_not_human,abo_materials_textures_min2048,abo:B07VQSWMXP,cffe7b4447e3f9fef313877e4e1ceb8e4bc3dd39b2ffe8749e6d7af154887df6,,,0.999326066487774,good,0.9887070655822754,good,Metadata manifest only. Obtain and use the asset under its listed source license and attribution requirements.
abo_B07VQSWPXR,Amazon Berkeley Objects,Amazon Berkeley Objects,B07VQSWPXR,ABO object B07VQSWPXR,Amazon.com,,https://registry.opendata.aws/amazon-berkeley-objects/,https://www.amazon.com/dp/B07VQSWPXR,https://registry.opendata.aws/amazon-berkeley-objects/,s3://amazon-berkeley-objects/3dmodels/original/R/B07VQSWPXR.glb,https://amazon-berkeley-objects.s3.amazonaws.com/3dmodels/original/R/B07VQSWPXR.glb,CC Attribution,CC-BY-4.0,Creative Commons Attribution 4.0 International,https://creativecommons.org/licenses/by/4.0/,https://registry.opendata.aws/amazon-berkeley-objects/,true,"Amazon Berkeley Objects asset B07VQSWPXR, © Amazon.com, licensed under Creative Commons Attribution 4.0 International.",,reference_good,source_anchor_not_human,abo_materials_textures_min2048,abo:B07VQSWPXR,b13dde046887e0050f75dd0132e4ba2ef6fc3cc36d57f1ec37e42281d0fa9faa,,,0.9992031934879616,good,0.9560964107513428,good,Metadata manifest only. Obtain and use the asset under its listed source license and attribution requirements.
abo_B07VST5VVM,Amazon Berkeley Objects,Amazon Berkeley Objects,B07VST5VVM,ABO object B07VST5VVM,Amazon.com,,https://registry.opendata.aws/amazon-berkeley-objects/,https://www.amazon.com/dp/B07VST5VVM,https://registry.opendata.aws/amazon-berkeley-objects/,s3://amazon-berkeley-objects/3dmodels/original/M/B07VST5VVM.glb,https://amazon-berkeley-objects.s3.amazonaws.com/3dmodels/original/M/B07VST5VVM.glb,CC Attribution,CC-BY-4.0,Creative Commons Attribution 4.0 International,https://creativecommons.org/licenses/by/4.0/,https://registry.opendata.aws/amazon-berkeley-objects/,true,"Amazon Berkeley Objects asset B07VST5VVM, © Amazon.com, licensed under Creative Commons Attribution 4.0 International.",,reference_good,source_anchor_not_human,abo_materials_textures_min2048,abo:B07VST5VVM,d5405e6dbb45d25e760872096bf3628ed1cf374f9c73a3b4ce898b33b7674620,,,0.9993640746620632,good,0.8848962783813477,good,Metadata manifest only. Obtain and use the asset under its listed source license and attribution requirements.
abo_B07WL4PT89,Amazon Berkeley Objects,Amazon Berkeley Objects,B07WL4PT89,ABO object B07WL4PT89,Amazon.com,,https://registry.opendata.aws/amazon-berkeley-objects/,https://www.amazon.com/dp/B07WL4PT89,https://registry.opendata.aws/amazon-berkeley-objects/,s3://amazon-berkeley-objects/3dmodels/original/9/B07WL4PT89.glb,https://amazon-berkeley-objects.s3.amazonaws.com/3dmodels/original/9/B07WL4PT89.glb,CC Attribution,CC-BY-4.0,Creative Commons Attribution 4.0 International,https://creativecommons.org/licenses/by/4.0/,https://registry.opendata.aws/amazon-berkeley-objects/,true,"Amazon Berkeley Objects asset B07WL4PT89, © Amazon.com, licensed under Creative Commons Attribution 4.0 International.",,reference_good,source_anchor_not_human,abo_materials_textures_min2048,abo:B07WL4PT89,45c5fc691dda78e98dc34feee6e9a3ce1aeb58433017e80f1d1cda9df3e65f03,,,0.9993528952512808,good,0.9999995231628418,good,Metadata manifest only. Obtain and use the asset under its listed source license and attribution requirements.
abo_B07WQWGQJK,Amazon Berkeley Objects,Amazon Berkeley Objects,B07WQWGQJK,ABO object B07WQWGQJK,Amazon.com,,https://registry.opendata.aws/amazon-berkeley-objects/,https://www.amazon.com/dp/B07WQWGQJK,https://registry.opendata.aws/amazon-berkeley-objects/,s3://amazon-berkeley-objects/3dmodels/original/K/B07WQWGQJK.glb,https://amazon-berkeley-objects.s3.amazonaws.com/3dmodels/original/K/B07WQWGQJK.glb,CC Attribution,CC-BY-4.0,Creative Commons Attribution 4.0 International,https://creativecommons.org/licenses/by/4.0/,https://registry.opendata.aws/amazon-berkeley-objects/,true,"Amazon Berkeley Objects asset B07WQWGQJK, © Amazon.com, licensed under Creative Commons Attribution 4.0 International.",,reference_good,source_anchor_not_human,abo_materials_textures_min2048,abo:B07WQWGQJK,38246246c3fa589f4aa688d9cab0fbc89a79be92f747f23b53a5920535fec622,,,0.9993453205031124,good,0.9998810291290284,good,Metadata manifest only. Obtain and use the asset under its listed source license and attribution requirements.
abo_B07Y3Q8JWL,Amazon Berkeley Objects,Amazon Berkeley Objects,B07Y3Q8JWL,ABO object B07Y3Q8JWL,Amazon.com,,https://registry.opendata.aws/amazon-berkeley-objects/,https://www.amazon.com/dp/B07Y3Q8JWL,https://registry.opendata.aws/amazon-berkeley-objects/,s3://amazon-berkeley-objects/3dmodels/original/L/B07Y3Q8JWL.glb,https://amazon-berkeley-objects.s3.amazonaws.com/3dmodels/original/L/B07Y3Q8JWL.glb,CC Attribution,CC-BY-4.0,Creative Commons Attribution 4.0 International,https://creativecommons.org/licenses/by/4.0/,https://registry.opendata.aws/amazon-berkeley-objects/,true,"Amazon Berkeley Objects asset B07Y3Q8JWL, © Amazon.com, licensed under Creative Commons Attribution 4.0 International.",,reference_good,source_anchor_not_human,abo_materials_textures_min2048,abo:B07Y3Q8JWL,6f62a4ea2effa59eebbd3c01f14c3f580c36981fc07e0a8b2b672b7c7daa4754,,,0.999340062905079,good,0.9987759590148926,good,Metadata manifest only. Obtain and use the asset under its listed source license and attribution requirements.
abo_B07YPRSX86,Amazon Berkeley Objects,Amazon Berkeley Objects,B07YPRSX86,ABO object B07YPRSX86,Amazon.com,,https://registry.opendata.aws/amazon-berkeley-objects/,https://www.amazon.com/dp/B07YPRSX86,https://registry.opendata.aws/amazon-berkeley-objects/,s3://amazon-berkeley-objects/3dmodels/original/6/B07YPRSX86.glb,https://amazon-berkeley-objects.s3.amazonaws.com/3dmodels/original/6/B07YPRSX86.glb,CC Attribution,CC-BY-4.0,Creative Commons Attribution 4.0 International,https://creativecommons.org/licenses/by/4.0/,https://registry.opendata.aws/amazon-berkeley-objects/,true,"Amazon Berkeley Objects asset B07YPRSX86, © Amazon.com, licensed under Creative Commons Attribution 4.0 International.",,reference_good,source_anchor_not_human,abo_materials_textures_min2048,abo:B07YPRSX86,9fac3dbb0b0849a751372db992caa29618805e3446081520b88e2d2020d2b5d5,,,0.9993551827716484,good,0.999982476234436,good,Metadata manifest only. Obtain and use the asset under its listed source license and attribution requirements.
abo_B0824F2D7Y,Amazon Berkeley Objects,Amazon Berkeley Objects,B0824F2D7Y,ABO object B0824F2D7Y,Amazon.com,,https://registry.opendata.aws/amazon-berkeley-objects/,https://www.amazon.com/dp/B0824F2D7Y,https://registry.opendata.aws/amazon-berkeley-objects/,s3://amazon-berkeley-objects/3dmodels/original/Y/B0824F2D7Y.glb,https://amazon-berkeley-objects.s3.amazonaws.com/3dmodels/original/Y/B0824F2D7Y.glb,CC Attribution,CC-BY-4.0,Creative Commons Attribution 4.0 International,https://creativecommons.org/licenses/by/4.0/,https://registry.opendata.aws/amazon-berkeley-objects/,true,"Amazon Berkeley Objects asset B0824F2D7Y, © Amazon.com, licensed under Creative Commons Attribution 4.0 International.",,reference_good,source_anchor_not_human,abo_materials_textures_min2048,abo:B0824F2D7Y,ee3a6cb8a7493d34b51067a84a7845717e42363465652bc9a084f640be6521c1,,,0.999218568924958,good,0.9856420159339904,good,Metadata manifest only. Obtain and use the asset under its listed source license and attribution requirements.
abo_B0825DHRZ7,Amazon Berkeley Objects,Amazon Berkeley Objects,B0825DHRZ7,ABO object B0825DHRZ7,Amazon.com,,https://registry.opendata.aws/amazon-berkeley-objects/,https://www.amazon.com/dp/B0825DHRZ7,https://registry.opendata.aws/amazon-berkeley-objects/,s3://amazon-berkeley-objects/3dmodels/original/7/B0825DHRZ7.glb,https://amazon-berkeley-objects.s3.amazonaws.com/3dmodels/original/7/B0825DHRZ7.glb,CC Attribution,CC-BY-4.0,Creative Commons Attribution 4.0 International,https://creativecommons.org/licenses/by/4.0/,https://registry.opendata.aws/amazon-berkeley-objects/,true,"Amazon Berkeley Objects asset B0825DHRZ7, © Amazon.com, licensed under Creative Commons Attribution 4.0 International.",,reference_good,source_anchor_not_human,abo_materials_textures_min2048,abo:B0825DHRZ7,1a1130a2c683087bd6f12921bb87beafaad7b36f6eb920c566cfe180bbf34c6a,,,0.999364634018675,good,0.9995917677879332,good,Metadata manifest only. Obtain and use the asset under its listed source license and attribution requirements.
abo_B0825DN9JP,Amazon Berkeley Objects,Amazon Berkeley Objects,B0825DN9JP,ABO object B0825DN9JP,Amazon.com,,https://registry.opendata.aws/amazon-berkeley-objects/,https://www.amazon.com/dp/B0825DN9JP,https://registry.opendata.aws/amazon-berkeley-objects/,s3://amazon-berkeley-objects/3dmodels/original/P/B0825DN9JP.glb,https://amazon-berkeley-objects.s3.amazonaws.com/3dmodels/original/P/B0825DN9JP.glb,CC Attribution,CC-BY-4.0,Creative Commons Attribution 4.0 International,https://creativecommons.org/licenses/by/4.0/,https://registry.opendata.aws/amazon-berkeley-objects/,true,"Amazon Berkeley Objects asset B0825DN9JP, © Amazon.com, licensed under Creative Commons Attribution 4.0 International.",,reference_good,source_anchor_not_human,abo_materials_textures_min2048,abo:B0825DN9JP,9163192335f542b226a76a2818591052f1ab64db75409eb5b62b4ea2164bb3fb,,,0.9993645116593702,good,0.9998977184295654,good,Metadata manifest only. Obtain and use the asset under its listed source license and attribution requirements.
abo_B082L6MDHT,Amazon Berkeley Objects,Amazon Berkeley Objects,B082L6MDHT,ABO object B082L6MDHT,Amazon.com,,https://registry.opendata.aws/amazon-berkeley-objects/,https://www.amazon.com/dp/B082L6MDHT,https://registry.opendata.aws/amazon-berkeley-objects/,s3://amazon-berkeley-objects/3dmodels/original/T/B082L6MDHT.glb,https://amazon-berkeley-objects.s3.amazonaws.com/3dmodels/original/T/B082L6MDHT.glb,CC Attribution,CC-BY-4.0,Creative Commons Attribution 4.0 International,https://creativecommons.org/licenses/by/4.0/,https://registry.opendata.aws/amazon-berkeley-objects/,true,"Amazon Berkeley Objects asset B082L6MDHT, © Amazon.com, licensed under Creative Commons Attribution 4.0 International.",,reference_good,source_anchor_not_human,abo_materials_textures_min2048,abo:B082L6MDHT,601b222d139edb51ad55236e87860d64828e29997c07287c37c02d31e0b0fa48,,,0.9873812820768674,good,0.0009920236188918,bad,Metadata manifest only. Obtain and use the asset under its listed source license and attribution requirements.
abo_B082Q955WS,Amazon Berkeley Objects,Amazon Berkeley Objects,B082Q955WS,ABO object B082Q955WS,Amazon.com,,https://registry.opendata.aws/amazon-berkeley-objects/,https://www.amazon.com/dp/B082Q955WS,https://registry.opendata.aws/amazon-berkeley-objects/,s3://amazon-berkeley-objects/3dmodels/original/S/B082Q955WS.glb,https://amazon-berkeley-objects.s3.amazonaws.com/3dmodels/original/S/B082Q955WS.glb,CC Attribution,CC-BY-4.0,Creative Commons Attribution 4.0 International,https://creativecommons.org/licenses/by/4.0/,https://registry.opendata.aws/amazon-berkeley-objects/,true,"Amazon Berkeley Objects asset B082Q955WS, © Amazon.com, licensed under Creative Commons Attribution 4.0 International.",,reference_good,source_anchor_not_human,abo_materials_textures_min2048,abo:B082Q955WS,c98f6e79dc55eab143f0345b309362135317b1afc9e247d8a7d0432d394801ac,,,0.999359388175677,good,0.9995315670967102,good,Metadata manifest only. Obtain and use the asset under its listed source license and attribution requirements.
abo_B082QBH69W,Amazon Berkeley Objects,Amazon Berkeley Objects,B082QBH69W,ABO object B082QBH69W,Amazon.com,,https://registry.opendata.aws/amazon-berkeley-objects/,https://www.amazon.com/dp/B082QBH69W,https://registry.opendata.aws/amazon-berkeley-objects/,s3://amazon-berkeley-objects/3dmodels/original/W/B082QBH69W.glb,https://amazon-berkeley-objects.s3.amazonaws.com/3dmodels/original/W/B082QBH69W.glb,CC Attribution,CC-BY-4.0,Creative Commons Attribution 4.0 International,https://creativecommons.org/licenses/by/4.0/,https://registry.opendata.aws/amazon-berkeley-objects/,true,"Amazon Berkeley Objects asset B082QBH69W, © Amazon.com, licensed under Creative Commons Attribution 4.0 International.",,reference_good,source_anchor_not_human,abo_materials_textures_min2048,abo:B082QBH69W,084599d69df39322978c0810b941e253aaa7705528ee05fe1cb3c3b48807b64d,,,0.9993497145820328,good,0.9989175796508788,good,Metadata manifest only. Obtain and use the asset under its listed source license and attribution requirements.
abo_B082TC37LY,Amazon Berkeley Objects,Amazon Berkeley Objects,B082TC37LY,ABO object B082TC37LY,Amazon.com,,https://registry.opendata.aws/amazon-berkeley-objects/,https://www.amazon.com/dp/B082TC37LY,https://registry.opendata.aws/amazon-berkeley-objects/,s3://amazon-berkeley-objects/3dmodels/original/Y/B082TC37LY.glb,https://amazon-berkeley-objects.s3.amazonaws.com/3dmodels/original/Y/B082TC37LY.glb,CC Attribution,CC-BY-4.0,Creative Commons Attribution 4.0 International,https://creativecommons.org/licenses/by/4.0/,https://registry.opendata.aws/amazon-berkeley-objects/,true,"Amazon Berkeley Objects asset B082TC37LY, © Amazon.com, licensed under Creative Commons Attribution 4.0 International.",,reference_good,source_anchor_not_human,abo_materials_textures_min2048,abo:B082TC37LY,97fce1c6ba7b8f126f19407e1193bbffb67b1e2ee99de74c3f6f162e7388603d,,,0.9993293240362712,good,0.9998962879180908,good,Metadata manifest only. Obtain and use the asset under its listed source license and attribution requirements.
abo_B082VGJ58Z,Amazon Berkeley Objects,Amazon Berkeley Objects,B082VGJ58Z,ABO object B082VGJ58Z,Amazon.com,,https://registry.opendata.aws/amazon-berkeley-objects/,https://www.amazon.com/dp/B082VGJ58Z,https://registry.opendata.aws/amazon-berkeley-objects/,s3://amazon-berkeley-objects/3dmodels/original/Z/B082VGJ58Z.glb,https://amazon-berkeley-objects.s3.amazonaws.com/3dmodels/original/Z/B082VGJ58Z.glb,CC Attribution,CC-BY-4.0,Creative Commons Attribution 4.0 International,https://creativecommons.org/licenses/by/4.0/,https://registry.opendata.aws/amazon-berkeley-objects/,true,"Amazon Berkeley Objects asset B082VGJ58Z, © Amazon.com, licensed under Creative Commons Attribution 4.0 International.",,reference_good,source_anchor_not_human,abo_materials_textures_min2048,abo:B082VGJ58Z,e3f48f23e2ddb173896e7365a211b174c73d44446085af1cc280562c06ab2cd7,,,0.9993370135027306,good,0.0066037219949066,bad,Metadata manifest only. Obtain and use the asset under its listed source license and attribution requirements.
abo_B082VLJR5V,Amazon Berkeley Objects,Amazon Berkeley Objects,B082VLJR5V,ABO object B082VLJR5V,Amazon.com,,https://registry.opendata.aws/amazon-berkeley-objects/,https://www.amazon.com/dp/B082VLJR5V,https://registry.opendata.aws/amazon-berkeley-objects/,s3://amazon-berkeley-objects/3dmodels/original/V/B082VLJR5V.glb,https://amazon-berkeley-objects.s3.amazonaws.com/3dmodels/original/V/B082VLJR5V.glb,CC Attribution,CC-BY-4.0,Creative Commons Attribution 4.0 International,https://creativecommons.org/licenses/by/4.0/,https://registry.opendata.aws/amazon-berkeley-objects/,true,"Amazon Berkeley Objects asset B082VLJR5V, © Amazon.com, licensed under Creative Commons Attribution 4.0 International.",,reference_good,source_anchor_not_human,abo_materials_textures_min2048,abo:B082VLJR5V,cc85949dbde0e6e3da6ef8bed93705225866bf2f2946cf1febe5d70211ad95b9,,,0.9369544863160842,bad,0.8823292255401611,good,Metadata manifest only. Obtain and use the asset under its listed source license and attribution requirements.
abo_B082VLP26L,Amazon Berkeley Objects,Amazon Berkeley Objects,B082VLP26L,ABO object B082VLP26L,Amazon.com,,https://registry.opendata.aws/amazon-berkeley-objects/,https://www.amazon.com/dp/B082VLP26L,https://registry.opendata.aws/amazon-berkeley-objects/,s3://amazon-berkeley-objects/3dmodels/original/L/B082VLP26L.glb,https://amazon-berkeley-objects.s3.amazonaws.com/3dmodels/original/L/B082VLP26L.glb,CC Attribution,CC-BY-4.0,Creative Commons Attribution 4.0 International,https://creativecommons.org/licenses/by/4.0/,https://registry.opendata.aws/amazon-berkeley-objects/,true,"Amazon Berkeley Objects asset B082VLP26L, © Amazon.com, licensed under Creative Commons Attribution 4.0 International.",,reference_good,source_anchor_not_human,abo_materials_textures_min2048,abo:B082VLP26L,cd820f13bdab553ce07cb28a1eee67f2661152b38677357be31e6ae3b8b1d513,,,0.9461166686292404,bad,0.9882949590682985,good,Metadata manifest only. Obtain and use the asset under its listed source license and attribution requirements.
abo_B082VLTCM4,Amazon Berkeley Objects,Amazon Berkeley Objects,B082VLTCM4,ABO object B082VLTCM4,Amazon.com,,https://registry.opendata.aws/amazon-berkeley-objects/,https://www.amazon.com/dp/B082VLTCM4,https://registry.opendata.aws/amazon-berkeley-objects/,s3://amazon-berkeley-objects/3dmodels/original/4/B082VLTCM4.glb,https://amazon-berkeley-objects.s3.amazonaws.com/3dmodels/original/4/B082VLTCM4.glb,CC Attribution,CC-BY-4.0,Creative Commons Attribution 4.0 International,https://creativecommons.org/licenses/by/4.0/,https://registry.opendata.aws/amazon-berkeley-objects/,true,"Amazon Berkeley Objects asset B082VLTCM4, © Amazon.com, licensed under Creative Commons Attribution 4.0 International.",,reference_good,source_anchor_not_human,abo_materials_textures_min2048,abo:B082VLTCM4,2dc5e2ec0fa43c13a36d9e95034b03949a7c27bf872e52570517ab5c87fcfc57,,,0.9993631270621356,good,0.9999047517776488,good,Metadata manifest only. Obtain and use the asset under its listed source license and attribution requirements.
abo_B082VML3Q3,Amazon Berkeley Objects,Amazon Berkeley Objects,B082VML3Q3,ABO object B082VML3Q3,Amazon.com,,https://registry.opendata.aws/amazon-berkeley-objects/,https://www.amazon.com/dp/B082VML3Q3,https://registry.opendata.aws/amazon-berkeley-objects/,s3://amazon-berkeley-objects/3dmodels/original/3/B082VML3Q3.glb,https://amazon-berkeley-objects.s3.amazonaws.com/3dmodels/original/3/B082VML3Q3.glb,CC Attribution,CC-BY-4.0,Creative Commons Attribution 4.0 International,https://creativecommons.org/licenses/by/4.0/,https://registry.opendata.aws/amazon-berkeley-objects/,true,"Amazon Berkeley Objects asset B082VML3Q3, © Amazon.com, licensed under Creative Commons Attribution 4.0 International.",,reference_good,source_anchor_not_human,abo_materials_textures_min2048,abo:B082VML3Q3,071be408588d15e4d54816fd9ffc245de61fd34d882519f31bd205ef12c3eefc,,,0.9993589707086968,good,0.9991582036018372,good,Metadata manifest only. Obtain and use the asset under its listed source license and attribution requirements.
abo_B0831P1J17,Amazon Berkeley Objects,Amazon Berkeley Objects,B0831P1J17,ABO object B0831P1J17,Amazon.com,,https://registry.opendata.aws/amazon-berkeley-objects/,https://www.amazon.com/dp/B0831P1J17,https://registry.opendata.aws/amazon-berkeley-objects/,s3://amazon-berkeley-objects/3dmodels/original/7/B0831P1J17.glb,https://amazon-berkeley-objects.s3.amazonaws.com/3dmodels/original/7/B0831P1J17.glb,CC Attribution,CC-BY-4.0,Creative Commons Attribution 4.0 International,https://creativecommons.org/licenses/by/4.0/,https://registry.opendata.aws/amazon-berkeley-objects/,true,"Amazon Berkeley Objects asset B0831P1J17, © Amazon.com, licensed under Creative Commons Attribution 4.0 International.",,reference_good,source_anchor_not_human,abo_materials_textures_min2048,abo:B0831P1J17,da05a68f37ffb69f3bd2f3e9ca2d7081f99ce326389491519a2bd471bcc990e7,,,0.999280446857298,good,0.9671231508255004,good,Metadata manifest only. Obtain and use the asset under its listed source license and attribution requirements.
abo_B0831PPZY6,Amazon Berkeley Objects,Amazon Berkeley Objects,B0831PPZY6,ABO object B0831PPZY6,Amazon.com,,https://registry.opendata.aws/amazon-berkeley-objects/,https://www.amazon.com/dp/B0831PPZY6,https://registry.opendata.aws/amazon-berkeley-objects/,s3://amazon-berkeley-objects/3dmodels/original/6/B0831PPZY6.glb,https://amazon-berkeley-objects.s3.amazonaws.com/3dmodels/original/6/B0831PPZY6.glb,CC Attribution,CC-BY-4.0,Creative Commons Attribution 4.0 International,https://creativecommons.org/licenses/by/4.0/,https://registry.opendata.aws/amazon-berkeley-objects/,true,"Amazon Berkeley Objects asset B0831PPZY6, © Amazon.com, licensed under Creative Commons Attribution 4.0 International.",,reference_good,source_anchor_not_human,abo_materials_textures_min2048,abo:B0831PPZY6,1f9d1261c660d64b4b2bca97943bf203f4a97c6d6717dc8047843d720b8e7abe,,,0.9988816402917912,good,0.9928416013717652,good,Metadata manifest only. Obtain and use the asset under its listed source license and attribution requirements.
abo_B083VMSRRJ,Amazon Berkeley Objects,Amazon Berkeley Objects,B083VMSRRJ,ABO object B083VMSRRJ,Amazon.com,,https://registry.opendata.aws/amazon-berkeley-objects/,https://www.amazon.com/dp/B083VMSRRJ,https://registry.opendata.aws/amazon-berkeley-objects/,s3://amazon-berkeley-objects/3dmodels/original/J/B083VMSRRJ.glb,https://amazon-berkeley-objects.s3.amazonaws.com/3dmodels/original/J/B083VMSRRJ.glb,CC Attribution,CC-BY-4.0,Creative Commons Attribution 4.0 International,https://creativecommons.org/licenses/by/4.0/,https://registry.opendata.aws/amazon-berkeley-objects/,true,"Amazon Berkeley Objects asset B083VMSRRJ, © Amazon.com, licensed under Creative Commons Attribution 4.0 International.",,reference_good,source_anchor_not_human,abo_materials_textures_min2048,abo:B083VMSRRJ,7e0cd5bf6338515489d7a207ea8c4b4761bb0dbc75d44cfef5db60879233de26,,,0.9993041181215424,good,0.999913454055786,good,Metadata manifest only. Obtain and use the asset under its listed source license and attribution requirements.
abo_B084HV13QR,Amazon Berkeley Objects,Amazon Berkeley Objects,B084HV13QR,ABO object B084HV13QR,Amazon.com,,https://registry.opendata.aws/amazon-berkeley-objects/,https://www.amazon.com/dp/B084HV13QR,https://registry.opendata.aws/amazon-berkeley-objects/,s3://amazon-berkeley-objects/3dmodels/original/R/B084HV13QR.glb,https://amazon-berkeley-objects.s3.amazonaws.com/3dmodels/original/R/B084HV13QR.glb,CC Attribution,CC-BY-4.0,Creative Commons Attribution 4.0 International,https://creativecommons.org/licenses/by/4.0/,https://registry.opendata.aws/amazon-berkeley-objects/,true,"Amazon Berkeley Objects asset B084HV13QR, © Amazon.com, licensed under Creative Commons Attribution 4.0 International.",,reference_good,source_anchor_not_human,abo_materials_textures_min2048,abo:B084HV13QR,886b0edf1b8aa6b707076ac4cfa95ae5deded16883c6eb8b62586e92bfad67a1,,,0.9990468150895596,good,0.999748468399048,good,Metadata manifest only. Obtain and use the asset under its listed source license and attribution requirements.
abo_B084HV6L1H,Amazon Berkeley Objects,Amazon Berkeley Objects,B084HV6L1H,ABO object B084HV6L1H,Amazon.com,,https://registry.opendata.aws/amazon-berkeley-objects/,https://www.amazon.com/dp/B084HV6L1H,https://registry.opendata.aws/amazon-berkeley-objects/,s3://amazon-berkeley-objects/3dmodels/original/H/B084HV6L1H.glb,https://amazon-berkeley-objects.s3.amazonaws.com/3dmodels/original/H/B084HV6L1H.glb,CC Attribution,CC-BY-4.0,Creative Commons Attribution 4.0 International,https://creativecommons.org/licenses/by/4.0/,https://registry.opendata.aws/amazon-berkeley-objects/,true,"Amazon Berkeley Objects asset B084HV6L1H, © Amazon.com, licensed under Creative Commons Attribution 4.0 International.",,reference_good,source_anchor_not_human,abo_materials_textures_min2048,abo:B084HV6L1H,9e8872f6e8230902981094a0608a699836b2493e2e5b16eb1c23c8318527177b,,,0.9993643786733588,good,0.9016429781913756,good,Metadata manifest only. Obtain and use the asset under its listed source license and attribution requirements.
abo_B084T7MQB4,Amazon Berkeley Objects,Amazon Berkeley Objects,B084T7MQB4,ABO object B084T7MQB4,Amazon.com,,https://registry.opendata.aws/amazon-berkeley-objects/,https://www.amazon.com/dp/B084T7MQB4,https://registry.opendata.aws/amazon-berkeley-objects/,s3://amazon-berkeley-objects/3dmodels/original/4/B084T7MQB4.glb,https://amazon-berkeley-objects.s3.amazonaws.com/3dmodels/original/4/B084T7MQB4.glb,CC Attribution,CC-BY-4.0,Creative Commons Attribution 4.0 International,https://creativecommons.org/licenses/by/4.0/,https://registry.opendata.aws/amazon-berkeley-objects/,true,"Amazon Berkeley Objects asset B084T7MQB4, © Amazon.com, licensed under Creative Commons Attribution 4.0 International.",,reference_good,source_anchor_not_human,abo_materials_textures_min2048,abo:B084T7MQB4,898f1459e96caac2a5df341964164e47f2392c58868ecf6b2c096f4ce7487581,,,0.9987848988824722,good,0.0602765120565891,bad,Metadata manifest only. Obtain and use the asset under its listed source license and attribution requirements.
abo_B084T9X9NN,Amazon Berkeley Objects,Amazon Berkeley Objects,B084T9X9NN,ABO object B084T9X9NN,Amazon.com,,https://registry.opendata.aws/amazon-berkeley-objects/,https://www.amazon.com/dp/B084T9X9NN,https://registry.opendata.aws/amazon-berkeley-objects/,s3://amazon-berkeley-objects/3dmodels/original/N/B084T9X9NN.glb,https://amazon-berkeley-objects.s3.amazonaws.com/3dmodels/original/N/B084T9X9NN.glb,CC Attribution,CC-BY-4.0,Creative Commons Attribution 4.0 International,https://creativecommons.org/licenses/by/4.0/,https://registry.opendata.aws/amazon-berkeley-objects/,true,"Amazon Berkeley Objects asset B084T9X9NN, © Amazon.com, licensed under Creative Commons Attribution 4.0 International.",,reference_good,source_anchor_not_human,abo_materials_textures_min2048,abo:B084T9X9NN,9ded3dfcb6d469939cd66377dd920f04f417870aee3decca58ec7c885842a617,,,0.9993194733903245,good,0.9999731183052064,good,Metadata manifest only. Obtain and use the asset under its listed source license and attribution requirements.
abo_B084W2VXYK,Amazon Berkeley Objects,Amazon Berkeley Objects,B084W2VXYK,ABO object B084W2VXYK,Amazon.com,,https://registry.opendata.aws/amazon-berkeley-objects/,https://www.amazon.com/dp/B084W2VXYK,https://registry.opendata.aws/amazon-berkeley-objects/,s3://amazon-berkeley-objects/3dmodels/original/K/B084W2VXYK.glb,https://amazon-berkeley-objects.s3.amazonaws.com/3dmodels/original/K/B084W2VXYK.glb,CC Attribution,CC-BY-4.0,Creative Commons Attribution 4.0 International,https://creativecommons.org/licenses/by/4.0/,https://registry.opendata.aws/amazon-berkeley-objects/,true,"Amazon Berkeley Objects asset B084W2VXYK, © Amazon.com, licensed under Creative Commons Attribution 4.0 International.",,reference_good,source_anchor_not_human,abo_materials_textures_min2048,abo:B084W2VXYK,334e6677873bf3da1810eb61434cb8fc6ebc644926921784cbbf67bcffcc7fcf,,,0.9992253575775452,good,0.9497148990631104,good,Metadata manifest only. Obtain and use the asset under its listed source license and attribution requirements.
abo_B084W2WJH2,Amazon Berkeley Objects,Amazon Berkeley Objects,B084W2WJH2,ABO object B084W2WJH2,Amazon.com,,https://registry.opendata.aws/amazon-berkeley-objects/,https://www.amazon.com/dp/B084W2WJH2,https://registry.opendata.aws/amazon-berkeley-objects/,s3://amazon-berkeley-objects/3dmodels/original/2/B084W2WJH2.glb,https://amazon-berkeley-objects.s3.amazonaws.com/3dmodels/original/2/B084W2WJH2.glb,CC Attribution,CC-BY-4.0,Creative Commons Attribution 4.0 International,https://creativecommons.org/licenses/by/4.0/,https://registry.opendata.aws/amazon-berkeley-objects/,true,"Amazon Berkeley Objects asset B084W2WJH2, © Amazon.com, licensed under Creative Commons Attribution 4.0 International.",,reference_good,source_anchor_not_human,abo_materials_textures_min2048,abo:B084W2WJH2,eb9dc34417eaec90e7fb01e29ab806634eff7516f241dd18d5f93e532652f50b,,,0.9993575991874798,good,0.9937597513198853,good,Metadata manifest only. Obtain and use the asset under its listed source license and attribution requirements.
abo_B084W32W2N,Amazon Berkeley Objects,Amazon Berkeley Objects,B084W32W2N,ABO object B084W32W2N,Amazon.com,,https://registry.opendata.aws/amazon-berkeley-objects/,https://www.amazon.com/dp/B084W32W2N,https://registry.opendata.aws/amazon-berkeley-objects/,s3://amazon-berkeley-objects/3dmodels/original/N/B084W32W2N.glb,https://amazon-berkeley-objects.s3.amazonaws.com/3dmodels/original/N/B084W32W2N.glb,CC Attribution,CC-BY-4.0,Creative Commons Attribution 4.0 International,https://creativecommons.org/licenses/by/4.0/,https://registry.opendata.aws/amazon-berkeley-objects/,true,"Amazon Berkeley Objects asset B084W32W2N, © Amazon.com, licensed under Creative Commons Attribution 4.0 International.",,reference_good,source_anchor_not_human,abo_materials_textures_min2048,abo:B084W32W2N,c33b8da0742de85436c019a357a3006e683ef64a91664784aa7e3ac72201d097,,,0.9993436198281996,good,0.9993144869804382,good,Metadata manifest only. Obtain and use the asset under its listed source license and attribution requirements.
abo_B084XMKQP5,Amazon Berkeley Objects,Amazon Berkeley Objects,B084XMKQP5,ABO object B084XMKQP5,Amazon.com,,https://registry.opendata.aws/amazon-berkeley-objects/,https://www.amazon.com/dp/B084XMKQP5,https://registry.opendata.aws/amazon-berkeley-objects/,s3://amazon-berkeley-objects/3dmodels/original/5/B084XMKQP5.glb,https://amazon-berkeley-objects.s3.amazonaws.com/3dmodels/original/5/B084XMKQP5.glb,CC Attribution,CC-BY-4.0,Creative Commons Attribution 4.0 International,https://creativecommons.org/licenses/by/4.0/,https://registry.opendata.aws/amazon-berkeley-objects/,true,"Amazon Berkeley Objects asset B084XMKQP5, © Amazon.com, licensed under Creative Commons Attribution 4.0 International.",,reference_good,source_anchor_not_human,abo_materials_textures_min2048,abo:B084XMKQP5,bc43479a92099cde50165886d888b385c9cc5dba6b9fbe4c8f375d523f6986c6,,,0.9899594085172192,good,0.4487591981887817,bad,Metadata manifest only. Obtain and use the asset under its listed source license and attribution requirements.
abo_B084XMYGBF,Amazon Berkeley Objects,Amazon Berkeley Objects,B084XMYGBF,ABO object B084XMYGBF,Amazon.com,,https://registry.opendata.aws/amazon-berkeley-objects/,https://www.amazon.com/dp/B084XMYGBF,https://registry.opendata.aws/amazon-berkeley-objects/,s3://amazon-berkeley-objects/3dmodels/original/F/B084XMYGBF.glb,https://amazon-berkeley-objects.s3.amazonaws.com/3dmodels/original/F/B084XMYGBF.glb,CC Attribution,CC-BY-4.0,Creative Commons Attribution 4.0 International,https://creativecommons.org/licenses/by/4.0/,https://registry.opendata.aws/amazon-berkeley-objects/,true,"Amazon Berkeley Objects asset B084XMYGBF, © Amazon.com, licensed under Creative Commons Attribution 4.0 International.",,reference_good,source_anchor_not_human,abo_materials_textures_min2048,abo:B084XMYGBF,8a4fd3f2923e72549633c75584d5b71bf5e4c404e8a45ae7e408a45f9cd09891,,,0.999069912537482,good,0.985925793647766,good,Metadata manifest only. Obtain and use the asset under its listed source license and attribution requirements.
abo_B0853NLYDD,Amazon Berkeley Objects,Amazon Berkeley Objects,B0853NLYDD,ABO object B0853NLYDD,Amazon.com,,https://registry.opendata.aws/amazon-berkeley-objects/,https://www.amazon.com/dp/B0853NLYDD,https://registry.opendata.aws/amazon-berkeley-objects/,s3://amazon-berkeley-objects/3dmodels/original/D/B0853NLYDD.glb,https://amazon-berkeley-objects.s3.amazonaws.com/3dmodels/original/D/B0853NLYDD.glb,CC Attribution,CC-BY-4.0,Creative Commons Attribution 4.0 International,https://creativecommons.org/licenses/by/4.0/,https://registry.opendata.aws/amazon-berkeley-objects/,true,"Amazon Berkeley Objects asset B0853NLYDD, © Amazon.com, licensed under Creative Commons Attribution 4.0 International.",,reference_good,source_anchor_not_human,abo_materials_textures_min2048,abo:B0853NLYDD,4639da5244b5466f22fb194417871975a93bac342e29eef2b0f22ead046d79b9,,,0.90811408536565,bad,0.9164085388183594,good,Metadata manifest only. Obtain and use the asset under its listed source license and attribution requirements.
abo_B08555TMQ8,Amazon Berkeley Objects,Amazon Berkeley Objects,B08555TMQ8,ABO object B08555TMQ8,Amazon.com,,https://registry.opendata.aws/amazon-berkeley-objects/,https://www.amazon.com/dp/B08555TMQ8,https://registry.opendata.aws/amazon-berkeley-objects/,s3://amazon-berkeley-objects/3dmodels/original/8/B08555TMQ8.glb,https://amazon-berkeley-objects.s3.amazonaws.com/3dmodels/original/8/B08555TMQ8.glb,CC Attribution,CC-BY-4.0,Creative Commons Attribution 4.0 International,https://creativecommons.org/licenses/by/4.0/,https://registry.opendata.aws/amazon-berkeley-objects/,true,"Amazon Berkeley Objects asset B08555TMQ8, © Amazon.com, licensed under Creative Commons Attribution 4.0 International.",,reference_good,source_anchor_not_human,abo_materials_textures_min2048,abo:B08555TMQ8,0282442becbe51fabeaef59baee50f17ea8ac4e729c8d7cfd12471810d76e31f,,,0.9993633681103636,good,0.8585637211799622,good,Metadata manifest only. Obtain and use the asset under its listed source license and attribution requirements.
abo_B08568VZZR,Amazon Berkeley Objects,Amazon Berkeley Objects,B08568VZZR,ABO object B08568VZZR,Amazon.com,,https://registry.opendata.aws/amazon-berkeley-objects/,https://www.amazon.com/dp/B08568VZZR,https://registry.opendata.aws/amazon-berkeley-objects/,s3://amazon-berkeley-objects/3dmodels/original/R/B08568VZZR.glb,https://amazon-berkeley-objects.s3.amazonaws.com/3dmodels/original/R/B08568VZZR.glb,CC Attribution,CC-BY-4.0,Creative Commons Attribution 4.0 International,https://creativecommons.org/licenses/by/4.0/,https://registry.opendata.aws/amazon-berkeley-objects/,true,"Amazon Berkeley Objects asset B08568VZZR, © Amazon.com, licensed under Creative Commons Attribution 4.0 International.",,reference_good,source_anchor_not_human,abo_materials_textures_min2048,abo:B08568VZZR,0f6a08a5ca99480f095638351b98e147525d60e6f47f40f49443decb18fd1c3d,,,0.999340721111998,good,0.9974023699760436,good,Metadata manifest only. Obtain and use the asset under its listed source license and attribution requirements.
abo_B08568X258,Amazon Berkeley Objects,Amazon Berkeley Objects,B08568X258,ABO object B08568X258,Amazon.com,,https://registry.opendata.aws/amazon-berkeley-objects/,https://www.amazon.com/dp/B08568X258,https://registry.opendata.aws/amazon-berkeley-objects/,s3://amazon-berkeley-objects/3dmodels/original/8/B08568X258.glb,https://amazon-berkeley-objects.s3.amazonaws.com/3dmodels/original/8/B08568X258.glb,CC Attribution,CC-BY-4.0,Creative Commons Attribution 4.0 International,https://creativecommons.org/licenses/by/4.0/,https://registry.opendata.aws/amazon-berkeley-objects/,true,"Amazon Berkeley Objects asset B08568X258, © Amazon.com, licensed under Creative Commons Attribution 4.0 International.",,reference_good,source_anchor_not_human,abo_materials_textures_min2048,abo:B08568X258,54cb777f3fcceccda8938ff39c55f340a3a8b091aff4864687d6b8019caa263f,,,0.9993562662083694,good,0.9868304133415222,good,Metadata manifest only. Obtain and use the asset under its listed source license and attribution requirements.
abo_B0857JYVBP,Amazon Berkeley Objects,Amazon Berkeley Objects,B0857JYVBP,ABO object B0857JYVBP,Amazon.com,,https://registry.opendata.aws/amazon-berkeley-objects/,https://www.amazon.com/dp/B0857JYVBP,https://registry.opendata.aws/amazon-berkeley-objects/,s3://amazon-berkeley-objects/3dmodels/original/P/B0857JYVBP.glb,https://amazon-berkeley-objects.s3.amazonaws.com/3dmodels/original/P/B0857JYVBP.glb,CC Attribution,CC-BY-4.0,Creative Commons Attribution 4.0 International,https://creativecommons.org/licenses/by/4.0/,https://registry.opendata.aws/amazon-berkeley-objects/,true,"Amazon Berkeley Objects asset B0857JYVBP, © Amazon.com, licensed under Creative Commons Attribution 4.0 International.",,reference_good,source_anchor_not_human,abo_materials_textures_min2048,abo:B0857JYVBP,e8614a3e65bfecf092563b9343762d85aac086d831bfadcd325943f5e9c0ca77,,,0.999363301965104,good,0.3537703454494476,bad,Metadata manifest only. Obtain and use the asset under its listed source license and attribution requirements.
abo_B085FHGH3V,Amazon Berkeley Objects,Amazon Berkeley Objects,B085FHGH3V,ABO object B085FHGH3V,Amazon.com,,https://registry.opendata.aws/amazon-berkeley-objects/,https://www.amazon.com/dp/B085FHGH3V,https://registry.opendata.aws/amazon-berkeley-objects/,s3://amazon-berkeley-objects/3dmodels/original/V/B085FHGH3V.glb,https://amazon-berkeley-objects.s3.amazonaws.com/3dmodels/original/V/B085FHGH3V.glb,CC Attribution,CC-BY-4.0,Creative Commons Attribution 4.0 International,https://creativecommons.org/licenses/by/4.0/,https://registry.opendata.aws/amazon-berkeley-objects/,true,"Amazon Berkeley Objects asset B085FHGH3V, © Amazon.com, licensed under Creative Commons Attribution 4.0 International.",,reference_good,source_anchor_not_human,abo_materials_textures_min2048,abo:B085FHGH3V,6957fdb8e42c3ae206231ce903d937e97ca9c6de622eb6fff4c05eeaeb13226a,,,0.9565893042069774,good,0.9861117601394652,good,Metadata manifest only. Obtain and use the asset under its listed source license and attribution requirements.
abo_B085FHVGWV,Amazon Berkeley Objects,Amazon Berkeley Objects,B085FHVGWV,ABO object B085FHVGWV,Amazon.com,,https://registry.opendata.aws/amazon-berkeley-objects/,https://www.amazon.com/dp/B085FHVGWV,https://registry.opendata.aws/amazon-berkeley-objects/,s3://amazon-berkeley-objects/3dmodels/original/V/B085FHVGWV.glb,https://amazon-berkeley-objects.s3.amazonaws.com/3dmodels/original/V/B085FHVGWV.glb,CC Attribution,CC-BY-4.0,Creative Commons Attribution 4.0 International,https://creativecommons.org/licenses/by/4.0/,https://registry.opendata.aws/amazon-berkeley-objects/,true,"Amazon Berkeley Objects asset B085FHVGWV, © Amazon.com, licensed under Creative Commons Attribution 4.0 International.",,reference_good,source_anchor_not_human,abo_materials_textures_min2048,abo:B085FHVGWV,0c7fdc1b8645e529ee3c31be30d4ace4481014e7e2c7020ab4a62c38211194bf,,,0.9992228383232412,good,0.9960341453552246,good,Metadata manifest only. Obtain and use the asset under its listed source license and attribution requirements.
abo_B085FHZ625,Amazon Berkeley Objects,Amazon Berkeley Objects,B085FHZ625,ABO object B085FHZ625,Amazon.com,,https://registry.opendata.aws/amazon-berkeley-objects/,https://www.amazon.com/dp/B085FHZ625,https://registry.opendata.aws/amazon-berkeley-objects/,s3://amazon-berkeley-objects/3dmodels/original/5/B085FHZ625.glb,https://amazon-berkeley-objects.s3.amazonaws.com/3dmodels/original/5/B085FHZ625.glb,CC Attribution,CC-BY-4.0,Creative Commons Attribution 4.0 International,https://creativecommons.org/licenses/by/4.0/,https://registry.opendata.aws/amazon-berkeley-objects/,true,"Amazon Berkeley Objects asset B085FHZ625, © Amazon.com, licensed under Creative Commons Attribution 4.0 International.",,reference_good,source_anchor_not_human,abo_materials_textures_min2048,abo:B085FHZ625,95469746c4983a66116fdf022085ab037e828c0fc397da2351e41da7b68f987c,,,0.999031599163375,good,0.0143202189356088,bad,Metadata manifest only. Obtain and use the asset under its listed source license and attribution requirements.
abo_B086TFXK75,Amazon Berkeley Objects,Amazon Berkeley Objects,B086TFXK75,ABO object B086TFXK75,Amazon.com,,https://registry.opendata.aws/amazon-berkeley-objects/,https://www.amazon.com/dp/B086TFXK75,https://registry.opendata.aws/amazon-berkeley-objects/,s3://amazon-berkeley-objects/3dmodels/original/5/B086TFXK75.glb,https://amazon-berkeley-objects.s3.amazonaws.com/3dmodels/original/5/B086TFXK75.glb,CC Attribution,CC-BY-4.0,Creative Commons Attribution 4.0 International,https://creativecommons.org/licenses/by/4.0/,https://registry.opendata.aws/amazon-berkeley-objects/,true,"Amazon Berkeley Objects asset B086TFXK75, © Amazon.com, licensed under Creative Commons Attribution 4.0 International.",,reference_good,source_anchor_not_human,abo_materials_textures_min2048,abo:B086TFXK75,e551ac233941fd8faeab97af3e895e65df5da196f0606d9bc08018312c86f3d6,,,0.9980037568914156,good,0.9998023509979248,good,Metadata manifest only. Obtain and use the asset under its listed source license and attribution requirements.
abo_B087CQFYDY,Amazon Berkeley Objects,Amazon Berkeley Objects,B087CQFYDY,ABO object B087CQFYDY,Amazon.com,,https://registry.opendata.aws/amazon-berkeley-objects/,https://www.amazon.com/dp/B087CQFYDY,https://registry.opendata.aws/amazon-berkeley-objects/,s3://amazon-berkeley-objects/3dmodels/original/Y/B087CQFYDY.glb,https://amazon-berkeley-objects.s3.amazonaws.com/3dmodels/original/Y/B087CQFYDY.glb,CC Attribution,CC-BY-4.0,Creative Commons Attribution 4.0 International,https://creativecommons.org/licenses/by/4.0/,https://registry.opendata.aws/amazon-berkeley-objects/,true,"Amazon Berkeley Objects asset B087CQFYDY, © Amazon.com, licensed under Creative Commons Attribution 4.0 International.",,reference_good,source_anchor_not_human,abo_materials_textures_min2048,abo:B087CQFYDY,010f581d5b674e21eb62c4357d7c23e1122dbb497b20d83c645d043916b3adf3,,,0.9990799134994324,good,0.9992746114730836,good,Metadata manifest only. Obtain and use the asset under its listed source license and attribution requirements.
abo_B088HBRF7Y,Amazon Berkeley Objects,Amazon Berkeley Objects,B088HBRF7Y,ABO object B088HBRF7Y,Amazon.com,,https://registry.opendata.aws/amazon-berkeley-objects/,https://www.amazon.com/dp/B088HBRF7Y,https://registry.opendata.aws/amazon-berkeley-objects/,s3://amazon-berkeley-objects/3dmodels/original/Y/B088HBRF7Y.glb,https://amazon-berkeley-objects.s3.amazonaws.com/3dmodels/original/Y/B088HBRF7Y.glb,CC Attribution,CC-BY-4.0,Creative Commons Attribution 4.0 International,https://creativecommons.org/licenses/by/4.0/,https://registry.opendata.aws/amazon-berkeley-objects/,true,"Amazon Berkeley Objects asset B088HBRF7Y, © Amazon.com, licensed under Creative Commons Attribution 4.0 International.",,reference_good,source_anchor_not_human,abo_materials_textures_min2048,abo:B088HBRF7Y,81fdcedecf87baac3263b6dbac64fc22c11b2f1bb2584ba3bb3d761827e2ad48,,,0.9993149329274988,good,0.9898861646652222,good,Metadata manifest only. Obtain and use the asset under its listed source license and attribution requirements.
abo_B08DWM1GZK,Amazon Berkeley Objects,Amazon Berkeley Objects,B08DWM1GZK,ABO object B08DWM1GZK,Amazon.com,,https://registry.opendata.aws/amazon-berkeley-objects/,https://www.amazon.com/dp/B08DWM1GZK,https://registry.opendata.aws/amazon-berkeley-objects/,s3://amazon-berkeley-objects/3dmodels/original/K/B08DWM1GZK.glb,https://amazon-berkeley-objects.s3.amazonaws.com/3dmodels/original/K/B08DWM1GZK.glb,CC Attribution,CC-BY-4.0,Creative Commons Attribution 4.0 International,https://creativecommons.org/licenses/by/4.0/,https://registry.opendata.aws/amazon-berkeley-objects/,true,"Amazon Berkeley Objects asset B08DWM1GZK, © Amazon.com, licensed under Creative Commons Attribution 4.0 International.",,reference_good,source_anchor_not_human,abo_materials_textures_min2048,abo:B08DWM1GZK,d0462d7be1cdd240c08a6ba0db8865682175339227e92d25a4bba3edd80da414,,,0.9149323687547484,bad,0.8353760838508606,good,Metadata manifest only. Obtain and use the asset under its listed source license and attribution requirements.
objaverse_0002064ef02e46f9a10b4bff10bae805,Objaverse,Sketchfab,0002064ef02e46f9a10b4bff10bae805,pot,chris93,chris93,https://sketchfab.com/chris93,https://sketchfab.com/3d-models/0002064ef02e46f9a10b4bff10bae805,https://objaverse.allenai.org/,https://huggingface.co/datasets/allenai/objaverse/resolve/main/glbs/000-000/0002064ef02e46f9a10b4bff10bae805.glb,https://huggingface.co/datasets/allenai/objaverse/resolve/main/glbs/000-000/0002064ef02e46f9a10b4bff10bae805.glb,by,CC-BY-4.0,Creative Commons Attribution 4.0 International,https://creativecommons.org/licenses/by/4.0/,https://api.sketchfab.com/v3/models/0002064ef02e46f9a10b4bff10bae805,true,"""pot"" by chris93, via Sketchfab/Objaverse, licensed under Creative Commons Attribution 4.0 International.",2020-09-16T17:06:13.646417,reference_reject,source_anchor_not_human,3dscan,objaverse:chris93,690eb2cb104d7507cefec5ac932f05f6ecf86ba67c7f618f760e1135a5d42cae,trnio|3d|3dscan,,0.0013151535894511,bad,0.9958658218383788,good,Metadata manifest only. Obtain and use the asset under its listed source license and attribution requirements.
objaverse_009d250efa144b93aa6615a94d8767c7,Objaverse,Sketchfab,009d250efa144b93aa6615a94d8767c7,"Барельєф: ""Кирило Розумовський""",NGO Prim24,ngo_prim24,https://sketchfab.com/ngo_prim24,https://sketchfab.com/3d-models/009d250efa144b93aa6615a94d8767c7,https://objaverse.allenai.org/,https://huggingface.co/datasets/allenai/objaverse/resolve/main/glbs/000-000/009d250efa144b93aa6615a94d8767c7.glb,https://huggingface.co/datasets/allenai/objaverse/resolve/main/glbs/000-000/009d250efa144b93aa6615a94d8767c7.glb,by,CC-BY-4.0,Creative Commons Attribution 4.0 International,https://creativecommons.org/licenses/by/4.0/,https://api.sketchfab.com/v3/models/009d250efa144b93aa6615a94d8767c7,true,"""Барельєф: ""Кирило Розумовський"""" by NGO Prim24, via Sketchfab/Objaverse, licensed under Creative Commons Attribution 4.0 International.",2020-12-15T07:32:24.560281,reference_reject,source_anchor_not_human,3dscan,objaverse:ngo_prim24,641b2c1bc015cda6b03dde8ff759458a2e66ec84a913501c20185e60e9b7cc28,skulptura|culture-heritage|3d|3dscan|3dmodel|barilief,art-abstract|cultural-heritage-history,0.036588296468379,bad,0.9999983310699464,good,Metadata manifest only. Obtain and use the asset under its listed source license and attribution requirements.
objaverse_00d159af87d944918a6f21a975602cb6,Objaverse,Sketchfab,00d159af87d944918a6f21a975602cb6,Soccerball by POP (ply),Revopoint3d,Revopoint3d,https://sketchfab.com/Revopoint3d,https://sketchfab.com/3d-models/00d159af87d944918a6f21a975602cb6,https://objaverse.allenai.org/,https://huggingface.co/datasets/allenai/objaverse/resolve/main/glbs/000-000/00d159af87d944918a6f21a975602cb6.glb,https://huggingface.co/datasets/allenai/objaverse/resolve/main/glbs/000-000/00d159af87d944918a6f21a975602cb6.glb,by,CC-BY-4.0,Creative Commons Attribution 4.0 International,https://creativecommons.org/licenses/by/4.0/,https://api.sketchfab.com/v3/models/00d159af87d944918a6f21a975602cb6,true,"""Soccerball by POP (ply)"" by Revopoint3d, via Sketchfab/Objaverse, licensed under Creative Commons Attribution 4.0 International.",2021-01-15T08:52:24.644580,reference_reject,source_anchor_not_human,3d scanner,objaverse:Revopoint3d,9d913cfa5da8bbe0b8f2101ac421591926d93ae8e622f28077f652416ec9a197,,,0.0014079009862322,bad,0.9343304634094238,good,Metadata manifest only. Obtain and use the asset under its listed source license and attribution requirements.
objaverse_00f9d4e6a3ca47239ef1ea653cf7f821,Objaverse,Sketchfab,00f9d4e6a3ca47239ef1ea653cf7f821,Caterpillar 953 excavator,ryanbair,ryanbair,https://sketchfab.com/ryanbair,https://sketchfab.com/3d-models/00f9d4e6a3ca47239ef1ea653cf7f821,https://objaverse.allenai.org/,https://huggingface.co/datasets/allenai/objaverse/resolve/main/glbs/000-000/00f9d4e6a3ca47239ef1ea653cf7f821.glb,https://huggingface.co/datasets/allenai/objaverse/resolve/main/glbs/000-000/00f9d4e6a3ca47239ef1ea653cf7f821.glb,by,CC-BY-4.0,Creative Commons Attribution 4.0 International,https://creativecommons.org/licenses/by/4.0/,https://api.sketchfab.com/v3/models/00f9d4e6a3ca47239ef1ea653cf7f821,true,"""Caterpillar 953 excavator"" by ryanbair, via Sketchfab/Objaverse, licensed under Creative Commons Attribution 4.0 International.",2021-04-06T22:20:38.797597,reference_reject,source_anchor_not_human,3dscan;3dscanner,objaverse:ryanbair,5a114a1df9246fb5e83621b766649d2bd8a5614bad03746c7cca04b7e01c7e39,iphone|caterpillar|farm|construction|3dscannerapp,cars-vehicles|nature-plants,0.0013133409619106,bad,0.9992783069610596,good,Metadata manifest only. Obtain and use the asset under its listed source license and attribution requirements.
objaverse_013985cc621f4bdd9e16119462371c16,Objaverse,Sketchfab,013985cc621f4bdd9e16119462371c16,Thorn,Nancy/Lanzi Luo,Thunk3D-Nancy,https://sketchfab.com/Thunk3D-Nancy,https://sketchfab.com/3d-models/013985cc621f4bdd9e16119462371c16,https://objaverse.allenai.org/,https://huggingface.co/datasets/allenai/objaverse/resolve/main/glbs/000-000/013985cc621f4bdd9e16119462371c16.glb,https://huggingface.co/datasets/allenai/objaverse/resolve/main/glbs/000-000/013985cc621f4bdd9e16119462371c16.glb,by,CC-BY-4.0,Creative Commons Attribution 4.0 International,https://creativecommons.org/licenses/by/4.0/,https://api.sketchfab.com/v3/models/013985cc621f4bdd9e16119462371c16,true,"""Thorn"" by Nancy/Lanzi Luo, via Sketchfab/Objaverse, licensed under Creative Commons Attribution 4.0 International.",2021-04-21T07:50:03.397333,reference_reject,source_anchor_not_human,3dscan,objaverse:Thunk3D-Nancy,b5e09c2f860a1b1fd71798908994aa181d1e188d59ce5bc7f5d4d34a0e5a41d4,jewellery|rhino|jewelry|3dscanning|matrix|gemvision|zbrush|thunk3d|thunk3djewelry,food-drink|nature-plants,0.5515787614276383,bad,0.0495490059256553,bad,Metadata manifest only. Obtain and use the asset under its listed source license and attribution requirements.
objaverse_013d9dea72c94ce98a345413c0aa17f4,Objaverse,Sketchfab,013d9dea72c94ce98a345413c0aa17f4,Relief 4/4 - Staatsoper unter den Linden,VIMUNE,vimune,https://sketchfab.com/vimune,https://sketchfab.com/3d-models/013d9dea72c94ce98a345413c0aa17f4,https://objaverse.allenai.org/,https://huggingface.co/datasets/allenai/objaverse/resolve/main/glbs/000-000/013d9dea72c94ce98a345413c0aa17f4.glb,https://huggingface.co/datasets/allenai/objaverse/resolve/main/glbs/000-000/013d9dea72c94ce98a345413c0aa17f4.glb,by,CC-BY-4.0,Creative Commons Attribution 4.0 International,https://creativecommons.org/licenses/by/4.0/,https://api.sketchfab.com/v3/models/013d9dea72c94ce98a345413c0aa17f4,true,"""Relief 4/4 - Staatsoper unter den Linden"" by VIMUNE, via Sketchfab/Objaverse, licensed under Creative Commons Attribution 4.0 International.",2021-10-29T23:09:35.233430,reference_reject,source_anchor_not_human,photogrammetry,objaverse:vimune,c422c627b1bfa11e6925f5140acc70f43e57ef3194c01b627d389f5388277cc6,germany|geography|berlin|opera|history-of-art|photoscan|photogrammetry|art|history,art-abstract|cultural-heritage-history,0.1539765035658559,bad,0.9439643621444702,good,Metadata manifest only. Obtain and use the asset under its listed source license and attribution requirements.
objaverse_0213a71af3314ac0aaae25030d565d44,Objaverse,Sketchfab,0213a71af3314ac0aaae25030d565d44,Low Poly Coconut game Ready,Arthur.Zim,Arthur.Zim,https://sketchfab.com/Arthur.Zim,https://sketchfab.com/3d-models/0213a71af3314ac0aaae25030d565d44,https://objaverse.allenai.org/,https://huggingface.co/datasets/allenai/objaverse/resolve/main/glbs/000-000/0213a71af3314ac0aaae25030d565d44.glb,https://huggingface.co/datasets/allenai/objaverse/resolve/main/glbs/000-000/0213a71af3314ac0aaae25030d565d44.glb,by,CC-BY-4.0,Creative Commons Attribution 4.0 International,https://creativecommons.org/licenses/by/4.0/,https://api.sketchfab.com/v3/models/0213a71af3314ac0aaae25030d565d44,true,"""Low Poly Coconut game Ready"" by Arthur.Zim, via Sketchfab/Objaverse, licensed under Creative Commons Attribution 4.0 International.",2021-07-20T03:58:38.709520,reference_reject,source_anchor_not_human,3dscan,objaverse:Arthur.Zim,940baaf4eac158d7aa5ed655cbf208d0f3ab925f064d681274f522fee17fdc05,tree|plant|food|prop|nature|coconut|gratis|assets-game|substancepainter|asset|3dscan|download,nature-plants,0.956920076474624,good,0.9999988675117492,good,Metadata manifest only. Obtain and use the asset under its listed source license and attribution requirements.
objaverse_0222b2e45aa64d2198af548ea107a64a,Objaverse,Sketchfab,0222b2e45aa64d2198af548ea107a64a,Photo Scanned Bread #04,Latecnocreativa Studios,latecnocreativa,https://sketchfab.com/latecnocreativa,https://sketchfab.com/3d-models/0222b2e45aa64d2198af548ea107a64a,https://objaverse.allenai.org/,https://huggingface.co/datasets/allenai/objaverse/resolve/main/glbs/000-000/0222b2e45aa64d2198af548ea107a64a.glb,https://huggingface.co/datasets/allenai/objaverse/resolve/main/glbs/000-000/0222b2e45aa64d2198af548ea107a64a.glb,by,CC-BY-4.0,Creative Commons Attribution 4.0 International,https://creativecommons.org/licenses/by/4.0/,https://api.sketchfab.com/v3/models/0222b2e45aa64d2198af548ea107a64a,true,"""Photo Scanned Bread #04"" by Latecnocreativa Studios, via Sketchfab/Objaverse, licensed under Creative Commons Attribution 4.0 International.",2019-01-22T10:58:34.197957,reference_reject,source_anchor_not_human,photogrammetry;agisoft,objaverse:latecnocreativa,8a76e335fc9f391f4515b753f58d02e3f19a4ecaa39cca0813b9f9751c86895c,bread,food-drink,0.0013909922682712,bad,0.9492721557617188,good,Metadata manifest only. Obtain and use the asset under its listed source license and attribution requirements.
objaverse_02480fbc56b342bbb20264104a72f798,Objaverse,Sketchfab,02480fbc56b342bbb20264104a72f798,Untitled Scan,Liudmila.Savelieva,Liudmila.Savelieva,https://sketchfab.com/Liudmila.Savelieva,https://sketchfab.com/3d-models/02480fbc56b342bbb20264104a72f798,https://objaverse.allenai.org/,https://huggingface.co/datasets/allenai/objaverse/resolve/main/glbs/000-000/02480fbc56b342bbb20264104a72f798.glb,https://huggingface.co/datasets/allenai/objaverse/resolve/main/glbs/000-000/02480fbc56b342bbb20264104a72f798.glb,by,CC-BY-4.0,Creative Commons Attribution 4.0 International,https://creativecommons.org/licenses/by/4.0/,https://api.sketchfab.com/v3/models/02480fbc56b342bbb20264104a72f798,true,"""Untitled Scan"" by Liudmila.Savelieva, via Sketchfab/Objaverse, licensed under Creative Commons Attribution 4.0 International.",2021-07-12T20:21:58.788760,reference_reject,source_anchor_not_human,3dscan;3dscanner,objaverse:Liudmila.Savelieva,fdf2358b206bc96146753090d57260e891c6c65164c1c185f091439c38ea21ea,3dscannerapp,,0.0015164870596709,bad,0.1894280165433883,bad,Metadata manifest only. Obtain and use the asset under its listed source license and attribution requirements.
objaverse_0253ceabf9ae437fb885a74140070227,Objaverse,Sketchfab,0253ceabf9ae437fb885a74140070227,medium great grape Mark.1,wjdgk1029,wjdgk1029,https://sketchfab.com/wjdgk1029,https://sketchfab.com/3d-models/0253ceabf9ae437fb885a74140070227,https://objaverse.allenai.org/,https://huggingface.co/datasets/allenai/objaverse/resolve/main/glbs/000-000/0253ceabf9ae437fb885a74140070227.glb,https://huggingface.co/datasets/allenai/objaverse/resolve/main/glbs/000-000/0253ceabf9ae437fb885a74140070227.glb,by,CC-BY-4.0,Creative Commons Attribution 4.0 International,https://creativecommons.org/licenses/by/4.0/,https://api.sketchfab.com/v3/models/0253ceabf9ae437fb885a74140070227,true,"""medium great grape Mark.1"" by wjdgk1029, via Sketchfab/Objaverse, licensed under Creative Commons Attribution 4.0 International.",2019-10-10T06:07:46.663944,reference_reject,source_anchor_not_human,metashape,objaverse:wjdgk1029,c7222a7779072b7925c6f818edcabdf0aec83bc6ffd9d3d44710fe0a28998b55,grape-fruit,food-drink,0.0013193783792428,bad,0.8887950778007507,good,Metadata manifest only. Obtain and use the asset under its listed source license and attribution requirements.
objaverse_02bcfdbdca964989861d5e7a207ffcf5,Objaverse,Sketchfab,02bcfdbdca964989861d5e7a207ffcf5,Tiny Gold Frog,Arkify 3D,arkify,https://sketchfab.com/arkify,https://sketchfab.com/3d-models/02bcfdbdca964989861d5e7a207ffcf5,https://objaverse.allenai.org/,https://huggingface.co/datasets/allenai/objaverse/resolve/main/glbs/000-000/02bcfdbdca964989861d5e7a207ffcf5.glb,https://huggingface.co/datasets/allenai/objaverse/resolve/main/glbs/000-000/02bcfdbdca964989861d5e7a207ffcf5.glb,by,CC-BY-4.0,Creative Commons Attribution 4.0 International,https://creativecommons.org/licenses/by/4.0/,https://api.sketchfab.com/v3/models/02bcfdbdca964989861d5e7a207ffcf5,true,"""Tiny Gold Frog"" by Arkify 3D, via Sketchfab/Objaverse, licensed under Creative Commons Attribution 4.0 International.",2022-05-24T19:54:57.169494,reference_reject,source_anchor_not_human,3d scanner,objaverse:arkify,9601a27574358e999b671778db710fd84978879e4349b3636b8fe8bb1aa0ff86,frog|statue|gold|gold-jewelry|gold-statue|frog-statue|gold-frog,animals-pets|art-abstract,0.0354890868280772,bad,0.9998395442962646,good,Metadata manifest only. Obtain and use the asset under its listed source license and attribution requirements.
objaverse_03483bb640ad4624b054a8b1cb2d2459,Objaverse,Sketchfab,03483bb640ad4624b054a8b1cb2d2459,"Sculpture, cathédrale d'Albi",Archéomatique,archeomatique,https://sketchfab.com/archeomatique,https://sketchfab.com/3d-models/03483bb640ad4624b054a8b1cb2d2459,https://objaverse.allenai.org/,https://huggingface.co/datasets/allenai/objaverse/resolve/main/glbs/000-000/03483bb640ad4624b054a8b1cb2d2459.glb,https://huggingface.co/datasets/allenai/objaverse/resolve/main/glbs/000-000/03483bb640ad4624b054a8b1cb2d2459.glb,by,CC-BY-4.0,Creative Commons Attribution 4.0 International,https://creativecommons.org/licenses/by/4.0/,https://api.sketchfab.com/v3/models/03483bb640ad4624b054a8b1cb2d2459,true,"""Sculpture, cathédrale d'Albi"" by Archéomatique, via Sketchfab/Objaverse, licensed under Creative Commons Attribution 4.0 International.",2017-03-08T07:07:47.400173,reference_reject,source_anchor_not_human,agisoft,objaverse:archeomatique,219065fedc2f14e32a3578202a03eb1412025f98f6b6e3eedb674b555413b9df,cathedral|albi|agisoft|photoscan|sculpture,architecture|cultural-heritage-history,0.0013262794345251,bad,0.9709699749946594,good,Metadata manifest only. Obtain and use the asset under its listed source license and attribution requirements.
objaverse_039c30f9160e4ffdbc5e9157ca6ce852,Objaverse,Sketchfab,039c30f9160e4ffdbc5e9157ca6ce852,Devil's chess table statue,VR3D.CZ | Libor Telupil,libortelupil,https://sketchfab.com/libortelupil,https://sketchfab.com/3d-models/039c30f9160e4ffdbc5e9157ca6ce852,https://objaverse.allenai.org/,https://huggingface.co/datasets/allenai/objaverse/resolve/main/glbs/000-000/039c30f9160e4ffdbc5e9157ca6ce852.glb,https://huggingface.co/datasets/allenai/objaverse/resolve/main/glbs/000-000/039c30f9160e4ffdbc5e9157ca6ce852.glb,by,CC-BY-4.0,Creative Commons Attribution 4.0 International,https://creativecommons.org/licenses/by/4.0/,https://api.sketchfab.com/v3/models/039c30f9160e4ffdbc5e9157ca6ce852,true,"""Devil's chess table statue"" by VR3D.CZ | Libor Telupil, via Sketchfab/Objaverse, licensed under Creative Commons Attribution 4.0 International.",2019-12-13T16:25:00.984476,reference_reject,source_anchor_not_human,photogrammetry;3dscan,objaverse:libortelupil,b6883ce8014d2d4bab5006de288d9af95c742afca0aecba1cc4e377df421a9b0,devil|3d-scan|photogrametry|statue|chess,art-abstract|characters-creatures,0.0013213592910772,bad,0.904688000679016,good,Metadata manifest only. Obtain and use the asset under its listed source license and attribution requirements.
objaverse_03f6de03a15e4e398987ea88f53a1af0,Objaverse,Sketchfab,03f6de03a15e4e398987ea88f53a1af0,Chinese Jar Scan,patritevi,patritevi,https://sketchfab.com/patritevi,https://sketchfab.com/3d-models/03f6de03a15e4e398987ea88f53a1af0,https://objaverse.allenai.org/,https://huggingface.co/datasets/allenai/objaverse/resolve/main/glbs/000-000/03f6de03a15e4e398987ea88f53a1af0.glb,https://huggingface.co/datasets/allenai/objaverse/resolve/main/glbs/000-000/03f6de03a15e4e398987ea88f53a1af0.glb,by-nc-sa,CC-BY-NC-SA-4.0,Creative Commons Attribution-NonCommercial-ShareAlike 4.0 International,https://creativecommons.org/licenses/by-nc-sa/4.0/,https://api.sketchfab.com/v3/models/03f6de03a15e4e398987ea88f53a1af0,true,"""Chinese Jar Scan"" by patritevi, via Sketchfab/Objaverse, licensed under Creative Commons Attribution-NonCommercial-ShareAlike 4.0 International.",2021-02-07T19:52:27.852966,reference_reject,source_anchor_not_human,lidar,objaverse:patritevi,f0966f0b85a0d3d9dcaee2b330153c3c087ab60dc50fce3cd20957226bdfc46a,polycam|1scanaday|lidarscanchallenge,,0.9095981511744284,bad,0.9730788469314576,good,Metadata manifest only. Obtain and use the asset under its listed source license and attribution requirements.
objaverse_040143111d264848949bee737058b83c,Objaverse,Sketchfab,040143111d264848949bee737058b83c,Owl Figure,Echonium,Echonium,https://sketchfab.com/Echonium,https://sketchfab.com/3d-models/040143111d264848949bee737058b83c,https://objaverse.allenai.org/,https://huggingface.co/datasets/allenai/objaverse/resolve/main/glbs/000-000/040143111d264848949bee737058b83c.glb,https://huggingface.co/datasets/allenai/objaverse/resolve/main/glbs/000-000/040143111d264848949bee737058b83c.glb,by-nc,CC-BY-NC-4.0,Creative Commons Attribution-NonCommercial 4.0 International,https://creativecommons.org/licenses/by-nc/4.0/,https://api.sketchfab.com/v3/models/040143111d264848949bee737058b83c,true,"""Owl Figure"" by Echonium, via Sketchfab/Objaverse, licensed under Creative Commons Attribution-NonCommercial 4.0 International.",2019-11-21T09:32:07.691538,reference_reject,source_anchor_not_human,photogrammetry;realitycapture,objaverse:Echonium,4d6330cc66d6e30547981b80f3fab52d6d797680438628468aef46c0d64cac9f,meshlab|xnormal|realitycapture|3d-coat|photogrammetry|photoshop|zbrush|sketchfab,animals-pets|furniture-home,0.0094743876315397,bad,0.9719182252883912,good,Metadata manifest only. Obtain and use the asset under its listed source license and attribution requirements.
objaverse_0456bd2b6e314d94b400fae60dedb10a,Objaverse,Sketchfab,0456bd2b6e314d94b400fae60dedb10a,Aged Traffic Cone - lowpoly remake,RaynaudL,fts_ltx,https://sketchfab.com/fts_ltx,https://sketchfab.com/3d-models/0456bd2b6e314d94b400fae60dedb10a,https://objaverse.allenai.org/,https://huggingface.co/datasets/allenai/objaverse/resolve/main/glbs/000-000/0456bd2b6e314d94b400fae60dedb10a.glb,https://huggingface.co/datasets/allenai/objaverse/resolve/main/glbs/000-000/0456bd2b6e314d94b400fae60dedb10a.glb,by,CC-BY-4.0,Creative Commons Attribution 4.0 International,https://creativecommons.org/licenses/by/4.0/,https://api.sketchfab.com/v3/models/0456bd2b6e314d94b400fae60dedb10a,true,"""Aged Traffic Cone - lowpoly remake"" by RaynaudL, via Sketchfab/Objaverse, licensed under Creative Commons Attribution 4.0 International.",2022-08-11T12:43:44.194104,reference_reject,source_anchor_not_human,photogrammetry,objaverse:fts_ltx,0e29ae028e8c560f4c091c81e2ea41f1191195caeefc6de5ae8d5018deed770d,baking|b3d|traffic|cone|retopology|remake|photoscan|photogrammetry|lowpoly,cars-vehicles,0.9993625675701366,good,0.9138050079345704,good,Metadata manifest only. Obtain and use the asset under its listed source license and attribution requirements.
objaverse_04e31084b28a4bf6accda57d848ba9b6,Objaverse,Sketchfab,04e31084b28a4bf6accda57d848ba9b6,Ordinary vanillia cupcake - 1y of photogrammetry,jurandm,jurand_m,https://sketchfab.com/jurand_m,https://sketchfab.com/3d-models/04e31084b28a4bf6accda57d848ba9b6,https://objaverse.allenai.org/,https://huggingface.co/datasets/allenai/objaverse/resolve/main/glbs/000-000/04e31084b28a4bf6accda57d848ba9b6.glb,https://huggingface.co/datasets/allenai/objaverse/resolve/main/glbs/000-000/04e31084b28a4bf6accda57d848ba9b6.glb,by-sa,CC-BY-SA-4.0,Creative Commons Attribution-ShareAlike 4.0 International,https://creativecommons.org/licenses/by-sa/4.0/,https://api.sketchfab.com/v3/models/04e31084b28a4bf6accda57d848ba9b6,true,"""Ordinary vanillia cupcake - 1y of photogrammetry"" by jurandm, via Sketchfab/Objaverse, licensed under Creative Commons Attribution-ShareAlike 4.0 International.",2019-10-09T03:10:57.703632,reference_reject,source_anchor_not_human,photogrammetry;metashape,objaverse:jurand_m,f8d21f1741788c5a01748a22eb2bd691037fd603a0b6d8f020f8f64de68a88bd,xnormal|cupcake|photogrametry|muffin|marmosettoolbag|affinityphoto|aniversary|marmosettoolbag3|metashape|photogrammetry|zbrush|jurand_m|jurandm|risomuv,art-abstract|food-drink,0.0599146714476378,bad,0.9999735951423644,good,Metadata manifest only. Obtain and use the asset under its listed source license and attribution requirements.
objaverse_054aab34595d47c3867c5eeaac211890,Objaverse,Sketchfab,054aab34595d47c3867c5eeaac211890,10 dollar,Thunk3D scanner,Diana123456,https://sketchfab.com/Diana123456,https://sketchfab.com/3d-models/054aab34595d47c3867c5eeaac211890,https://objaverse.allenai.org/,https://huggingface.co/datasets/allenai/objaverse/resolve/main/glbs/000-000/054aab34595d47c3867c5eeaac211890.glb,https://huggingface.co/datasets/allenai/objaverse/resolve/main/glbs/000-000/054aab34595d47c3867c5eeaac211890.glb,by,CC-BY-4.0,Creative Commons Attribution 4.0 International,https://creativecommons.org/licenses/by/4.0/,https://api.sketchfab.com/v3/models/054aab34595d47c3867c5eeaac211890,true,"""10 dollar"" by Thunk3D scanner, via Sketchfab/Objaverse, licensed under Creative Commons Attribution 4.0 International.",2021-06-10T06:26:58.166800,reference_reject,source_anchor_not_human,3dscan;3d scanner;3dscanner,objaverse:Diana123456,731feb3036dcf69304fc2ec2e79c61e584c77de74ef6bb04035d39e514cde323,3dscanner|coin|money|3dscanning|dollor|thunk3d|thunk3d-fisher|thunk3darcher,news-politics|science-technology,0.002001715074713,bad,0.7533894181251526,good,Metadata manifest only. Obtain and use the asset under its listed source license and attribution requirements.
objaverse_054fd1053a3f447b97de7156407fd142,Objaverse,Sketchfab,054fd1053a3f447b97de7156407fd142,Deer Head,aduke,aduke,https://sketchfab.com/aduke,https://sketchfab.com/3d-models/054fd1053a3f447b97de7156407fd142,https://objaverse.allenai.org/,https://huggingface.co/datasets/allenai/objaverse/resolve/main/glbs/000-000/054fd1053a3f447b97de7156407fd142.glb,https://huggingface.co/datasets/allenai/objaverse/resolve/main/glbs/000-000/054fd1053a3f447b97de7156407fd142.glb,by,CC-BY-4.0,Creative Commons Attribution 4.0 International,https://creativecommons.org/licenses/by/4.0/,https://api.sketchfab.com/v3/models/054fd1053a3f447b97de7156407fd142,true,"""Deer Head"" by aduke, via Sketchfab/Objaverse, licensed under Creative Commons Attribution 4.0 International.",2018-04-02T01:35:28.401623,reference_reject,source_anchor_not_human,photogrammetry,objaverse:aduke,2749618de3f8df6219243909f4ee21c72a5ed1e0d812398a9ba5c50d1c201326,pho|photogrammetry,,0.0016619130660873,bad,0.7533894181251526,good,Metadata manifest only. Obtain and use the asset under its listed source license and attribution requirements.
objaverse_055ee7dd1ff442b4a6474e341e9d3687,Objaverse,Sketchfab,055ee7dd1ff442b4a6474e341e9d3687,onsite RCAG,zeno2358,zeno2358,https://sketchfab.com/zeno2358,https://sketchfab.com/3d-models/055ee7dd1ff442b4a6474e341e9d3687,https://objaverse.allenai.org/,https://huggingface.co/datasets/allenai/objaverse/resolve/main/glbs/000-001/055ee7dd1ff442b4a6474e341e9d3687.glb,https://huggingface.co/datasets/allenai/objaverse/resolve/main/glbs/000-001/055ee7dd1ff442b4a6474e341e9d3687.glb,by,CC-BY-4.0,Creative Commons Attribution 4.0 International,https://creativecommons.org/licenses/by/4.0/,https://api.sketchfab.com/v3/models/055ee7dd1ff442b4a6474e341e9d3687,true,"""onsite RCAG"" by zeno2358, via Sketchfab/Objaverse, licensed under Creative Commons Attribution 4.0 International.",2021-08-10T20:12:49.420959,reference_reject,source_anchor_not_human,photogrammetry,objaverse:zeno2358,f7eceaf14d1a1b5c288677083575510f8f6767b3eb5a6fa0b2dc981b9f75fc51,,,0.001313493289171,bad,0.998217523097992,good,Metadata manifest only. Obtain and use the asset under its listed source license and attribution requirements.
objaverse_05612a2132d9441999b2a5401dd110cd,Objaverse,Sketchfab,05612a2132d9441999b2a5401dd110cd,Trilobite fossil,RISD Nature Lab,RISDNaturelab,https://sketchfab.com/RISDNaturelab,https://sketchfab.com/3d-models/05612a2132d9441999b2a5401dd110cd,https://objaverse.allenai.org/,https://huggingface.co/datasets/allenai/objaverse/resolve/main/glbs/000-000/05612a2132d9441999b2a5401dd110cd.glb,https://huggingface.co/datasets/allenai/objaverse/resolve/main/glbs/000-000/05612a2132d9441999b2a5401dd110cd.glb,by,CC-BY-4.0,Creative Commons Attribution 4.0 International,https://creativecommons.org/licenses/by/4.0/,https://api.sketchfab.com/v3/models/05612a2132d9441999b2a5401dd110cd,true,"""Trilobite fossil"" by RISD Nature Lab, via Sketchfab/Objaverse, licensed under Creative Commons Attribution 4.0 International.",2020-06-29T15:39:13.519405,reference_reject,source_anchor_not_human,3d scanner,objaverse:RISDNaturelab,ac568b239e370933bbf2f8a6b7049258f0c34ce70928ba35d388398e73d80aca,trilobite|fossil|risd,nature-plants,0.0013145069796728,bad,0.9999005794525146,good,Metadata manifest only. Obtain and use the asset under its listed source license and attribution requirements.
objaverse_05757a473c5d4bc69a6315fb1b31371d,Objaverse,Sketchfab,05757a473c5d4bc69a6315fb1b31371d,4号館入り口まえ看板,a_shiomaneki,a_shiomaneki,https://sketchfab.com/a_shiomaneki,https://sketchfab.com/3d-models/05757a473c5d4bc69a6315fb1b31371d,https://objaverse.allenai.org/,https://huggingface.co/datasets/allenai/objaverse/resolve/main/glbs/000-000/05757a473c5d4bc69a6315fb1b31371d.glb,https://huggingface.co/datasets/allenai/objaverse/resolve/main/glbs/000-000/05757a473c5d4bc69a6315fb1b31371d.glb,by,CC-BY-4.0,Creative Commons Attribution 4.0 International,https://creativecommons.org/licenses/by/4.0/,https://api.sketchfab.com/v3/models/05757a473c5d4bc69a6315fb1b31371d,true,"""4号館入り口まえ看板"" by a_shiomaneki, via Sketchfab/Objaverse, licensed under Creative Commons Attribution 4.0 International.",2020-11-30T11:44:15.089065,reference_reject,source_anchor_not_human,3d scanner,objaverse:a_shiomaneki,b7c65502a601ba672e43ec0d9e74d1c2d7ab3e0e717341fd34ed47cb03f87f24,mazikarumirai2020|mazikarumirai,places-travel,0.0020450978044983,bad,0.999867618083954,good,Metadata manifest only. Obtain and use the asset under its listed source license and attribution requirements.
objaverse_057ddb4bccfd4f4c93a59ef188e3858b,Objaverse,Sketchfab,057ddb4bccfd4f4c93a59ef188e3858b,T-Rex,SlamStar,slamstar,https://sketchfab.com/slamstar,https://sketchfab.com/3d-models/057ddb4bccfd4f4c93a59ef188e3858b,https://objaverse.allenai.org/,https://huggingface.co/datasets/allenai/objaverse/resolve/main/glbs/000-000/057ddb4bccfd4f4c93a59ef188e3858b.glb,https://huggingface.co/datasets/allenai/objaverse/resolve/main/glbs/000-000/057ddb4bccfd4f4c93a59ef188e3858b.glb,by,CC-BY-4.0,Creative Commons Attribution 4.0 International,https://creativecommons.org/licenses/by/4.0/,https://api.sketchfab.com/v3/models/057ddb4bccfd4f4c93a59ef188e3858b,true,"""T-Rex"" by SlamStar, via Sketchfab/Objaverse, licensed under Creative Commons Attribution 4.0 International.",2017-12-25T18:51:20.023587,reference_reject,source_anchor_not_human,3dscan,objaverse:slamstar,39175d117634a9b555fa342b09dc0f754ecf2755755578ed961eae53795966c9,skanect-pro|3dscan,,0.0013347456670272,bad,0.9977771043777466,good,Metadata manifest only. Obtain and use the asset under its listed source license and attribution requirements.
objaverse_05ca81ed1ed4490a9eb1b6cfdc136ddb,Objaverse,Sketchfab,05ca81ed1ed4490a9eb1b6cfdc136ddb,Rabbit Figurine Photogrammetry,Nickson Yap,nicksonyap,https://sketchfab.com/nicksonyap,https://sketchfab.com/3d-models/05ca81ed1ed4490a9eb1b6cfdc136ddb,https://objaverse.allenai.org/,https://huggingface.co/datasets/allenai/objaverse/resolve/main/glbs/000-000/05ca81ed1ed4490a9eb1b6cfdc136ddb.glb,https://huggingface.co/datasets/allenai/objaverse/resolve/main/glbs/000-000/05ca81ed1ed4490a9eb1b6cfdc136ddb.glb,by,CC-BY-4.0,Creative Commons Attribution 4.0 International,https://creativecommons.org/licenses/by/4.0/,https://api.sketchfab.com/v3/models/05ca81ed1ed4490a9eb1b6cfdc136ddb,true,"""Rabbit Figurine Photogrammetry"" by Nickson Yap, via Sketchfab/Objaverse, licensed under Creative Commons Attribution 4.0 International.",2016-11-05T06:43:23.988896,reference_reject,source_anchor_not_human,photogrammetry,objaverse:nicksonyap,d244d1f0e8052d08b2111b4f9c253e01b7df89e906e8265c83b32482e7cfbf63,rabbit|mve|photogrammetry|3d|scan,animals-pets,0.0013139255109546,bad,0.9778839349746704,good,Metadata manifest only. Obtain and use the asset under its listed source license and attribution requirements.
objaverse_065c3074f99d47f0b281bcd64242d298,Objaverse,Sketchfab,065c3074f99d47f0b281bcd64242d298,RC616,duperjuan,duperjuan,https://sketchfab.com/duperjuan,https://sketchfab.com/3d-models/065c3074f99d47f0b281bcd64242d298,https://objaverse.allenai.org/,https://huggingface.co/datasets/allenai/objaverse/resolve/main/glbs/000-000/065c3074f99d47f0b281bcd64242d298.glb,https://huggingface.co/datasets/allenai/objaverse/resolve/main/glbs/000-000/065c3074f99d47f0b281bcd64242d298.glb,by,CC-BY-4.0,Creative Commons Attribution 4.0 International,https://creativecommons.org/licenses/by/4.0/,https://api.sketchfab.com/v3/models/065c3074f99d47f0b281bcd64242d298,true,"""RC616"" by duperjuan, via Sketchfab/Objaverse, licensed under Creative Commons Attribution 4.0 International.",2019-11-09T15:29:09.408142,reference_reject,source_anchor_not_human,agisoft,objaverse:duperjuan,460f229f80bbf56a9ef7c336530dd60f7360f8230326fca141b47f1bfd5fb816,photgrammetry|uniandes|agisoft|photoscan,cultural-heritage-history,0.0015826965097731,bad,0.8267683982849121,good,Metadata manifest only. Obtain and use the asset under its listed source license and attribution requirements.
objaverse_068d0896c9f94a24a55b44fc1f90b3b6,Objaverse,Sketchfab,068d0896c9f94a24a55b44fc1f90b3b6,Каниз с рисунком ДК-56 51Нx31mm,Dikart,dikart,https://sketchfab.com/dikart,https://sketchfab.com/3d-models/068d0896c9f94a24a55b44fc1f90b3b6,https://objaverse.allenai.org/,https://huggingface.co/datasets/allenai/objaverse/resolve/main/glbs/000-000/068d0896c9f94a24a55b44fc1f90b3b6.glb,https://huggingface.co/datasets/allenai/objaverse/resolve/main/glbs/000-000/068d0896c9f94a24a55b44fc1f90b3b6.glb,by,CC-BY-4.0,Creative Commons Attribution 4.0 International,https://creativecommons.org/licenses/by/4.0/,https://api.sketchfab.com/v3/models/068d0896c9f94a24a55b44fc1f90b3b6,true,"""Каниз с рисунком ДК-56 51Нx31mm"" by Dikart, via Sketchfab/Objaverse, licensed under Creative Commons Attribution 4.0 International.",2016-10-31T17:49:25.431264,reference_reject,source_anchor_not_human,3dscan,objaverse:dikart,16610e9f8bdb8332fb1071426cb896897b404b7f9a2add7d072c973299c02121,molding|3dscanning|lepnina|rozetka|dikart|gypsum|srednik|3dsmax|zbrush,architecture,0.0992592944266213,bad,0.797901451587677,good,Metadata manifest only. Obtain and use the asset under its listed source license and attribution requirements.
objaverse_07cc9a6538ef4460a8528d2c1e9f9a6a,Objaverse,Sketchfab,07cc9a6538ef4460a8528d2c1e9f9a6a,190514_Kostel_Stare_Buky_FOTOS,KoswaK,KoswaK,https://sketchfab.com/KoswaK,https://sketchfab.com/3d-models/07cc9a6538ef4460a8528d2c1e9f9a6a,https://objaverse.allenai.org/,https://huggingface.co/datasets/allenai/objaverse/resolve/main/glbs/000-001/07cc9a6538ef4460a8528d2c1e9f9a6a.glb,https://huggingface.co/datasets/allenai/objaverse/resolve/main/glbs/000-001/07cc9a6538ef4460a8528d2c1e9f9a6a.glb,by,CC-BY-4.0,Creative Commons Attribution 4.0 International,https://creativecommons.org/licenses/by/4.0/,https://api.sketchfab.com/v3/models/07cc9a6538ef4460a8528d2c1e9f9a6a,true,"""190514_Kostel_Stare_Buky_FOTOS"" by KoswaK, via Sketchfab/Objaverse, licensed under Creative Commons Attribution 4.0 International.",2019-12-04T17:14:00.643365,reference_reject,source_anchor_not_human,realitycapture,objaverse:KoswaK,d8f10ff733fc4d8575caa8ca8e4abb4b2ddbeb1adc6c1548d22b56c37250dd0b,realitycapture,,0.0013137320699345,bad,0.9999918937683104,good,Metadata manifest only. Obtain and use the asset under its listed source license and attribution requirements.
objaverse_07e437f868964b518a645966c5aa3b73,Objaverse,Sketchfab,07e437f868964b518a645966c5aa3b73,Gehende,kulturschokolade.org,3dtwins,https://sketchfab.com/3dtwins,https://sketchfab.com/3d-models/07e437f868964b518a645966c5aa3b73,https://objaverse.allenai.org/,https://huggingface.co/datasets/allenai/objaverse/resolve/main/glbs/000-000/07e437f868964b518a645966c5aa3b73.glb,https://huggingface.co/datasets/allenai/objaverse/resolve/main/glbs/000-000/07e437f868964b518a645966c5aa3b73.glb,by,CC-BY-4.0,Creative Commons Attribution 4.0 International,https://creativecommons.org/licenses/by/4.0/,https://api.sketchfab.com/v3/models/07e437f868964b518a645966c5aa3b73,true,"""Gehende"" by kulturschokolade.org, via Sketchfab/Objaverse, licensed under Creative Commons Attribution 4.0 International.",2020-03-25T07:57:47.749655,reference_reject,source_anchor_not_human,realitycapture,objaverse:3dtwins,9d53f95030738ad1b5230708e471b34bbcc9b5d2196f6ade542685db7359e4b8,realitycapture,,0.0578938839231391,bad,0.9762821197509766,good,Metadata manifest only. Obtain and use the asset under its listed source license and attribution requirements.
objaverse_09fa05253abd45c6839d0263130ff552,Objaverse,Sketchfab,09fa05253abd45c6839d0263130ff552,Brachiopode - Pygope sp.,Société Géologique de France,sgfrance,https://sketchfab.com/sgfrance,https://sketchfab.com/3d-models/09fa05253abd45c6839d0263130ff552,https://objaverse.allenai.org/,https://huggingface.co/datasets/allenai/objaverse/resolve/main/glbs/000-000/09fa05253abd45c6839d0263130ff552.glb,https://huggingface.co/datasets/allenai/objaverse/resolve/main/glbs/000-000/09fa05253abd45c6839d0263130ff552.glb,by-nc-sa,CC-BY-NC-SA-4.0,Creative Commons Attribution-NonCommercial-ShareAlike 4.0 International,https://creativecommons.org/licenses/by-nc-sa/4.0/,https://api.sketchfab.com/v3/models/09fa05253abd45c6839d0263130ff552,true,"""Brachiopode - Pygope sp."" by Société Géologique de France, via Sketchfab/Objaverse, licensed under Creative Commons Attribution-NonCommercial-ShareAlike 4.0 International.",2020-07-23T13:54:12.055973,reference_reject,source_anchor_not_human,metashape;agisoft,objaverse:sgfrance,296140370b690023a21e9bb727509f83cbf6df73bcc87b514d1200748557c83e,education|fossil|paleontology|earth-sciences|brachiopoda|metashape|agisoft,nature-plants|science-technology,0.0013216875869242,bad,0.9956924319267272,good,Metadata manifest only. Obtain and use the asset under its listed source license and attribution requirements.
objaverse_0af090b88ba241fdb1ce275925ffadc7,Objaverse,Sketchfab,0af090b88ba241fdb1ce275925ffadc7,Curia Ibiza Dalt Vila,David González,davidgf,https://sketchfab.com/davidgf,https://sketchfab.com/3d-models/0af090b88ba241fdb1ce275925ffadc7,https://objaverse.allenai.org/,https://huggingface.co/datasets/allenai/objaverse/resolve/main/glbs/000-001/0af090b88ba241fdb1ce275925ffadc7.glb,https://huggingface.co/datasets/allenai/objaverse/resolve/main/glbs/000-001/0af090b88ba241fdb1ce275925ffadc7.glb,by,CC-BY-4.0,Creative Commons Attribution 4.0 International,https://creativecommons.org/licenses/by/4.0/,https://api.sketchfab.com/v3/models/0af090b88ba241fdb1ce275925ffadc7,true,"""Curia Ibiza Dalt Vila"" by David González, via Sketchfab/Objaverse, licensed under Creative Commons Attribution 4.0 International.",2020-02-02T09:06:54.366936,reference_reject,source_anchor_not_human,photogrammetry,objaverse:davidgf,c548c282fa45c1334397045801f6b76df85d14b7e570d38bdfdaefca5527d78c,medieval|heritage|photogrammetry-photoscan,architecture|cultural-heritage-history,0.0013133436608855,bad,0.7533894181251526,good,Metadata manifest only. Obtain and use the asset under its listed source license and attribution requirements.
objaverse_0d1cf8be9da3470f86640733e795e047,Objaverse,Sketchfab,0d1cf8be9da3470f86640733e795e047,Dinky Toys Superior Criterion Ambulance Scan,Jordan F,JordanF,https://sketchfab.com/JordanF,https://sketchfab.com/3d-models/0d1cf8be9da3470f86640733e795e047,https://objaverse.allenai.org/,https://huggingface.co/datasets/allenai/objaverse/resolve/main/glbs/000-001/0d1cf8be9da3470f86640733e795e047.glb,https://huggingface.co/datasets/allenai/objaverse/resolve/main/glbs/000-001/0d1cf8be9da3470f86640733e795e047.glb,by,CC-BY-4.0,Creative Commons Attribution 4.0 International,https://creativecommons.org/licenses/by/4.0/,https://api.sketchfab.com/v3/models/0d1cf8be9da3470f86640733e795e047,true,"""Dinky Toys Superior Criterion Ambulance Scan"" by Jordan F, via Sketchfab/Objaverse, licensed under Creative Commons Attribution 4.0 International.",2021-10-21T22:42:29.887243,reference_reject,source_anchor_not_human,photogrammetry,objaverse:JordanF,b926228a73d4948e6b7ca4dd296546c4d88e905df7ef3aa4732ecce9aee80ed5,raw|toy|ambulance|vintage|retro|toys|england|4k|metal|criterion|superior|1960s|meccano|dinky|substancepainter|substance|photogrammetry|vehicle|texture|scan|car,cars-vehicles|cultural-heritage-history,0.1805329119535496,bad,0.9999993443489076,good,Metadata manifest only. Obtain and use the asset under its listed source license and attribution requirements.
objaverse_0d715dd8e77b48328cff132ae28c93aa,Objaverse,Sketchfab,0d715dd8e77b48328cff132ae28c93aa,Wood Sculpture Scanning by CR-Scan Lizard,CR-Scan Lizard,CrealityEcosystem,https://sketchfab.com/CrealityEcosystem,https://sketchfab.com/3d-models/0d715dd8e77b48328cff132ae28c93aa,https://objaverse.allenai.org/,https://huggingface.co/datasets/allenai/objaverse/resolve/main/glbs/000-001/0d715dd8e77b48328cff132ae28c93aa.glb,https://huggingface.co/datasets/allenai/objaverse/resolve/main/glbs/000-001/0d715dd8e77b48328cff132ae28c93aa.glb,by,CC-BY-4.0,Creative Commons Attribution 4.0 International,https://creativecommons.org/licenses/by/4.0/,https://api.sketchfab.com/v3/models/0d715dd8e77b48328cff132ae28c93aa,true,"""Wood Sculpture Scanning by CR-Scan Lizard"" by CR-Scan Lizard, via Sketchfab/Objaverse, licensed under Creative Commons Attribution 4.0 International.",2022-03-01T08:00:13.777300,reference_reject,source_anchor_not_human,3d scanner,objaverse:CrealityEcosystem,e007a340308e0b4ba8e612d2d86692dcb11869c575a51a5dda3683b9d57a02fa,,,0.0013138040399446,bad,0.9943432211875916,good,Metadata manifest only. Obtain and use the asset under its listed source license and attribution requirements.
objaverse_0e3052b91eab49899344154d60d16bc1,Objaverse,Sketchfab,0e3052b91eab49899344154d60d16bc1,F020 Lettuce,bimage,bimage,https://sketchfab.com/bimage,https://sketchfab.com/3d-models/0e3052b91eab49899344154d60d16bc1,https://objaverse.allenai.org/,https://huggingface.co/datasets/allenai/objaverse/resolve/main/glbs/000-001/0e3052b91eab49899344154d60d16bc1.glb,https://huggingface.co/datasets/allenai/objaverse/resolve/main/glbs/000-001/0e3052b91eab49899344154d60d16bc1.glb,by,CC-BY-4.0,Creative Commons Attribution 4.0 International,https://creativecommons.org/licenses/by/4.0/,https://api.sketchfab.com/v3/models/0e3052b91eab49899344154d60d16bc1,true,"""F020 Lettuce"" by bimage, via Sketchfab/Objaverse, licensed under Creative Commons Attribution 4.0 International.",2021-11-20T13:35:07.973799,reference_reject,source_anchor_not_human,photogrammetry;meshroom,objaverse:bimage,55e4fb5bfb9d4cfaf4ecbc8b08059ec132abfc02fbc1d4ba6eb0093ee804898b,rabbit|lapin|garden|lettuce|vegetable|vegetarian|salad|potager|salade|laitue,food-drink|nature-plants,0.0028577489171545,bad,0.3569298088550567,bad,Metadata manifest only. Obtain and use the asset under its listed source license and attribution requirements.
objaverse_0fdd57c3879a4083a3ff3fda27c6918b,Objaverse,Sketchfab,0fdd57c3879a4083a3ff3fda27c6918b,Temple of Eshmun,Miguel Bandera,miguelbandera,https://sketchfab.com/miguelbandera,https://sketchfab.com/3d-models/0fdd57c3879a4083a3ff3fda27c6918b,https://objaverse.allenai.org/,https://huggingface.co/datasets/allenai/objaverse/resolve/main/glbs/000-000/0fdd57c3879a4083a3ff3fda27c6918b.glb,https://huggingface.co/datasets/allenai/objaverse/resolve/main/glbs/000-000/0fdd57c3879a4083a3ff3fda27c6918b.glb,by-nc-sa,CC-BY-NC-SA-4.0,Creative Commons Attribution-NonCommercial-ShareAlike 4.0 International,https://creativecommons.org/licenses/by-nc-sa/4.0/,https://api.sketchfab.com/v3/models/0fdd57c3879a4083a3ff3fda27c6918b,true,"""Temple of Eshmun"" by Miguel Bandera, via Sketchfab/Objaverse, licensed under Creative Commons Attribution-NonCommercial-ShareAlike 4.0 International.",2018-05-11T16:18:39.246797,reference_reject,source_anchor_not_human,photogrammetry;realitycapture,objaverse:miguelbandera,5ae5fb1126a9b82d18c7463614981eb120c8ff029d9dce036d1bb1db76fdcc02,aerial|heritage|templo|aerialphotography|fotogrametria|cyark|openheritage|realitycapture|photogrammetry|scan|temple,architecture|cultural-heritage-history,0.0013133390772492,bad,0.9991101026535034,good,Metadata manifest only. Obtain and use the asset under its listed source license and attribution requirements.
objaverse_109f2c70ce0b4036974ae1ec30a44e6c,Objaverse,Sketchfab,109f2c70ce0b4036974ae1ec30a44e6c,Sopramonte's tower - Prato Sesia (IT),andxet,andxet,https://sketchfab.com/andxet,https://sketchfab.com/3d-models/109f2c70ce0b4036974ae1ec30a44e6c,https://objaverse.allenai.org/,https://huggingface.co/datasets/allenai/objaverse/resolve/main/glbs/000-000/109f2c70ce0b4036974ae1ec30a44e6c.glb,https://huggingface.co/datasets/allenai/objaverse/resolve/main/glbs/000-000/109f2c70ce0b4036974ae1ec30a44e6c.glb,by,CC-BY-4.0,Creative Commons Attribution 4.0 International,https://creativecommons.org/licenses/by/4.0/,https://api.sketchfab.com/v3/models/109f2c70ce0b4036974ae1ec30a44e6c,true,"""Sopramonte's tower - Prato Sesia (IT)"" by andxet, via Sketchfab/Objaverse, licensed under Creative Commons Attribution 4.0 International.",2021-12-30T21:05:57.790421,reference_reject,source_anchor_not_human,photogrammetry;realitycapture,objaverse:andxet,852750bce6deaee8f2f4ff99ef7af66a02f2c1aa1f4f00ee9f9d730f77bdef21,tower|italy|dji|realitycapture|photogrammetry,,0.0013134746617503,bad,0.9999161958694458,good,Metadata manifest only. Obtain and use the asset under its listed source license and attribution requirements.
objaverse_10a45eacb263426a8b14eae9524a1e1b,Objaverse,Sketchfab,10a45eacb263426a8b14eae9524a1e1b,Stittenham Pictish Wolf Stone,Dr Hugo Anderson-Whymark,hugoandersonwhymark,https://sketchfab.com/hugoandersonwhymark,https://sketchfab.com/3d-models/10a45eacb263426a8b14eae9524a1e1b,https://objaverse.allenai.org/,https://huggingface.co/datasets/allenai/objaverse/resolve/main/glbs/000-000/10a45eacb263426a8b14eae9524a1e1b.glb,https://huggingface.co/datasets/allenai/objaverse/resolve/main/glbs/000-000/10a45eacb263426a8b14eae9524a1e1b.glb,by-nc,CC-BY-NC-4.0,Creative Commons Attribution-NonCommercial 4.0 International,https://creativecommons.org/licenses/by-nc/4.0/,https://api.sketchfab.com/v3/models/10a45eacb263426a8b14eae9524a1e1b,true,"""Stittenham Pictish Wolf Stone"" by Dr Hugo Anderson-Whymark, via Sketchfab/Objaverse, licensed under Creative Commons Attribution-NonCommercial 4.0 International.",2017-02-09T20:10:18.313520,reference_reject,source_anchor_not_human,agisoft,objaverse:hugoandersonwhymark,682e3b8bf902b6edc8466f735f2d7892cfcd11722153020ce6485647c14dc892,symbol|scotland|ross|highland|cromarty|pistish|stittenham|ardross|agisoft|photoscan|stone,cultural-heritage-history,0.0013323901938439,bad,0.947827160358429,good,Metadata manifest only. Obtain and use the asset under its listed source license and attribution requirements.
objaverse_10bd72adfbfd4993b6ff672a31b337cc,Objaverse,Sketchfab,10bd72adfbfd4993b6ff672a31b337cc,Head of a Votary from the Temple of Golgoi,jerryfisher,jerryfisher,https://sketchfab.com/jerryfisher,https://sketchfab.com/3d-models/10bd72adfbfd4993b6ff672a31b337cc,https://objaverse.allenai.org/,https://huggingface.co/datasets/allenai/objaverse/resolve/main/glbs/000-000/10bd72adfbfd4993b6ff672a31b337cc.glb,https://huggingface.co/datasets/allenai/objaverse/resolve/main/glbs/000-000/10bd72adfbfd4993b6ff672a31b337cc.glb,by,CC-BY-4.0,Creative Commons Attribution 4.0 International,https://creativecommons.org/licenses/by/4.0/,https://api.sketchfab.com/v3/models/10bd72adfbfd4993b6ff672a31b337cc,true,"""Head of a Votary from the Temple of Golgoi"" by jerryfisher, via Sketchfab/Objaverse, licensed under Creative Commons Attribution 4.0 International.",2017-03-31T14:00:22.751204,reference_reject,source_anchor_not_human,agisoft,objaverse:jerryfisher,8fa39d7d054d92530733e23573979838628cbbb01616bab4608196cef664df19,greek|limestone|museum|archaic|cyprus|minneapolis|temple_of_golgoi|minneapolis_institute_of_art|golgoi|greek_art|agisoft|photoscan|art|helmet|archaeology|temple,cultural-heritage-history,0.0013374441018176,bad,0.9999464154243468,good,Metadata manifest only. Obtain and use the asset under its listed source license and attribution requirements.
objaverse_111041d20d304a819f864b261310228b,Objaverse,Sketchfab,111041d20d304a819f864b261310228b,From Pit to Port,andersm,andersm,https://sketchfab.com/andersm,https://sketchfab.com/3d-models/111041d20d304a819f864b261310228b,https://objaverse.allenai.org/,https://huggingface.co/datasets/allenai/objaverse/resolve/main/glbs/000-001/111041d20d304a819f864b261310228b.glb,https://huggingface.co/datasets/allenai/objaverse/resolve/main/glbs/000-001/111041d20d304a819f864b261310228b.glb,by,CC-BY-4.0,Creative Commons Attribution 4.0 International,https://creativecommons.org/licenses/by/4.0/,https://api.sketchfab.com/v3/models/111041d20d304a819f864b261310228b,true,"""From Pit to Port"" by andersm, via Sketchfab/Objaverse, licensed under Creative Commons Attribution 4.0 International.",2021-08-27T04:07:17.596177,reference_reject,source_anchor_not_human,photogrammetry,objaverse:andersm,e07cc68fde0325b35bcf96714393a4cddb043640b1415fb487a25132607a039a,mining|wales|photogrammetry|history,art-abstract|cultural-heritage-history,0.0013136777039295,bad,0.7533894181251526,good,Metadata manifest only. Obtain and use the asset under its listed source license and attribution requirements.
objaverse_117b7afe896645c29a284c71d475dd7e,Objaverse,Sketchfab,117b7afe896645c29a284c71d475dd7e,Halfway-Push-Pile-2021,David R. Hixson,chunchucmil,https://sketchfab.com/chunchucmil,https://sketchfab.com/3d-models/117b7afe896645c29a284c71d475dd7e,https://objaverse.allenai.org/,https://huggingface.co/datasets/allenai/objaverse/resolve/main/glbs/000-000/117b7afe896645c29a284c71d475dd7e.glb,https://huggingface.co/datasets/allenai/objaverse/resolve/main/glbs/000-000/117b7afe896645c29a284c71d475dd7e.glb,by,CC-BY-4.0,Creative Commons Attribution 4.0 International,https://creativecommons.org/licenses/by/4.0/,https://api.sketchfab.com/v3/models/117b7afe896645c29a284c71d475dd7e,true,"""Halfway-Push-Pile-2021"" by David R. Hixson, via Sketchfab/Objaverse, licensed under Creative Commons Attribution 4.0 International.",2021-12-04T20:58:12.301273,reference_reject,source_anchor_not_human,realitycapture,objaverse:chunchucmil,fe159398ceea44b1ace91011e35d74b58472af507038f3a1d965123e9e968ede,realitycapture,cultural-heritage-history,0.0016753090770894,bad,0.8607809543609619,good,Metadata manifest only. Obtain and use the asset under its listed source license and attribution requirements.
objaverse_1280872b95da402b8facb13c38fec32f,Objaverse,Sketchfab,1280872b95da402b8facb13c38fec32f,Medieval Floor2,slls666,slls666,https://sketchfab.com/slls666,https://sketchfab.com/3d-models/1280872b95da402b8facb13c38fec32f,https://objaverse.allenai.org/,https://huggingface.co/datasets/allenai/objaverse/resolve/main/glbs/000-000/1280872b95da402b8facb13c38fec32f.glb,https://huggingface.co/datasets/allenai/objaverse/resolve/main/glbs/000-000/1280872b95da402b8facb13c38fec32f.glb,by,CC-BY-4.0,Creative Commons Attribution 4.0 International,https://creativecommons.org/licenses/by/4.0/,https://api.sketchfab.com/v3/models/1280872b95da402b8facb13c38fec32f,true,"""Medieval Floor2"" by slls666, via Sketchfab/Objaverse, licensed under Creative Commons Attribution 4.0 International.",2021-09-14T20:10:07.877934,reference_reject,source_anchor_not_human,photogrammetry,objaverse:slls666,0a6558a245ec9a2c280bd4b7e979c48a1469935eba4d86c5a2949fb402b84a6b,castle|medieval|floor|antique|floor-tiles|church-architecture-photogrammetry|photogrammetry|stone|gameasset|free|church,architecture,0.0013261974363583,bad,0.9999209642410278,good,Metadata manifest only. Obtain and use the asset under its listed source license and attribution requirements.
objaverse_14c45b8b52a145ea93f63700cb7129b1,Objaverse,Sketchfab,14c45b8b52a145ea93f63700cb7129b1,Bit Pot5 - photogrammetry,addequatte,addequatte,https://sketchfab.com/addequatte,https://sketchfab.com/3d-models/14c45b8b52a145ea93f63700cb7129b1,https://objaverse.allenai.org/,https://huggingface.co/datasets/allenai/objaverse/resolve/main/glbs/000-000/14c45b8b52a145ea93f63700cb7129b1.glb,https://huggingface.co/datasets/allenai/objaverse/resolve/main/glbs/000-000/14c45b8b52a145ea93f63700cb7129b1.glb,by,CC-BY-4.0,Creative Commons Attribution 4.0 International,https://creativecommons.org/licenses/by/4.0/,https://api.sketchfab.com/v3/models/14c45b8b52a145ea93f63700cb7129b1,true,"""Bit Pot5 - photogrammetry"" by addequatte, via Sketchfab/Objaverse, licensed under Creative Commons Attribution 4.0 International.",2017-03-24T13:55:01.311607,reference_reject,source_anchor_not_human,photogrammetry,objaverse:addequatte,fc77dfedd29bd692487255b4e8a11183dd05a9a0e4428d561f236ecfdcd3f295,3d-scan|3d-scanning|photogrammetry,cultural-heritage-history|electronics-gadgets,0.0112703660886499,bad,0.9994916319847108,good,Metadata manifest only. Obtain and use the asset under its listed source license and attribution requirements.
objaverse_151d186e01ee4dd1ab3071332f809519,Objaverse,Sketchfab,151d186e01ee4dd1ab3071332f809519,Ferns Cemetery Grave Marker 2,Elisabeth,elisabethhyde,https://sketchfab.com/elisabethhyde,https://sketchfab.com/3d-models/151d186e01ee4dd1ab3071332f809519,https://objaverse.allenai.org/,https://huggingface.co/datasets/allenai/objaverse/resolve/main/glbs/000-000/151d186e01ee4dd1ab3071332f809519.glb,https://huggingface.co/datasets/allenai/objaverse/resolve/main/glbs/000-000/151d186e01ee4dd1ab3071332f809519.glb,by,CC-BY-4.0,Creative Commons Attribution 4.0 International,https://creativecommons.org/licenses/by/4.0/,https://api.sketchfab.com/v3/models/151d186e01ee4dd1ab3071332f809519,true,"""Ferns Cemetery Grave Marker 2"" by Elisabeth, via Sketchfab/Objaverse, licensed under Creative Commons Attribution 4.0 International.",2022-07-02T12:09:48.802617,reference_reject,source_anchor_not_human,metashape;agisoft,objaverse:elisabethhyde,82194cf906ee193b3613c85fc0a264770f884877b9668ed19cb6f0567ba4b950,gravemarker|metashape|agisoft|archaeology|fernsireland,cultural-heritage-history,0.0013137435922275,bad,0.9999597072601318,good,Metadata manifest only. Obtain and use the asset under its listed source license and attribution requirements.
objaverse_156a3de893164708b3f416b2e8806191,Objaverse,Sketchfab,156a3de893164708b3f416b2e8806191,Wandverzierung des Dresdner Zwinger,IILexxIII,lexx,https://sketchfab.com/lexx,https://sketchfab.com/3d-models/156a3de893164708b3f416b2e8806191,https://objaverse.allenai.org/,https://huggingface.co/datasets/allenai/objaverse/resolve/main/glbs/000-000/156a3de893164708b3f416b2e8806191.glb,https://huggingface.co/datasets/allenai/objaverse/resolve/main/glbs/000-000/156a3de893164708b3f416b2e8806191.glb,by,CC-BY-4.0,Creative Commons Attribution 4.0 International,https://creativecommons.org/licenses/by/4.0/,https://api.sketchfab.com/v3/models/156a3de893164708b3f416b2e8806191,true,"""Wandverzierung des Dresdner Zwinger"" by IILexxIII, via Sketchfab/Objaverse, licensed under Creative Commons Attribution 4.0 International.",2017-04-23T13:02:46.110169,reference_reject,source_anchor_not_human,photogrammetry,objaverse:lexx,0fafea215e05190c77b1368f27031eb1271f07bdd950c445fd2353e5bc05fc77,iphone|dresden|photogrammetrie|zwinger|photogrammetry,cultural-heritage-history|places-travel,0.0021343500327639,bad,0.7976223826408386,good,Metadata manifest only. Obtain and use the asset under its listed source license and attribution requirements.
objaverse_15bbda759c394c22a37c0319b5619c4d,Objaverse,Sketchfab,15bbda759c394c22a37c0319b5619c4d,Ameer - Model,sirsuhayb,sirsuhayb,https://sketchfab.com/sirsuhayb,https://sketchfab.com/3d-models/15bbda759c394c22a37c0319b5619c4d,https://objaverse.allenai.org/,https://huggingface.co/datasets/allenai/objaverse/resolve/main/glbs/000-000/15bbda759c394c22a37c0319b5619c4d.glb,https://huggingface.co/datasets/allenai/objaverse/resolve/main/glbs/000-000/15bbda759c394c22a37c0319b5619c4d.glb,by,CC-BY-4.0,Creative Commons Attribution 4.0 International,https://creativecommons.org/licenses/by/4.0/,https://api.sketchfab.com/v3/models/15bbda759c394c22a37c0319b5619c4d,true,"""Ameer - Model"" by sirsuhayb, via Sketchfab/Objaverse, licensed under Creative Commons Attribution 4.0 International.",2020-10-05T12:29:46.369076,reference_reject,source_anchor_not_human,3d scanner,objaverse:sirsuhayb,5e30cfce7209fcf622b4cb81c5475fbf9ba3507274c364a5ed9f19f5702732fb,,characters-creatures,0.1136836765482324,bad,0.7533894181251526,good,Metadata manifest only. Obtain and use the asset under its listed source license and attribution requirements.
objaverse_1633d24339f843c08976706173837e1b,Objaverse,Sketchfab,1633d24339f843c08976706173837e1b,Foxhole 101st Easy Company - Battle of the Bulge,davloots,daloots,https://sketchfab.com/daloots,https://sketchfab.com/3d-models/1633d24339f843c08976706173837e1b,https://objaverse.allenai.org/,https://huggingface.co/datasets/allenai/objaverse/resolve/main/glbs/000-001/1633d24339f843c08976706173837e1b.glb,https://huggingface.co/datasets/allenai/objaverse/resolve/main/glbs/000-001/1633d24339f843c08976706173837e1b.glb,by,CC-BY-4.0,Creative Commons Attribution 4.0 International,https://creativecommons.org/licenses/by/4.0/,https://api.sketchfab.com/v3/models/1633d24339f843c08976706173837e1b,true,"""Foxhole 101st Easy Company - Battle of the Bulge"" by davloots, via Sketchfab/Objaverse, licensed under Creative Commons Attribution 4.0 International.",2021-08-13T15:04:28.277423,reference_reject,source_anchor_not_human,realitycapture,objaverse:daloots,82cb81567490144cb834e1e8fee3f577ec15af4baea18fa544c8cc18ce7cbbe1,airborne|ww2|army|wwii|foxhole|realitycapture,cultural-heritage-history|weapons-military,0.0013191788711739,bad,0.9965445399284364,good,Metadata manifest only. Obtain and use the asset under its listed source license and attribution requirements.
objaverse_18a277774cf74dd7ab4dac2ac207fb5b,Objaverse,Sketchfab,18a277774cf74dd7ab4dac2ac207fb5b,New Model,MuratTurhan,adali,https://sketchfab.com/adali,https://sketchfab.com/3d-models/18a277774cf74dd7ab4dac2ac207fb5b,https://objaverse.allenai.org/,https://huggingface.co/datasets/allenai/objaverse/resolve/main/glbs/000-001/18a277774cf74dd7ab4dac2ac207fb5b.glb,https://huggingface.co/datasets/allenai/objaverse/resolve/main/glbs/000-001/18a277774cf74dd7ab4dac2ac207fb5b.glb,by,CC-BY-4.0,Creative Commons Attribution 4.0 International,https://creativecommons.org/licenses/by/4.0/,https://api.sketchfab.com/v3/models/18a277774cf74dd7ab4dac2ac207fb5b,true,"""New Model"" by MuratTurhan, via Sketchfab/Objaverse, licensed under Creative Commons Attribution 4.0 International.",2020-09-13T19:27:10.392366,reference_reject,source_anchor_not_human,3dscan;3dscanner,objaverse:adali,de87a4710df476daff01f2745087daf31bea4869aeb9ef1aba5d3ec9265d954c,,,0.0018560471847726,bad,0.950245440006256,good,Metadata manifest only. Obtain and use the asset under its listed source license and attribution requirements.
objaverse_1986f4d1de824e0eb302cdbbbf56b7bd,Objaverse,Sketchfab,1986f4d1de824e0eb302cdbbbf56b7bd,"Octopus in pipe, Bathers Bay.",Patrick Morrison,patrickmorrison,https://sketchfab.com/patrickmorrison,https://sketchfab.com/3d-models/1986f4d1de824e0eb302cdbbbf56b7bd,https://objaverse.allenai.org/,https://huggingface.co/datasets/allenai/objaverse/resolve/main/glbs/000-000/1986f4d1de824e0eb302cdbbbf56b7bd.glb,https://huggingface.co/datasets/allenai/objaverse/resolve/main/glbs/000-000/1986f4d1de824e0eb302cdbbbf56b7bd.glb,by,CC-BY-4.0,Creative Commons Attribution 4.0 International,https://creativecommons.org/licenses/by/4.0/,https://api.sketchfab.com/v3/models/1986f4d1de824e0eb302cdbbbf56b7bd,true,"""Octopus in pipe, Bathers Bay."" by Patrick Morrison, via Sketchfab/Objaverse, licensed under Creative Commons Attribution 4.0 International.",2021-03-28T08:23:42.834799,reference_reject,source_anchor_not_human,metashape;agisoft,objaverse:patrickmorrison,ab9aaa7fdd140676330545fdc0c66cd4a98297b2f7eccee2fc2c3aaf7187ff91,metashape|agisoft,animals-pets|nature-plants,0.0013144654081639,bad,0.999864101409912,good,Metadata manifest only. Obtain and use the asset under its listed source license and attribution requirements.
objaverse_1afaaebeda87447f9b4cdda8042357a9,Objaverse,Sketchfab,1afaaebeda87447f9b4cdda8042357a9,Untitled Scan,Rafb77,Rafb77,https://sketchfab.com/Rafb77,https://sketchfab.com/3d-models/1afaaebeda87447f9b4cdda8042357a9,https://objaverse.allenai.org/,https://huggingface.co/datasets/allenai/objaverse/resolve/main/glbs/000-000/1afaaebeda87447f9b4cdda8042357a9.glb,https://huggingface.co/datasets/allenai/objaverse/resolve/main/glbs/000-000/1afaaebeda87447f9b4cdda8042357a9.glb,by,CC-BY-4.0,Creative Commons Attribution 4.0 International,https://creativecommons.org/licenses/by/4.0/,https://api.sketchfab.com/v3/models/1afaaebeda87447f9b4cdda8042357a9,true,"""Untitled Scan"" by Rafb77, via Sketchfab/Objaverse, licensed under Creative Commons Attribution 4.0 International.",2021-10-15T14:22:59.035119,reference_reject,source_anchor_not_human,3dscan;3dscanner,objaverse:Rafb77,16a54f7c25cd07772920e04a38817aea3b14e659101323bb7f5fa6bfec081f31,3dscannerapp,,0.0013133372807997,bad,0.7444899678230286,good,Metadata manifest only. Obtain and use the asset under its listed source license and attribution requirements.
objaverse_1b5378b435b246c094197cdf1b2801ee,Objaverse,Sketchfab,1b5378b435b246c094197cdf1b2801ee,Mediospirifer audaculus,John Merck,jmerck,https://sketchfab.com/jmerck,https://sketchfab.com/3d-models/1b5378b435b246c094197cdf1b2801ee,https://objaverse.allenai.org/,https://huggingface.co/datasets/allenai/objaverse/resolve/main/glbs/000-000/1b5378b435b246c094197cdf1b2801ee.glb,https://huggingface.co/datasets/allenai/objaverse/resolve/main/glbs/000-000/1b5378b435b246c094197cdf1b2801ee.glb,by,CC-BY-4.0,Creative Commons Attribution 4.0 International,https://creativecommons.org/licenses/by/4.0/,https://api.sketchfab.com/v3/models/1b5378b435b246c094197cdf1b2801ee,true,"""Mediospirifer audaculus"" by John Merck, via Sketchfab/Objaverse, licensed under Creative Commons Attribution 4.0 International.",2020-08-12T19:58:27.813754,reference_reject,source_anchor_not_human,metashape;agisoft,objaverse:jmerck,4c701e900e69559f71cc7090dd1c87298cfc35ec33fcdcd40a7c887379e36c12,metashape|agisoft,nature-plants|science-technology,0.0013183686342901,bad,0.9978466033935548,good,Metadata manifest only. Obtain and use the asset under its listed source license and attribution requirements.
objaverse_1b5ae52c77524c57b15f4a4c6a546087,Objaverse,Sketchfab,1b5ae52c77524c57b15f4a4c6a546087,airsoft pistol test 1 - 3d scan,Eve Bat Studios,EveBatStudios,https://sketchfab.com/EveBatStudios,https://sketchfab.com/3d-models/1b5ae52c77524c57b15f4a4c6a546087,https://objaverse.allenai.org/,https://huggingface.co/datasets/allenai/objaverse/resolve/main/glbs/000-001/1b5ae52c77524c57b15f4a4c6a546087.glb,https://huggingface.co/datasets/allenai/objaverse/resolve/main/glbs/000-001/1b5ae52c77524c57b15f4a4c6a546087.glb,by,CC-BY-4.0,Creative Commons Attribution 4.0 International,https://creativecommons.org/licenses/by/4.0/,https://api.sketchfab.com/v3/models/1b5ae52c77524c57b15f4a4c6a546087,true,"""airsoft pistol test 1 - 3d scan"" by Eve Bat Studios, via Sketchfab/Objaverse, licensed under Creative Commons Attribution 4.0 International.",2016-11-02T15:24:32.934285,reference_reject,source_anchor_not_human,3dscan,objaverse:EveBatStudios,2d6c5ddad885fd50b05758cf1b7a2edc50765372aaa3586a089595d6250d8a99,handgun|airsoft|sig|pistol|bbgun|airsoft-gun|3dscan|gun|plastic,sports-fitness|weapons-military,0.9319919807264032,bad,0.7533894181251526,good,Metadata manifest only. Obtain and use the asset under its listed source license and attribution requirements.
objaverse_1c4dda175fd042a3a137e4071417f786,Objaverse,Sketchfab,1c4dda175fd042a3a137e4071417f786,Merimetso (Phalacrocorax carbo),Juha M,cosmical,https://sketchfab.com/cosmical,https://sketchfab.com/3d-models/1c4dda175fd042a3a137e4071417f786,https://objaverse.allenai.org/,https://huggingface.co/datasets/allenai/objaverse/resolve/main/glbs/000-000/1c4dda175fd042a3a137e4071417f786.glb,https://huggingface.co/datasets/allenai/objaverse/resolve/main/glbs/000-000/1c4dda175fd042a3a137e4071417f786.glb,by,CC-BY-4.0,Creative Commons Attribution 4.0 International,https://creativecommons.org/licenses/by/4.0/,https://api.sketchfab.com/v3/models/1c4dda175fd042a3a137e4071417f786,true,"""Merimetso (Phalacrocorax carbo)"" by Juha M, via Sketchfab/Objaverse, licensed under Creative Commons Attribution 4.0 International.",2019-11-22T13:39:35.791032,reference_reject,source_anchor_not_human,photogrammetry,objaverse:cosmical,b5a70fc672da9959d7a76ed44d5043f1f2d0d1490bc58d16746083b54f5e6282,university|sfm|zephyr|olympus|3dflow|oulu|photogrammetry|e-m10iii,,0.0015555299740909,bad,0.8944595456123352,good,Metadata manifest only. Obtain and use the asset under its listed source license and attribution requirements.
objaverse_1c830e5f5b184aa49b96e923e87817fd,Objaverse,Sketchfab,1c830e5f5b184aa49b96e923e87817fd,Stone,Reductio,Reductio,https://sketchfab.com/Reductio,https://sketchfab.com/3d-models/1c830e5f5b184aa49b96e923e87817fd,https://objaverse.allenai.org/,https://huggingface.co/datasets/allenai/objaverse/resolve/main/glbs/000-001/1c830e5f5b184aa49b96e923e87817fd.glb,https://huggingface.co/datasets/allenai/objaverse/resolve/main/glbs/000-001/1c830e5f5b184aa49b96e923e87817fd.glb,by,CC-BY-4.0,Creative Commons Attribution 4.0 International,https://creativecommons.org/licenses/by/4.0/,https://api.sketchfab.com/v3/models/1c830e5f5b184aa49b96e923e87817fd,true,"""Stone"" by Reductio, via Sketchfab/Objaverse, licensed under Creative Commons Attribution 4.0 International.",2017-10-11T19:24:36.608194,reference_reject,source_anchor_not_human,photogrammetry;agisoft,objaverse:Reductio,981112f9e3d1588c580f857af1d66ca95483aa042099a5eec7ed808ebcbe8baa,beach|nature|agisoft|photoscan|photogrammetry|stone,nature-plants,0.0588875191880799,bad,0.9998015761375428,good,Metadata manifest only. Obtain and use the asset under its listed source license and attribution requirements.
objaverse_1cb64934b582438b9f7e8ce1c512af2d,Objaverse,Sketchfab,1cb64934b582438b9f7e8ce1c512af2d,New Model,cnyanchu.ch.8,cnyanchu.ch.8,https://sketchfab.com/cnyanchu.ch.8,https://sketchfab.com/3d-models/1cb64934b582438b9f7e8ce1c512af2d,https://objaverse.allenai.org/,https://huggingface.co/datasets/allenai/objaverse/resolve/main/glbs/000-000/1cb64934b582438b9f7e8ce1c512af2d.glb,https://huggingface.co/datasets/allenai/objaverse/resolve/main/glbs/000-000/1cb64934b582438b9f7e8ce1c512af2d.glb,by,CC-BY-4.0,Creative Commons Attribution 4.0 International,https://creativecommons.org/licenses/by/4.0/,https://api.sketchfab.com/v3/models/1cb64934b582438b9f7e8ce1c512af2d,true,"""New Model"" by cnyanchu.ch.8, via Sketchfab/Objaverse, licensed under Creative Commons Attribution 4.0 International.",2021-01-30T05:02:41.578031,reference_reject,source_anchor_not_human,3dscan;3dscanner,objaverse:cnyanchu.ch.8,0ad14ba35fc128685799d6ba1108386b2b6ecfb7335939926c63289c193e44f4,3dscannerapp,,0.0013156753570984,bad,0.9996368885040284,good,Metadata manifest only. Obtain and use the asset under its listed source license and attribution requirements.
objaverse_1ccbf9a5a1b4432589ae517eeb9260f2,Objaverse,Sketchfab,1ccbf9a5a1b4432589ae517eeb9260f2,Day 32 - 4 garage doors.,smallfly,smallfly,https://sketchfab.com/smallfly,https://sketchfab.com/3d-models/1ccbf9a5a1b4432589ae517eeb9260f2,https://objaverse.allenai.org/,https://huggingface.co/datasets/allenai/objaverse/resolve/main/glbs/000-001/1ccbf9a5a1b4432589ae517eeb9260f2.glb,https://huggingface.co/datasets/allenai/objaverse/resolve/main/glbs/000-001/1ccbf9a5a1b4432589ae517eeb9260f2.glb,by-nc-sa,CC-BY-NC-SA-4.0,Creative Commons Attribution-NonCommercial-ShareAlike 4.0 International,https://creativecommons.org/licenses/by-nc-sa/4.0/,https://api.sketchfab.com/v3/models/1ccbf9a5a1b4432589ae517eeb9260f2,true,"""Day 32 - 4 garage doors."" by smallfly, via Sketchfab/Objaverse, licensed under Creative Commons Attribution-NonCommercial-ShareAlike 4.0 International.",2021-02-03T03:31:39.202631,reference_reject,source_anchor_not_human,3dscan;lidar,objaverse:smallfly,b9f1c267c4da7aad66eef72f87eb0dde6c9bfbedb579b447127c9b486ed4999e,lidar|graffiti|montreal|streetart|3dscan|iphone12pro|1scanaday,,0.0013141215819391,bad,0.9977197647094728,good,Metadata manifest only. Obtain and use the asset under its listed source license and attribution requirements.
objaverse_1db6e5c897f64a37a94152bbb2f1bf4e,Objaverse,Sketchfab,1db6e5c897f64a37a94152bbb2f1bf4e,House Graham,jacojonker1986,jacojonker1986,https://sketchfab.com/jacojonker1986,https://sketchfab.com/3d-models/1db6e5c897f64a37a94152bbb2f1bf4e,https://objaverse.allenai.org/,https://huggingface.co/datasets/allenai/objaverse/resolve/main/glbs/000-000/1db6e5c897f64a37a94152bbb2f1bf4e.glb,https://huggingface.co/datasets/allenai/objaverse/resolve/main/glbs/000-000/1db6e5c897f64a37a94152bbb2f1bf4e.glb,by,CC-BY-4.0,Creative Commons Attribution 4.0 International,https://creativecommons.org/licenses/by/4.0/,https://api.sketchfab.com/v3/models/1db6e5c897f64a37a94152bbb2f1bf4e,true,"""House Graham"" by jacojonker1986, via Sketchfab/Objaverse, licensed under Creative Commons Attribution 4.0 International.",2021-07-23T13:35:39.251121,reference_reject,source_anchor_not_human,3dscan;3dscanner,objaverse:jacojonker1986,1be88a807af8d712924ddafb1aa66b82bc27025c02998523d364c0a5f2f266ba,3dscannerapp,,0.0013133635427094,bad,0.9387563467025756,good,Metadata manifest only. Obtain and use the asset under its listed source license and attribution requirements.
objaverse_1e41f2ae4fc24d6a965fa38b2235b491,Objaverse,Sketchfab,1e41f2ae4fc24d6a965fa38b2235b491,Formella con leone e pecora,inglagana,inglagana,https://sketchfab.com/inglagana,https://sketchfab.com/3d-models/1e41f2ae4fc24d6a965fa38b2235b491,https://objaverse.allenai.org/,https://huggingface.co/datasets/allenai/objaverse/resolve/main/glbs/000-000/1e41f2ae4fc24d6a965fa38b2235b491.glb,https://huggingface.co/datasets/allenai/objaverse/resolve/main/glbs/000-000/1e41f2ae4fc24d6a965fa38b2235b491.glb,by,CC-BY-4.0,Creative Commons Attribution 4.0 International,https://creativecommons.org/licenses/by/4.0/,https://api.sketchfab.com/v3/models/1e41f2ae4fc24d6a965fa38b2235b491,true,"""Formella con leone e pecora"" by inglagana, via Sketchfab/Objaverse, licensed under Creative Commons Attribution 4.0 International.",2022-04-02T19:02:38.790277,reference_reject,source_anchor_not_human,lidar,objaverse:inglagana,bfc83244dfbd40a61bfd962571f973ab7fb72fda48bc42a8fe11898059b0115e,,architecture,0.0049281545189353,bad,0.9464451670646667,good,Metadata manifest only. Obtain and use the asset under its listed source license and attribution requirements.
objaverse_1ea9f5bbc53843df926182151b6b24f7,Objaverse,Sketchfab,1ea9f5bbc53843df926182151b6b24f7,Bear,animaxter,animaxter,https://sketchfab.com/animaxter,https://sketchfab.com/3d-models/1ea9f5bbc53843df926182151b6b24f7,https://objaverse.allenai.org/,https://huggingface.co/datasets/allenai/objaverse/resolve/main/glbs/000-000/1ea9f5bbc53843df926182151b6b24f7.glb,https://huggingface.co/datasets/allenai/objaverse/resolve/main/glbs/000-000/1ea9f5bbc53843df926182151b6b24f7.glb,by,CC-BY-4.0,Creative Commons Attribution 4.0 International,https://creativecommons.org/licenses/by/4.0/,https://api.sketchfab.com/v3/models/1ea9f5bbc53843df926182151b6b24f7,true,"""Bear"" by animaxter, via Sketchfab/Objaverse, licensed under Creative Commons Attribution 4.0 International.",2019-12-11T06:20:10.977727,reference_reject,source_anchor_not_human,photogrammetry;meshroom,objaverse:animaxter,64750572cc51eaff94087a80d186b4d59e0b203cb14a13b651bd6c4f3c2f640d,,,0.0013171918219828,bad,0.6844286322593689,good,Metadata manifest only. Obtain and use the asset under its listed source license and attribution requirements.
objaverse_1f23c05032164ab9b0c520ece4cf9a5a,Objaverse,Sketchfab,1f23c05032164ab9b0c520ece4cf9a5a,"International-Harvester Van (Nelson, NV)",Renafox,kryik1023,https://sketchfab.com/kryik1023,https://sketchfab.com/3d-models/1f23c05032164ab9b0c520ece4cf9a5a,https://objaverse.allenai.org/,https://huggingface.co/datasets/allenai/objaverse/resolve/main/glbs/000-000/1f23c05032164ab9b0c520ece4cf9a5a.glb,https://huggingface.co/datasets/allenai/objaverse/resolve/main/glbs/000-000/1f23c05032164ab9b0c520ece4cf9a5a.glb,by,CC-BY-4.0,Creative Commons Attribution 4.0 International,https://creativecommons.org/licenses/by/4.0/,https://api.sketchfab.com/v3/models/1f23c05032164ab9b0c520ece4cf9a5a,true,"""International-Harvester Van (Nelson, NV)"" by Renafox, via Sketchfab/Objaverse, licensed under Creative Commons Attribution 4.0 International.",2018-05-14T14:06:30.006114,reference_reject,source_anchor_not_human,photogrammetry;3dscan;agisoft,objaverse:kryik1023,3eaa9ca5ba225e0c3ee1609b80841619330334d0f1e7b38e4302581315b72c25,truck|van|vintage|retro|wreck|rusty|bus|derelict|photoscan|photogrammetry|vehicle|scan|3dscan|car|free,cars-vehicles,0.0013938750103983,bad,0.976395845413208,good,Metadata manifest only. Obtain and use the asset under its listed source license and attribution requirements.
objaverse_1f287cf20d824bceba323a2a16ee044d,Objaverse,Sketchfab,1f287cf20d824bceba323a2a16ee044d,Genio CBS Low Poly 3D Scan,trisutrisno,trisutrisno,https://sketchfab.com/trisutrisno,https://sketchfab.com/3d-models/1f287cf20d824bceba323a2a16ee044d,https://objaverse.allenai.org/,https://huggingface.co/datasets/allenai/objaverse/resolve/main/glbs/000-000/1f287cf20d824bceba323a2a16ee044d.glb,https://huggingface.co/datasets/allenai/objaverse/resolve/main/glbs/000-000/1f287cf20d824bceba323a2a16ee044d.glb,by,CC-BY-4.0,Creative Commons Attribution 4.0 International,https://creativecommons.org/licenses/by/4.0/,https://api.sketchfab.com/v3/models/1f287cf20d824bceba323a2a16ee044d,true,"""Genio CBS Low Poly 3D Scan"" by trisutrisno, via Sketchfab/Objaverse, licensed under Creative Commons Attribution 4.0 International.",2022-06-27T06:23:39.927682,reference_reject,source_anchor_not_human,3dscan,objaverse:trisutrisno,fa0b53cb7319aeaf0aa538a61b8cda3ed2ab6a9085677b7f9935ddc8a3d8b8c2,bike|motor|honda|scooter|genio|matic|cbs|vehicle|3dscan,,0.0013154907365247,bad,0.9997237920761108,good,Metadata manifest only. Obtain and use the asset under its listed source license and attribution requirements.
objaverse_1f5738cc214d4042be647f737f2fa575,Objaverse,Sketchfab,1f5738cc214d4042be647f737f2fa575,zinneke2,QuintenM,QuintenM,https://sketchfab.com/QuintenM,https://sketchfab.com/3d-models/1f5738cc214d4042be647f737f2fa575,https://objaverse.allenai.org/,https://huggingface.co/datasets/allenai/objaverse/resolve/main/glbs/000-001/1f5738cc214d4042be647f737f2fa575.glb,https://huggingface.co/datasets/allenai/objaverse/resolve/main/glbs/000-001/1f5738cc214d4042be647f737f2fa575.glb,by,CC-BY-4.0,Creative Commons Attribution 4.0 International,https://creativecommons.org/licenses/by/4.0/,https://api.sketchfab.com/v3/models/1f5738cc214d4042be647f737f2fa575,true,"""zinneke2"" by QuintenM, via Sketchfab/Objaverse, licensed under Creative Commons Attribution 4.0 International.",2022-04-10T13:22:49.807582,reference_reject,source_anchor_not_human,3dscan,objaverse:QuintenM,32d9e6646c728c9ff298f65063253ed550fcdb9749ff03e319fbfe5fa613e755,trnio|3dscan,,0.0013507581353944,bad,0.9989442825317384,good,Metadata manifest only. Obtain and use the asset under its listed source license and attribution requirements.
objaverse_1f9a6ef66ffb40cea2508d07dfaa53e0,Objaverse,Sketchfab,1f9a6ef66ffb40cea2508d07dfaa53e0,Traditional marble floor,roko,d08370628,https://sketchfab.com/d08370628,https://sketchfab.com/3d-models/1f9a6ef66ffb40cea2508d07dfaa53e0,https://objaverse.allenai.org/,https://huggingface.co/datasets/allenai/objaverse/resolve/main/glbs/000-001/1f9a6ef66ffb40cea2508d07dfaa53e0.glb,https://huggingface.co/datasets/allenai/objaverse/resolve/main/glbs/000-001/1f9a6ef66ffb40cea2508d07dfaa53e0.glb,by,CC-BY-4.0,Creative Commons Attribution 4.0 International,https://creativecommons.org/licenses/by/4.0/,https://api.sketchfab.com/v3/models/1f9a6ef66ffb40cea2508d07dfaa53e0,true,"""Traditional marble floor"" by roko, via Sketchfab/Objaverse, licensed under Creative Commons Attribution 4.0 International.",2021-09-19T15:10:56.047630,reference_reject,source_anchor_not_human,3dscan;meshroom,objaverse:d08370628,ab0d341e6202e0e49910c6efa9aada8ee91477ce6ca69fb6cc4fdbeceeb245b4,taiwan|textures|marble|traditional|alicevision|materials-and-textures|meshroom|3dscan,places-travel,0.0368542320001686,bad,0.0096126487478613,bad,Metadata manifest only. Obtain and use the asset under its listed source license and attribution requirements.
objaverse_1fe48d8c9f12406ba8af3daff6157690,Objaverse,Sketchfab,1fe48d8c9f12406ba8af3daff6157690,Boulder,Pete Hanshaw,phanshaw,https://sketchfab.com/phanshaw,https://sketchfab.com/3d-models/1fe48d8c9f12406ba8af3daff6157690,https://objaverse.allenai.org/,https://huggingface.co/datasets/allenai/objaverse/resolve/main/glbs/000-001/1fe48d8c9f12406ba8af3daff6157690.glb,https://huggingface.co/datasets/allenai/objaverse/resolve/main/glbs/000-001/1fe48d8c9f12406ba8af3daff6157690.glb,by,CC-BY-4.0,Creative Commons Attribution 4.0 International,https://creativecommons.org/licenses/by/4.0/,https://api.sketchfab.com/v3/models/1fe48d8c9f12406ba8af3daff6157690,true,"""Boulder"" by Pete Hanshaw, via Sketchfab/Objaverse, licensed under Creative Commons Attribution 4.0 International.",2017-04-07T02:15:57.441297,reference_reject,source_anchor_not_human,photogrammetry;agisoft,objaverse:phanshaw,0e364efbb13931c8d58aa52bb8782668176478a7bae70f2567d63af602bfe468,agisoft|photoscan,,0.0013133944858294,bad,0.9729400277137756,good,Metadata manifest only. Obtain and use the asset under its listed source license and attribution requirements.
objaverse_201405cb229d49e792baed6bc4702563,Objaverse,Sketchfab,201405cb229d49e792baed6bc4702563,France Streets 3D Scan: Door - Google Tango,mano1creative,mano1creative,https://sketchfab.com/mano1creative,https://sketchfab.com/3d-models/201405cb229d49e792baed6bc4702563,https://objaverse.allenai.org/,https://huggingface.co/datasets/allenai/objaverse/resolve/main/glbs/000-001/201405cb229d49e792baed6bc4702563.glb,https://huggingface.co/datasets/allenai/objaverse/resolve/main/glbs/000-001/201405cb229d49e792baed6bc4702563.glb,by,CC-BY-4.0,Creative Commons Attribution 4.0 International,https://creativecommons.org/licenses/by/4.0/,https://api.sketchfab.com/v3/models/201405cb229d49e792baed6bc4702563,true,"""France Streets 3D Scan: Door - Google Tango"" by mano1creative, via Sketchfab/Objaverse, licensed under Creative Commons Attribution 4.0 International.",2017-07-07T19:09:47.215158,reference_reject,source_anchor_not_human,3dscan,objaverse:mano1creative,f3846288e6f451de04f7e054a6f75e1af5af720f57de3c2fbfc7f828d5053d01,google|tango|tango-constructor|googletango|zenfonear|scan|3dscan|door,architecture|places-travel,0.0513691442812332,bad,0.8983123898506165,good,Metadata manifest only. Obtain and use the asset under its listed source license and attribution requirements.
objaverse_20a4d7537cb24b56aef8a47c61adf8c7,Objaverse,Sketchfab,20a4d7537cb24b56aef8a47c61adf8c7,Lóndrangar,gunnargrimsson,gunnargrimsson,https://sketchfab.com/gunnargrimsson,https://sketchfab.com/3d-models/20a4d7537cb24b56aef8a47c61adf8c7,https://objaverse.allenai.org/,https://huggingface.co/datasets/allenai/objaverse/resolve/main/glbs/000-001/20a4d7537cb24b56aef8a47c61adf8c7.glb,https://huggingface.co/datasets/allenai/objaverse/resolve/main/glbs/000-001/20a4d7537cb24b56aef8a47c61adf8c7.glb,by,CC-BY-4.0,Creative Commons Attribution 4.0 International,https://creativecommons.org/licenses/by/4.0/,https://api.sketchfab.com/v3/models/20a4d7537cb24b56aef8a47c61adf8c7,true,"""Lóndrangar"" by gunnargrimsson, via Sketchfab/Objaverse, licensed under Creative Commons Attribution 4.0 International.",2019-04-08T02:02:10.825583,reference_reject,source_anchor_not_human,realitycapture,objaverse:gunnargrimsson,962ca9c87dadab36f785ca17aa766713b1c0ae64985a5aef9c47e63e8e741b5a,iceland|snaefellsjokull|realitycapture|londrangar|svalthufa,cultural-heritage-history|nature-plants,0.0013177353027806,bad,0.9325356483459472,good,Metadata manifest only. Obtain and use the asset under its listed source license and attribution requirements.
objaverse_20d7f8a58e3d4d9ebf871bb7305f41b9,Objaverse,Sketchfab,20d7f8a58e3d4d9ebf871bb7305f41b9,San Francisco mural: Bird (Hayes Valley) - 3,Emm (Scenario),edemaistre,https://sketchfab.com/edemaistre,https://sketchfab.com/3d-models/20d7f8a58e3d4d9ebf871bb7305f41b9,https://objaverse.allenai.org/,https://huggingface.co/datasets/allenai/objaverse/resolve/main/glbs/000-001/20d7f8a58e3d4d9ebf871bb7305f41b9.glb,https://huggingface.co/datasets/allenai/objaverse/resolve/main/glbs/000-001/20d7f8a58e3d4d9ebf871bb7305f41b9.glb,by-nc-sa,CC-BY-NC-SA-4.0,Creative Commons Attribution-NonCommercial-ShareAlike 4.0 International,https://creativecommons.org/licenses/by-nc-sa/4.0/,https://api.sketchfab.com/v3/models/20d7f8a58e3d4d9ebf871bb7305f41b9,true,"""San Francisco mural: Bird (Hayes Valley) - 3"" by Emm (Scenario), via Sketchfab/Objaverse, licensed under Creative Commons Attribution-NonCommercial-ShareAlike 4.0 International.",2022-07-04T18:10:45.785020,reference_reject,source_anchor_not_human,3dscan,objaverse:edemaistre,e0ce97b1069b9f37821b8a18d4d5ff8236bce9cd1c516bfa6d597af18f01a11f,iphone|3dscanning|sanfrancisco|mural|scaniverse,art-abstract|places-travel,0.0013286455074914,bad,0.985856831073761,good,Metadata manifest only. Obtain and use the asset under its listed source license and attribution requirements.
objaverse_20f73c9a54ed4aeb85472e082902ea57,Objaverse,Sketchfab,20f73c9a54ed4aeb85472e082902ea57,Regions Bank Building,johnnokomis,johnnokomis,https://sketchfab.com/johnnokomis,https://sketchfab.com/3d-models/20f73c9a54ed4aeb85472e082902ea57,https://objaverse.allenai.org/,https://huggingface.co/datasets/allenai/objaverse/resolve/main/glbs/000-001/20f73c9a54ed4aeb85472e082902ea57.glb,https://huggingface.co/datasets/allenai/objaverse/resolve/main/glbs/000-001/20f73c9a54ed4aeb85472e082902ea57.glb,by,CC-BY-4.0,Creative Commons Attribution 4.0 International,https://creativecommons.org/licenses/by/4.0/,https://api.sketchfab.com/v3/models/20f73c9a54ed4aeb85472e082902ea57,true,"""Regions Bank Building"" by johnnokomis, via Sketchfab/Objaverse, licensed under Creative Commons Attribution 4.0 International.",2022-08-31T02:20:05.834825,reference_reject,source_anchor_not_human,metashape;agisoft,objaverse:johnnokomis,78f6564dd533dcd2e9fbbb31eb1f7c4cfb3225a9e4ea68bc22c9ef59913d33c5,skyscraper|cityscene|bank|regions|downtown|metashape|agisoft|city|building,architecture|places-travel,0.0013137854258046,bad,0.9999970197677612,good,Metadata manifest only. Obtain and use the asset under its listed source license and attribution requirements.
objaverse_2106964485dd4f0fb739893b7fe13382,Objaverse,Sketchfab,2106964485dd4f0fb739893b7fe13382,Fountain Pillar,vincurek.f,vincurek.f,https://sketchfab.com/vincurek.f,https://sketchfab.com/3d-models/2106964485dd4f0fb739893b7fe13382,https://objaverse.allenai.org/,https://huggingface.co/datasets/allenai/objaverse/resolve/main/glbs/000-000/2106964485dd4f0fb739893b7fe13382.glb,https://huggingface.co/datasets/allenai/objaverse/resolve/main/glbs/000-000/2106964485dd4f0fb739893b7fe13382.glb,by,CC-BY-4.0,Creative Commons Attribution 4.0 International,https://creativecommons.org/licenses/by/4.0/,https://api.sketchfab.com/v3/models/2106964485dd4f0fb739893b7fe13382,true,"""Fountain Pillar"" by vincurek.f, via Sketchfab/Objaverse, licensed under Creative Commons Attribution 4.0 International.",2019-05-26T09:21:32.924123,reference_reject,source_anchor_not_human,meshroom,objaverse:vincurek.f,c2bee4cba1721e2cbe6f65185c4e0f09585053dff5fac0a48198114beddc87c5,pillar|raw-scan|meshroom,architecture|art-abstract,0.0013151625970457,bad,0.947974443435669,good,Metadata manifest only. Obtain and use the asset under its listed source license and attribution requirements.
objaverse_213e4092e04a490ba54551c5f8b58849,Objaverse,Sketchfab,213e4092e04a490ba54551c5f8b58849,Studio hybrids jury setup,enrico.pavone1995,enrico.pavone1995,https://sketchfab.com/enrico.pavone1995,https://sketchfab.com/3d-models/213e4092e04a490ba54551c5f8b58849,https://objaverse.allenai.org/,https://huggingface.co/datasets/allenai/objaverse/resolve/main/glbs/000-000/213e4092e04a490ba54551c5f8b58849.glb,https://huggingface.co/datasets/allenai/objaverse/resolve/main/glbs/000-000/213e4092e04a490ba54551c5f8b58849.glb,by,CC-BY-4.0,Creative Commons Attribution 4.0 International,https://creativecommons.org/licenses/by/4.0/,https://api.sketchfab.com/v3/models/213e4092e04a490ba54551c5f8b58849,true,"""Studio hybrids jury setup"" by enrico.pavone1995, via Sketchfab/Objaverse, licensed under Creative Commons Attribution 4.0 International.",2022-01-14T08:35:01.272028,reference_reject,source_anchor_not_human,3dscan;3dscanner,objaverse:enrico.pavone1995,42c845c529254c6d633029620b6837497627b5c4624fb014a8833269dc82f2fd,3dscannerapp,,0.0040933731845194,bad,0.9825433492660522,good,Metadata manifest only. Obtain and use the asset under its listed source license and attribution requirements.
objaverse_215ef3f9819440049da827b1dd11f8bd,Objaverse,Sketchfab,215ef3f9819440049da827b1dd11f8bd,Woonkamer,jelmerterp,jelmerterp,https://sketchfab.com/jelmerterp,https://sketchfab.com/3d-models/215ef3f9819440049da827b1dd11f8bd,https://objaverse.allenai.org/,https://huggingface.co/datasets/allenai/objaverse/resolve/main/glbs/000-000/215ef3f9819440049da827b1dd11f8bd.glb,https://huggingface.co/datasets/allenai/objaverse/resolve/main/glbs/000-000/215ef3f9819440049da827b1dd11f8bd.glb,by,CC-BY-4.0,Creative Commons Attribution 4.0 International,https://creativecommons.org/licenses/by/4.0/,https://api.sketchfab.com/v3/models/215ef3f9819440049da827b1dd11f8bd,true,"""Woonkamer"" by jelmerterp, via Sketchfab/Objaverse, licensed under Creative Commons Attribution 4.0 International.",2021-04-22T15:06:03.799097,reference_reject,source_anchor_not_human,3dscan;3dscanner,objaverse:jelmerterp,078c9e527e14346cdff294de301337094e21deeb5e40e0adc9bb98e0398c8239,3dscannerapp,,0.0013133453593152,bad,0.9966433048248292,good,Metadata manifest only. Obtain and use the asset under its listed source license and attribution requirements.
objaverse_2235d49e96844d079571ecd0467df765,Objaverse,Sketchfab,2235d49e96844d079571ecd0467df765,Kiwi (3D Scan),tanophotogrammetry,tanophotogrammetry,https://sketchfab.com/tanophotogrammetry,https://sketchfab.com/3d-models/2235d49e96844d079571ecd0467df765,https://objaverse.allenai.org/,https://huggingface.co/datasets/allenai/objaverse/resolve/main/glbs/000-001/2235d49e96844d079571ecd0467df765.glb,https://huggingface.co/datasets/allenai/objaverse/resolve/main/glbs/000-001/2235d49e96844d079571ecd0467df765.glb,by,CC-BY-4.0,Creative Commons Attribution 4.0 International,https://creativecommons.org/licenses/by/4.0/,https://api.sketchfab.com/v3/models/2235d49e96844d079571ecd0467df765,true,"""Kiwi (3D Scan)"" by tanophotogrammetry, via Sketchfab/Objaverse, licensed under Creative Commons Attribution 4.0 International.",2021-01-28T13:52:52.064838,reference_reject,source_anchor_not_human,photogrammetry;metashape;agisoft,objaverse:tanophotogrammetry,39d4b71c339ef6bfd95e441e40e6c2b627d0352f9637eaf7af7489594f6a3a6c,fruits|kiwi|metashape|agisoft|photogrammetry,food-drink|nature-plants,0.0013142466322593,bad,0.8688790798187256,good,Metadata manifest only. Obtain and use the asset under its listed source license and attribution requirements.
objaverse_229f7f58614241dcb9fe1a9ce63913cd,Objaverse,Sketchfab,229f7f58614241dcb9fe1a9ce63913cd,fadigan-tree-disp,msokoljr,msokoljr,https://sketchfab.com/msokoljr,https://sketchfab.com/3d-models/229f7f58614241dcb9fe1a9ce63913cd,https://objaverse.allenai.org/,https://huggingface.co/datasets/allenai/objaverse/resolve/main/glbs/000-000/229f7f58614241dcb9fe1a9ce63913cd.glb,https://huggingface.co/datasets/allenai/objaverse/resolve/main/glbs/000-000/229f7f58614241dcb9fe1a9ce63913cd.glb,by,CC-BY-4.0,Creative Commons Attribution 4.0 International,https://creativecommons.org/licenses/by/4.0/,https://api.sketchfab.com/v3/models/229f7f58614241dcb9fe1a9ce63913cd,true,"""fadigan-tree-disp"" by msokoljr, via Sketchfab/Objaverse, licensed under Creative Commons Attribution 4.0 International.",2022-02-07T17:11:03.857552,reference_reject,source_anchor_not_human,3dscan;3dscanner,objaverse:msokoljr,9df486cdf9c9af0a0c77168560d9198219e96340b4c9ded1843310f1fb728e2d,3dscannerapp,,0.0013133694445563,bad,0.3209566175937652,bad,Metadata manifest only. Obtain and use the asset under its listed source license and attribution requirements.
objaverse_2462a9410d144a32bbecba104cf66620,Objaverse,Sketchfab,2462a9410d144a32bbecba104cf66620,Historical Pottery (CUDAP_6_21),Castleton University Digital Archaeology Project,CUDAP,https://sketchfab.com/CUDAP,https://sketchfab.com/3d-models/2462a9410d144a32bbecba104cf66620,https://objaverse.allenai.org/,https://huggingface.co/datasets/allenai/objaverse/resolve/main/glbs/000-001/2462a9410d144a32bbecba104cf66620.glb,https://huggingface.co/datasets/allenai/objaverse/resolve/main/glbs/000-001/2462a9410d144a32bbecba104cf66620.glb,by,CC-BY-4.0,Creative Commons Attribution 4.0 International,https://creativecommons.org/licenses/by/4.0/,https://api.sketchfab.com/v3/models/2462a9410d144a32bbecba104cf66620,true,"""Historical Pottery (CUDAP_6_21)"" by Castleton University Digital Archaeology Project, via Sketchfab/Objaverse, licensed under Creative Commons Attribution 4.0 International.",2021-01-12T17:39:28.824852,reference_reject,source_anchor_not_human,3d scanner,objaverse:CUDAP,b63bb40a49285f1e596d4e770dfd6b9345e6d3f09d79a4716e6e8103f8d233d0,pottery|artifact|vermont|historical-archaeology|potsherd|archaeology,cultural-heritage-history,0.0020981938168872,bad,0.7533894181251526,good,Metadata manifest only. Obtain and use the asset under its listed source license and attribution requirements.
objaverse_2530da77ab5644bf8e8cf8f2869bf035,Objaverse,Sketchfab,2530da77ab5644bf8e8cf8f2869bf035,Mud and Gross Stuff,40206,40206,https://sketchfab.com/40206,https://sketchfab.com/3d-models/2530da77ab5644bf8e8cf8f2869bf035,https://objaverse.allenai.org/,https://huggingface.co/datasets/allenai/objaverse/resolve/main/glbs/000-000/2530da77ab5644bf8e8cf8f2869bf035.glb,https://huggingface.co/datasets/allenai/objaverse/resolve/main/glbs/000-000/2530da77ab5644bf8e8cf8f2869bf035.glb,by,CC-BY-4.0,Creative Commons Attribution 4.0 International,https://creativecommons.org/licenses/by/4.0/,https://api.sketchfab.com/v3/models/2530da77ab5644bf8e8cf8f2869bf035,true,"""Mud and Gross Stuff"" by 40206, via Sketchfab/Objaverse, licensed under Creative Commons Attribution 4.0 International.",2022-03-11T02:08:09.422007,reference_reject,source_anchor_not_human,3dscan;3dscanner,objaverse:40206,c9c7a7f0ef9852a25bbcf263d4ccf6dcfc9217dcebf8db0535026f628b82e3ee,3dscannerapp,,0.0013161838701236,bad,0.9998914003372192,good,Metadata manifest only. Obtain and use the asset under its listed source license and attribution requirements.
objaverse_25ee94af2b16463795226380873163d6,Objaverse,Sketchfab,25ee94af2b16463795226380873163d6,Untitled Scan,marcos.felipe0805,marcos.felipe0805,https://sketchfab.com/marcos.felipe0805,https://sketchfab.com/3d-models/25ee94af2b16463795226380873163d6,https://objaverse.allenai.org/,https://huggingface.co/datasets/allenai/objaverse/resolve/main/glbs/000-001/25ee94af2b16463795226380873163d6.glb,https://huggingface.co/datasets/allenai/objaverse/resolve/main/glbs/000-001/25ee94af2b16463795226380873163d6.glb,by,CC-BY-4.0,Creative Commons Attribution 4.0 International,https://creativecommons.org/licenses/by/4.0/,https://api.sketchfab.com/v3/models/25ee94af2b16463795226380873163d6,true,"""Untitled Scan"" by marcos.felipe0805, via Sketchfab/Objaverse, licensed under Creative Commons Attribution 4.0 International.",2021-10-22T03:05:48.079331,reference_reject,source_anchor_not_human,3dscan;3dscanner,objaverse:marcos.felipe0805,b9935394d241feb7728dd418859c15610704820beb0d29bd54829e24459ad0a1,3dscannerapp,,0.0013134513730153,bad,0.9993988871574402,good,Metadata manifest only. Obtain and use the asset under its listed source license and attribution requirements.
objaverse_286226cef5044e76ba63f60b6f5701cb,Objaverse,Sketchfab,286226cef5044e76ba63f60b6f5701cb,succulent and cord,sammistrasser,sammistrasser,https://sketchfab.com/sammistrasser,https://sketchfab.com/3d-models/286226cef5044e76ba63f60b6f5701cb,https://objaverse.allenai.org/,https://huggingface.co/datasets/allenai/objaverse/resolve/main/glbs/000-001/286226cef5044e76ba63f60b6f5701cb.glb,https://huggingface.co/datasets/allenai/objaverse/resolve/main/glbs/000-001/286226cef5044e76ba63f60b6f5701cb.glb,by,CC-BY-4.0,Creative Commons Attribution 4.0 International,https://creativecommons.org/licenses/by/4.0/,https://api.sketchfab.com/v3/models/286226cef5044e76ba63f60b6f5701cb,true,"""succulent and cord"" by sammistrasser, via Sketchfab/Objaverse, licensed under Creative Commons Attribution 4.0 International.",2020-07-31T20:56:17.144836,reference_reject,source_anchor_not_human,3dscan,objaverse:sammistrasser,2b775260677a7a31e4bd597d4e86fc645c6a200a560e4604c6dbd6c324b40912,trnio|3dscan,,0.0013154496129437,bad,0.7221390604972839,good,Metadata manifest only. Obtain and use the asset under its listed source license and attribution requirements.
objaverse_287e7d002a5b478182ee6d5861f7be9f,Objaverse,Sketchfab,287e7d002a5b478182ee6d5861f7be9f,My Desk in Taolin,i013yamtli,i013yamtli,https://sketchfab.com/i013yamtli,https://sketchfab.com/3d-models/287e7d002a5b478182ee6d5861f7be9f,https://objaverse.allenai.org/,https://huggingface.co/datasets/allenai/objaverse/resolve/main/glbs/000-001/287e7d002a5b478182ee6d5861f7be9f.glb,https://huggingface.co/datasets/allenai/objaverse/resolve/main/glbs/000-001/287e7d002a5b478182ee6d5861f7be9f.glb,by,CC-BY-4.0,Creative Commons Attribution 4.0 International,https://creativecommons.org/licenses/by/4.0/,https://api.sketchfab.com/v3/models/287e7d002a5b478182ee6d5861f7be9f,true,"""My Desk in Taolin"" by i013yamtli, via Sketchfab/Objaverse, licensed under Creative Commons Attribution 4.0 International.",2021-07-09T05:22:49.694587,reference_reject,source_anchor_not_human,3dscan;3d scanner;3dscanner,objaverse:i013yamtli,f5ae64acc6ad06f30ea71e589f16cfd9729cb0d14caa8f2297a29483389ecca9,desk|scan|3dscannerapp,furniture-home|places-travel,0.0013133370691421,bad,0.9995261430740356,good,Metadata manifest only. Obtain and use the asset under its listed source license and attribution requirements.
objaverse_288e4214b8844399b6c56719e16ad9f9,Objaverse,Sketchfab,288e4214b8844399b6c56719e16ad9f9,Tinkinswood Chambered Cairn,Heritage Together,heritagetogether,https://sketchfab.com/heritagetogether,https://sketchfab.com/3d-models/288e4214b8844399b6c56719e16ad9f9,https://objaverse.allenai.org/,https://huggingface.co/datasets/allenai/objaverse/resolve/main/glbs/000-001/288e4214b8844399b6c56719e16ad9f9.glb,https://huggingface.co/datasets/allenai/objaverse/resolve/main/glbs/000-001/288e4214b8844399b6c56719e16ad9f9.glb,by-nc,CC-BY-NC-4.0,Creative Commons Attribution-NonCommercial 4.0 International,https://creativecommons.org/licenses/by-nc/4.0/,https://api.sketchfab.com/v3/models/288e4214b8844399b6c56719e16ad9f9,true,"""Tinkinswood Chambered Cairn"" by Heritage Together, via Sketchfab/Objaverse, licensed under Creative Commons Attribution-NonCommercial 4.0 International.",2021-11-24T22:04:21.241968,reference_reject,source_anchor_not_human,photogrammetry,objaverse:heritagetogether,0869e5906f740e9fd5d720ea708933bf2a134f3c099f0e264b77fca92a965338,heritage|wales|heritage-photogrammetry|archaeology,cultural-heritage-history,0.0676111113320745,bad,0.9719313383102416,good,Metadata manifest only. Obtain and use the asset under its listed source license and attribution requirements.
objaverse_289861b2e0384c18a4054287f065285a,Objaverse,Sketchfab,289861b2e0384c18a4054287f065285a,Kudļu pilskalns,Hillforts and ancient sites | hillforts.eu,hillforts,https://sketchfab.com/hillforts,https://sketchfab.com/3d-models/289861b2e0384c18a4054287f065285a,https://objaverse.allenai.org/,https://huggingface.co/datasets/allenai/objaverse/resolve/main/glbs/000-000/289861b2e0384c18a4054287f065285a.glb,https://huggingface.co/datasets/allenai/objaverse/resolve/main/glbs/000-000/289861b2e0384c18a4054287f065285a.glb,by,CC-BY-4.0,Creative Commons Attribution 4.0 International,https://creativecommons.org/licenses/by/4.0/,https://api.sketchfab.com/v3/models/289861b2e0384c18a4054287f065285a,true,"""Kudļu pilskalns"" by Hillforts and ancient sites | hillforts.eu, via Sketchfab/Objaverse, licensed under Creative Commons Attribution 4.0 International.",2020-01-04T11:11:59.522873,reference_reject,source_anchor_not_human,lidar,objaverse:hillforts,f9ced495cda949acd34b7558bf61b54452ffe688d3b09acea1b890fd765376a0,lidar|hillfort|hillforts|pilskalns|latgale,cultural-heritage-history|places-travel,0.0013133487873445,bad,0.9999065399169922,good,Metadata manifest only. Obtain and use the asset under its listed source license and attribution requirements.
objaverse_28bce2e8b2344896ab2a25e01616b338,Objaverse,Sketchfab,28bce2e8b2344896ab2a25e01616b338,Turkey Farm Upper - Lab 6 SOIL 466,Oregon State Crop and Soil Science Online,adamlindsley,https://sketchfab.com/adamlindsley,https://sketchfab.com/3d-models/28bce2e8b2344896ab2a25e01616b338,https://objaverse.allenai.org/,https://huggingface.co/datasets/allenai/objaverse/resolve/main/glbs/000-000/28bce2e8b2344896ab2a25e01616b338.glb,https://huggingface.co/datasets/allenai/objaverse/resolve/main/glbs/000-000/28bce2e8b2344896ab2a25e01616b338.glb,by,CC-BY-4.0,Creative Commons Attribution 4.0 International,https://creativecommons.org/licenses/by/4.0/,https://api.sketchfab.com/v3/models/28bce2e8b2344896ab2a25e01616b338,true,"""Turkey Farm Upper - Lab 6 SOIL 466"" by Oregon State Crop and Soil Science Online, via Sketchfab/Objaverse, licensed under Creative Commons Attribution 4.0 International.",2018-10-10T19:41:52.474457,reference_reject,source_anchor_not_human,agisoft,objaverse:adamlindsley,b71643f6812ba92c53ed3409b93560b0f4d811197880f752cebddfa82487585a,agisoft|photoscan,,0.0013133488799439,bad,0.7908838391304016,good,Metadata manifest only. Obtain and use the asset under its listed source license and attribution requirements.
objaverse_28e94c2158c94842ab8e7f86f4de78c7,Objaverse,Sketchfab,28e94c2158c94842ab8e7f86f4de78c7,Historic Barton Schoolhouse,Effective Technology Integration,eti,https://sketchfab.com/eti,https://sketchfab.com/3d-models/28e94c2158c94842ab8e7f86f4de78c7,https://objaverse.allenai.org/,https://huggingface.co/datasets/allenai/objaverse/resolve/main/glbs/000-001/28e94c2158c94842ab8e7f86f4de78c7.glb,https://huggingface.co/datasets/allenai/objaverse/resolve/main/glbs/000-001/28e94c2158c94842ab8e7f86f4de78c7.glb,by,CC-BY-4.0,Creative Commons Attribution 4.0 International,https://creativecommons.org/licenses/by/4.0/,https://api.sketchfab.com/v3/models/28e94c2158c94842ab8e7f86f4de78c7,true,"""Historic Barton Schoolhouse"" by Effective Technology Integration, via Sketchfab/Objaverse, licensed under Creative Commons Attribution 4.0 International.",2016-01-15T21:05:27.753618,reference_reject,source_anchor_not_human,agisoft,objaverse:eti,1afe53b0c834dff763ad4dce89dea5dee54f301beb70dfc83602ace1511f8f8b,agisoft|photoscan,architecture,0.0013133764826082,bad,0.7533894181251526,good,Metadata manifest only. Obtain and use the asset under its listed source license and attribution requirements.
objaverse_2c844374ab3f4f179d12acd858d092ca,Objaverse,Sketchfab,2c844374ab3f4f179d12acd858d092ca,Peung Tbal bas relief bassin,Nicolas.Josso,Nicolas.Josso,https://sketchfab.com/Nicolas.Josso,https://sketchfab.com/3d-models/2c844374ab3f4f179d12acd858d092ca,https://objaverse.allenai.org/,https://huggingface.co/datasets/allenai/objaverse/resolve/main/glbs/000-000/2c844374ab3f4f179d12acd858d092ca.glb,https://huggingface.co/datasets/allenai/objaverse/resolve/main/glbs/000-000/2c844374ab3f4f179d12acd858d092ca.glb,by,CC-BY-4.0,Creative Commons Attribution 4.0 International,https://creativecommons.org/licenses/by/4.0/,https://api.sketchfab.com/v3/models/2c844374ab3f4f179d12acd858d092ca,true,"""Peung Tbal bas relief bassin"" by Nicolas.Josso, via Sketchfab/Objaverse, licensed under Creative Commons Attribution 4.0 International.",2021-03-05T08:48:27.821933,reference_reject,source_anchor_not_human,metashape;agisoft,objaverse:Nicolas.Josso,799d349cce74430fb76bbdb17e66ae40608417f09d7274144878554404fa84d6,metashape|agisoft,,0.0082183762029974,bad,0.97682785987854,good,Metadata manifest only. Obtain and use the asset under its listed source license and attribution requirements.
objaverse_2d4cce6565d443669839f8f80e5cfbcf,Objaverse,Sketchfab,2d4cce6565d443669839f8f80e5cfbcf,Luna,PhotoBoi,PhotoBoi,https://sketchfab.com/PhotoBoi,https://sketchfab.com/3d-models/2d4cce6565d443669839f8f80e5cfbcf,https://objaverse.allenai.org/,https://huggingface.co/datasets/allenai/objaverse/resolve/main/glbs/000-001/2d4cce6565d443669839f8f80e5cfbcf.glb,https://huggingface.co/datasets/allenai/objaverse/resolve/main/glbs/000-001/2d4cce6565d443669839f8f80e5cfbcf.glb,by,CC-BY-4.0,Creative Commons Attribution 4.0 International,https://creativecommons.org/licenses/by/4.0/,https://api.sketchfab.com/v3/models/2d4cce6565d443669839f8f80e5cfbcf,true,"""Luna"" by PhotoBoi, via Sketchfab/Objaverse, licensed under Creative Commons Attribution 4.0 International.",2018-05-28T08:05:49.912949,reference_reject,source_anchor_not_human,agisoft,objaverse:PhotoBoi,1eb61929124ca7aca1507d7a0918a73977728be23ee011f9dd602bbf940ddb46,agisoft|photoscan,,0.0013133876960866,bad,0.7533894181251526,good,Metadata manifest only. Obtain and use the asset under its listed source license and attribution requirements.
objaverse_2e546b2c6a4c4e698fa203c7302ea3a6,Objaverse,Sketchfab,2e546b2c6a4c4e698fa203c7302ea3a6,Red onion,Lassi Kaukonen,thesidekick,https://sketchfab.com/thesidekick,https://sketchfab.com/3d-models/2e546b2c6a4c4e698fa203c7302ea3a6,https://objaverse.allenai.org/,https://huggingface.co/datasets/allenai/objaverse/resolve/main/glbs/000-000/2e546b2c6a4c4e698fa203c7302ea3a6.glb,https://huggingface.co/datasets/allenai/objaverse/resolve/main/glbs/000-000/2e546b2c6a4c4e698fa203c7302ea3a6.glb,by,CC-BY-4.0,Creative Commons Attribution 4.0 International,https://creativecommons.org/licenses/by/4.0/,https://api.sketchfab.com/v3/models/2e546b2c6a4c4e698fa203c7302ea3a6,true,"""Red onion"" by Lassi Kaukonen, via Sketchfab/Objaverse, licensed under Creative Commons Attribution 4.0 International.",2022-01-08T10:14:37.157582,reference_reject,source_anchor_not_human,photogrammetry;3dscan;metashape,objaverse:thesidekick,0e50506dbb1472b4732c4b350332feefb1fb08fc4a874194bcc1f8acb610b46a,onion|vegetable|vegetables|onions|photogrammetry|3dscan|red-onion,food-drink|nature-plants,0.8499880636314394,bad,0.950015127658844,good,Metadata manifest only. Obtain and use the asset under its listed source license and attribution requirements.
objaverse_2e8b1c85da7043d49f56c7206479c847,Objaverse,Sketchfab,2e8b1c85da7043d49f56c7206479c847,Untitled Scan,Ryo Suzuki,ryosuzuki,https://sketchfab.com/ryosuzuki,https://sketchfab.com/3d-models/2e8b1c85da7043d49f56c7206479c847,https://objaverse.allenai.org/,https://huggingface.co/datasets/allenai/objaverse/resolve/main/glbs/000-001/2e8b1c85da7043d49f56c7206479c847.glb,https://huggingface.co/datasets/allenai/objaverse/resolve/main/glbs/000-001/2e8b1c85da7043d49f56c7206479c847.glb,by,CC-BY-4.0,Creative Commons Attribution 4.0 International,https://creativecommons.org/licenses/by/4.0/,https://api.sketchfab.com/v3/models/2e8b1c85da7043d49f56c7206479c847,true,"""Untitled Scan"" by Ryo Suzuki, via Sketchfab/Objaverse, licensed under Creative Commons Attribution 4.0 International.",2021-06-08T02:56:51.120885,reference_reject,source_anchor_not_human,3dscan;3dscanner,objaverse:ryosuzuki,6110c7d243fc17b37490354b7f146edc1099a69b477413b3727fd63c549f98be,3dscannerapp,,0.0013195325668059,bad,0.9994467496871948,good,Metadata manifest only. Obtain and use the asset under its listed source license and attribution requirements.
objaverse_2e8c9a29ba374a72af8314fad0355011,Objaverse,Sketchfab,2e8c9a29ba374a72af8314fad0355011,Juvenille mammoth ulna,Fossils in Shropshire,Fossils_in_Shropshire,https://sketchfab.com/Fossils_in_Shropshire,https://sketchfab.com/3d-models/2e8c9a29ba374a72af8314fad0355011,https://objaverse.allenai.org/,https://huggingface.co/datasets/allenai/objaverse/resolve/main/glbs/000-000/2e8c9a29ba374a72af8314fad0355011.glb,https://huggingface.co/datasets/allenai/objaverse/resolve/main/glbs/000-000/2e8c9a29ba374a72af8314fad0355011.glb,by-nc,CC-BY-NC-4.0,Creative Commons Attribution-NonCommercial 4.0 International,https://creativecommons.org/licenses/by-nc/4.0/,https://api.sketchfab.com/v3/models/2e8c9a29ba374a72af8314fad0355011,true,"""Juvenille mammoth ulna"" by Fossils in Shropshire, via Sketchfab/Objaverse, licensed under Creative Commons Attribution-NonCommercial 4.0 International.",2017-09-29T17:11:41.485333,reference_reject,source_anchor_not_human,agisoft,objaverse:Fossils_in_Shropshire,8d7002e7aa09dc0bdc8db3c1dc62709388d00590bde4c85169ea72213597856e,canon|fossil|shropshire|3d-model|mammoth|ulna,cultural-heritage-history,0.0013594982289525,bad,0.7533894181251526,good,Metadata manifest only. Obtain and use the asset under its listed source license and attribution requirements.
objaverse_2f91224e8e1045fe9d28696f85d3b6b5,Objaverse,Sketchfab,2f91224e8e1045fe9d28696f85d3b6b5,"Sundial ""Zodiac"" in the Square them. Anna Herman",johankarpov,johankarpov,https://sketchfab.com/johankarpov,https://sketchfab.com/3d-models/2f91224e8e1045fe9d28696f85d3b6b5,https://objaverse.allenai.org/,https://huggingface.co/datasets/allenai/objaverse/resolve/main/glbs/000-000/2f91224e8e1045fe9d28696f85d3b6b5.glb,https://huggingface.co/datasets/allenai/objaverse/resolve/main/glbs/000-000/2f91224e8e1045fe9d28696f85d3b6b5.glb,by-nc-sa,CC-BY-NC-SA-4.0,Creative Commons Attribution-NonCommercial-ShareAlike 4.0 International,https://creativecommons.org/licenses/by-nc-sa/4.0/,https://api.sketchfab.com/v3/models/2f91224e8e1045fe9d28696f85d3b6b5,true,"""Sundial ""Zodiac"" in the Square them. Anna Herman"" by johankarpov, via Sketchfab/Objaverse, licensed under Creative Commons Attribution-NonCommercial-ShareAlike 4.0 International.",2017-11-03T22:50:36.962117,reference_reject,source_anchor_not_human,photogrammetry,objaverse:johankarpov,f929a7ceedea59f065ca9d730714d73b06f0a5d32097a89dc692f145911a6d01,sundial|zodiac|photogrammetry|test,architecture,0.9990434192216971,good,0.7662985324859619,good,Metadata manifest only. Obtain and use the asset under its listed source license and attribution requirements.
objaverse_3189bb396f8b4847afd3cb821dc4b919,Objaverse,Sketchfab,3189bb396f8b4847afd3cb821dc4b919,Rock Stone 15 .::RAWscan::.,Andrea Spognetta (Spogna),spogna,https://sketchfab.com/spogna,https://sketchfab.com/3d-models/3189bb396f8b4847afd3cb821dc4b919,https://objaverse.allenai.org/,https://huggingface.co/datasets/allenai/objaverse/resolve/main/glbs/000-000/3189bb396f8b4847afd3cb821dc4b919.glb,https://huggingface.co/datasets/allenai/objaverse/resolve/main/glbs/000-000/3189bb396f8b4847afd3cb821dc4b919.glb,by,CC-BY-4.0,Creative Commons Attribution 4.0 International,https://creativecommons.org/licenses/by/4.0/,https://api.sketchfab.com/v3/models/3189bb396f8b4847afd3cb821dc4b919,true,"""Rock Stone 15 .::RAWscan::."" by Andrea Spognetta (Spogna), via Sketchfab/Objaverse, licensed under Creative Commons Attribution 4.0 International.",2021-03-30T16:09:09.766991,reference_reject,source_anchor_not_human,photogrammetry,objaverse:spogna,5c88e006bdbd337f5ef1c5da3c427c473a3e6df9c14c6176ec63a36fbff4ac47,photogrammetry|low|poly|stone|rock,art-abstract|nature-plants,0.0013177428123261,bad,0.9985908269882202,good,Metadata manifest only. Obtain and use the asset under its listed source license and attribution requirements.
objaverse_31c1fcb1c20a4c329de358b40174b7c8,Objaverse,Sketchfab,31c1fcb1c20a4c329de358b40174b7c8,Causeway Arch,Univ. of Utah Geohazards,shmarch,https://sketchfab.com/shmarch,https://sketchfab.com/3d-models/31c1fcb1c20a4c329de358b40174b7c8,https://objaverse.allenai.org/,https://huggingface.co/datasets/allenai/objaverse/resolve/main/glbs/000-000/31c1fcb1c20a4c329de358b40174b7c8.glb,https://huggingface.co/datasets/allenai/objaverse/resolve/main/glbs/000-000/31c1fcb1c20a4c329de358b40174b7c8.glb,by-nc,CC-BY-NC-4.0,Creative Commons Attribution-NonCommercial 4.0 International,https://creativecommons.org/licenses/by-nc/4.0/,https://api.sketchfab.com/v3/models/31c1fcb1c20a4c329de358b40174b7c8,true,"""Causeway Arch"" by Univ. of Utah Geohazards, via Sketchfab/Objaverse, licensed under Creative Commons Attribution-NonCommercial 4.0 International.",2018-07-13T18:15:26.238523,reference_reject,source_anchor_not_human,photogrammetry,objaverse:shmarch,30c41f71b8f469a8d7d132e94729fa6677affda6014a6f6b76bc9ff428d39777,arch|utah|photogrammetry|rock,nature-plants|places-travel,0.0013133366539927,bad,0.7890023589134216,good,Metadata manifest only. Obtain and use the asset under its listed source license and attribution requirements.
objaverse_322fd9040ebb4b36930372136524fa88,Objaverse,Sketchfab,322fd9040ebb4b36930372136524fa88,Ohrschmuck,Badisches Landesmuseum,BadischesLandesmuseum,https://sketchfab.com/BadischesLandesmuseum,https://sketchfab.com/3d-models/322fd9040ebb4b36930372136524fa88,https://objaverse.allenai.org/,https://huggingface.co/datasets/allenai/objaverse/resolve/main/glbs/000-000/322fd9040ebb4b36930372136524fa88.glb,https://huggingface.co/datasets/allenai/objaverse/resolve/main/glbs/000-000/322fd9040ebb4b36930372136524fa88.glb,by-sa,CC-BY-SA-4.0,Creative Commons Attribution-ShareAlike 4.0 International,https://creativecommons.org/licenses/by-sa/4.0/,https://api.sketchfab.com/v3/models/322fd9040ebb4b36930372136524fa88,true,"""Ohrschmuck"" by Badisches Landesmuseum, via Sketchfab/Objaverse, licensed under Creative Commons Attribution-ShareAlike 4.0 International.",2021-09-21T10:35:06.354136,reference_reject,source_anchor_not_human,photogrammetry,objaverse:BadischesLandesmuseum,6988e5d21a6e62ec2ab9eb890853a789ab5eecb3caaa514e4fc767fec4b9d263,jewellery|jewelry|grave|germany|headdress|golden|photogrammetrie|baden|culturalheritage|prehistory|deutschland|schmuck|archaologie|iron-age|cultural-heritage|hallstatt|hallstatt-periode|hallstatt-period|hallstattzeit|photogrammetry|archaeology|archaeology-3dmodel-photogrammetry|prehistoric|gold|kulturerbe|kulturgut|urgeschichte|baden-wurttemberg|hugelgrab|grabfund|grave-find|hill-grave|kopfschmuck,cultural-heritage-history,0.9971477165674704,good,0.9999871253967284,good,Metadata manifest only. Obtain and use the asset under its listed source license and attribution requirements.
objaverse_32f24192dd3b4850814d9fbf1362cbc8,Objaverse,Sketchfab,32f24192dd3b4850814d9fbf1362cbc8,Concrete Angel ( Sweden House @Univercity),3DSCANFR (sdrn),3DSCANFR,https://sketchfab.com/3DSCANFR,https://sketchfab.com/3d-models/32f24192dd3b4850814d9fbf1362cbc8,https://objaverse.allenai.org/,https://huggingface.co/datasets/allenai/objaverse/resolve/main/glbs/000-000/32f24192dd3b4850814d9fbf1362cbc8.glb,https://huggingface.co/datasets/allenai/objaverse/resolve/main/glbs/000-000/32f24192dd3b4850814d9fbf1362cbc8.glb,by,CC-BY-4.0,Creative Commons Attribution 4.0 International,https://creativecommons.org/licenses/by/4.0/,https://api.sketchfab.com/v3/models/32f24192dd3b4850814d9fbf1362cbc8,true,"""Concrete Angel ( Sweden House @Univercity)"" by 3DSCANFR (sdrn), via Sketchfab/Objaverse, licensed under Creative Commons Attribution 4.0 International.",2019-05-05T10:34:02.964548,reference_reject,source_anchor_not_human,photogrammetry,objaverse:3DSCANFR,d795a002a57933c299c9f76f252c06193cc10750ef8b2121eb353e86af1d023d,france|paris|food|capture|reality|concrete|wings|angel|sweden|statue|adrien|capturing|photogrammetr|bavant|photoscan|photogrammetry|scan|sculpture,art-abstract|cultural-heritage-history,0.9987186095697516,good,0.947022020816803,good,Metadata manifest only. Obtain and use the asset under its listed source license and attribution requirements.
objaverse_3317f65d15e44964a455d939e3e46b0c,Objaverse,Sketchfab,3317f65d15e44964a455d939e3e46b0c,O2Air Ufficio Progettazione U4,Mirko.Scravaglieri,Mirko.Scravaglieri,https://sketchfab.com/Mirko.Scravaglieri,https://sketchfab.com/3d-models/3317f65d15e44964a455d939e3e46b0c,https://objaverse.allenai.org/,https://huggingface.co/datasets/allenai/objaverse/resolve/main/glbs/000-000/3317f65d15e44964a455d939e3e46b0c.glb,https://huggingface.co/datasets/allenai/objaverse/resolve/main/glbs/000-000/3317f65d15e44964a455d939e3e46b0c.glb,by,CC-BY-4.0,Creative Commons Attribution 4.0 International,https://creativecommons.org/licenses/by/4.0/,https://api.sketchfab.com/v3/models/3317f65d15e44964a455d939e3e46b0c,true,"""O2Air Ufficio Progettazione U4"" by Mirko.Scravaglieri, via Sketchfab/Objaverse, licensed under Creative Commons Attribution 4.0 International.",2021-03-04T11:30:34.548895,reference_reject,source_anchor_not_human,3dscan;3dscanner,objaverse:Mirko.Scravaglieri,b34936db83d52464e581e6a480614bf0d30f413f7f24bbb53540689a32aebe3f,3dscannerapp,,0.0013134545107475,bad,0.9973552227020264,good,Metadata manifest only. Obtain and use the asset under its listed source license and attribution requirements.
objaverse_33b123ce80e14ca8bdacbbdc7a0df90a,Objaverse,Sketchfab,33b123ce80e14ca8bdacbbdc7a0df90a,New Model,Xander.Li,Xander.Li,https://sketchfab.com/Xander.Li,https://sketchfab.com/3d-models/33b123ce80e14ca8bdacbbdc7a0df90a,https://objaverse.allenai.org/,https://huggingface.co/datasets/allenai/objaverse/resolve/main/glbs/000-001/33b123ce80e14ca8bdacbbdc7a0df90a.glb,https://huggingface.co/datasets/allenai/objaverse/resolve/main/glbs/000-001/33b123ce80e14ca8bdacbbdc7a0df90a.glb,by,CC-BY-4.0,Creative Commons Attribution 4.0 International,https://creativecommons.org/licenses/by/4.0/,https://api.sketchfab.com/v3/models/33b123ce80e14ca8bdacbbdc7a0df90a,true,"""New Model"" by Xander.Li, via Sketchfab/Objaverse, licensed under Creative Commons Attribution 4.0 International.",2020-08-21T21:15:19.380928,reference_reject,source_anchor_not_human,3dscan;3dscanner,objaverse:Xander.Li,a967bf59ccb4cb1eae65ad8928c8fb0121bb4c4b4de54fb52b7540c87930288d,,,0.1430849219679049,bad,0.968480944633484,good,Metadata manifest only. Obtain and use the asset under its listed source license and attribution requirements.
objaverse_3541ce51ba1c447db94625e9bc0c9e24,Objaverse,Sketchfab,3541ce51ba1c447db94625e9bc0c9e24,Black Abstract,Erroratten,erroratten,https://sketchfab.com/erroratten,https://sketchfab.com/3d-models/3541ce51ba1c447db94625e9bc0c9e24,https://objaverse.allenai.org/,https://huggingface.co/datasets/allenai/objaverse/resolve/main/glbs/000-001/3541ce51ba1c447db94625e9bc0c9e24.glb,https://huggingface.co/datasets/allenai/objaverse/resolve/main/glbs/000-001/3541ce51ba1c447db94625e9bc0c9e24.glb,by,CC-BY-4.0,Creative Commons Attribution 4.0 International,https://creativecommons.org/licenses/by/4.0/,https://api.sketchfab.com/v3/models/3541ce51ba1c447db94625e9bc0c9e24,true,"""Black Abstract"" by Erroratten, via Sketchfab/Objaverse, licensed under Creative Commons Attribution 4.0 International.",2022-01-31T02:16:45.773553,reference_reject,source_anchor_not_human,realitycapture,objaverse:erroratten,e6d0c39a6f77416af4b4953265f875ce4a2be7b7763c80b8a2ea509dc65b025f,scene|scanning|realistic|realitycapture|scan|stone|abstract|rock,art-abstract|nature-plants,0.1040941470257612,bad,0.385599821805954,bad,Metadata manifest only. Obtain and use the asset under its listed source license and attribution requirements.
objaverse_361220ece0344bfda9a63d377ecab931,Objaverse,Sketchfab,361220ece0344bfda9a63d377ecab931,its_Christmas_time,parthenios,parthenios,https://sketchfab.com/parthenios,https://sketchfab.com/3d-models/361220ece0344bfda9a63d377ecab931,https://objaverse.allenai.org/,https://huggingface.co/datasets/allenai/objaverse/resolve/main/glbs/000-000/361220ece0344bfda9a63d377ecab931.glb,https://huggingface.co/datasets/allenai/objaverse/resolve/main/glbs/000-000/361220ece0344bfda9a63d377ecab931.glb,by,CC-BY-4.0,Creative Commons Attribution 4.0 International,https://creativecommons.org/licenses/by/4.0/,https://api.sketchfab.com/v3/models/361220ece0344bfda9a63d377ecab931,true,"""its_Christmas_time"" by parthenios, via Sketchfab/Objaverse, licensed under Creative Commons Attribution 4.0 International.",2018-12-09T22:18:45.649393,reference_reject,source_anchor_not_human,realitycapture,objaverse:parthenios,2663f80fa0b04afc48ceed78ad33973e8699e92769f19a8f218f9fb3e7e80622,realitycapture,,0.0038845354289977,bad,0.7461036443710327,good,Metadata manifest only. Obtain and use the asset under its listed source license and attribution requirements.
objaverse_363f45343d69444f81298dcbfae71dc0,Objaverse,Sketchfab,363f45343d69444f81298dcbfae71dc0,Miraposa Alley,symension123,symension123,https://sketchfab.com/symension123,https://sketchfab.com/3d-models/363f45343d69444f81298dcbfae71dc0,https://objaverse.allenai.org/,https://huggingface.co/datasets/allenai/objaverse/resolve/main/glbs/000-001/363f45343d69444f81298dcbfae71dc0.glb,https://huggingface.co/datasets/allenai/objaverse/resolve/main/glbs/000-001/363f45343d69444f81298dcbfae71dc0.glb,by,CC-BY-4.0,Creative Commons Attribution 4.0 International,https://creativecommons.org/licenses/by/4.0/,https://api.sketchfab.com/v3/models/363f45343d69444f81298dcbfae71dc0,true,"""Miraposa Alley"" by symension123, via Sketchfab/Objaverse, licensed under Creative Commons Attribution 4.0 International.",2022-04-05T03:09:10.925617,reference_reject,source_anchor_not_human,photogrammetry;3dscan;metashape,objaverse:symension123,d24f50ae8d573d9d1d15358a3505bb9a4f2776d8a5d54466eca4964c4fceab21,alley|brickwall|pathway|metashape|photoscan|photogrammetry|art|3dscan,art-abstract|cultural-heritage-history,0.0013451384041277,bad,0.9357452392578124,good,Metadata manifest only. Obtain and use the asset under its listed source license and attribution requirements.
objaverse_366a8bfd2e704491a93e978976c67069,Objaverse,Sketchfab,366a8bfd2e704491a93e978976c67069,S50 Motoren,Pit.Mathias,Pit.Mathias,https://sketchfab.com/Pit.Mathias,https://sketchfab.com/3d-models/366a8bfd2e704491a93e978976c67069,https://objaverse.allenai.org/,https://huggingface.co/datasets/allenai/objaverse/resolve/main/glbs/000-001/366a8bfd2e704491a93e978976c67069.glb,https://huggingface.co/datasets/allenai/objaverse/resolve/main/glbs/000-001/366a8bfd2e704491a93e978976c67069.glb,by,CC-BY-4.0,Creative Commons Attribution 4.0 International,https://creativecommons.org/licenses/by/4.0/,https://api.sketchfab.com/v3/models/366a8bfd2e704491a93e978976c67069,true,"""S50 Motoren"" by Pit.Mathias, via Sketchfab/Objaverse, licensed under Creative Commons Attribution 4.0 International.",2021-06-23T06:52:27.972108,reference_reject,source_anchor_not_human,3dscan;3dscanner,objaverse:Pit.Mathias,f13144a70f8c257d2d0b9372bb4499d5241a25592cd0eb8b9e3569a300f1b735,3dscannerapp,,0.001313342059799,bad,0.9981270432472228,good,Metadata manifest only. Obtain and use the asset under its listed source license and attribution requirements.
objaverse_367de39fe40b4c4b927b2d36f25dbace,Objaverse,Sketchfab,367de39fe40b4c4b927b2d36f25dbace,Mossy Log Photogrammetry,William.MacLeod,William.MacLeod,https://sketchfab.com/William.MacLeod,https://sketchfab.com/3d-models/367de39fe40b4c4b927b2d36f25dbace,https://objaverse.allenai.org/,https://huggingface.co/datasets/allenai/objaverse/resolve/main/glbs/000-001/367de39fe40b4c4b927b2d36f25dbace.glb,https://huggingface.co/datasets/allenai/objaverse/resolve/main/glbs/000-001/367de39fe40b4c4b927b2d36f25dbace.glb,by,CC-BY-4.0,Creative Commons Attribution 4.0 International,https://creativecommons.org/licenses/by/4.0/,https://api.sketchfab.com/v3/models/367de39fe40b4c4b927b2d36f25dbace,true,"""Mossy Log Photogrammetry"" by William.MacLeod, via Sketchfab/Objaverse, licensed under Creative Commons Attribution 4.0 International.",2021-03-10T21:48:30.885012,reference_reject,source_anchor_not_human,photogrammetry,objaverse:William.MacLeod,863ab7ffdcb82f8da06be1e4ee15d33a8b740834e3258cc9e8e46dddb36838ee,vancouver,nature-plants,0.0013134752455766,bad,0.9868866801261902,good,Metadata manifest only. Obtain and use the asset under its listed source license and attribution requirements.
objaverse_36a78946cb034d36a7b1366048aebec8,Objaverse,Sketchfab,36a78946cb034d36a7b1366048aebec8,Untitled Scan,eryue0211,eryue0211,https://sketchfab.com/eryue0211,https://sketchfab.com/3d-models/36a78946cb034d36a7b1366048aebec8,https://objaverse.allenai.org/,https://huggingface.co/datasets/allenai/objaverse/resolve/main/glbs/000-001/36a78946cb034d36a7b1366048aebec8.glb,https://huggingface.co/datasets/allenai/objaverse/resolve/main/glbs/000-001/36a78946cb034d36a7b1366048aebec8.glb,by,CC-BY-4.0,Creative Commons Attribution 4.0 International,https://creativecommons.org/licenses/by/4.0/,https://api.sketchfab.com/v3/models/36a78946cb034d36a7b1366048aebec8,true,"""Untitled Scan"" by eryue0211, via Sketchfab/Objaverse, licensed under Creative Commons Attribution 4.0 International.",2021-06-18T09:25:01.472350,reference_reject,source_anchor_not_human,3dscan;3dscanner,objaverse:eryue0211,a8434e2559c3e0641e23d848ffee6bb80c10e82d13c233f1c63e7dd55196ebbf,3dscannerapp,,0.0013280205937297,bad,0.9996529221534728,good,Metadata manifest only. Obtain and use the asset under its listed source license and attribution requirements.
objaverse_36c582dae0594acdb0fa7daedd439561,Objaverse,Sketchfab,36c582dae0594acdb0fa7daedd439561,Sovutinske Iron Age Hillfort — pit No. 3 / 2020,Archaїc,simon.radchenko,https://sketchfab.com/simon.radchenko,https://sketchfab.com/3d-models/36c582dae0594acdb0fa7daedd439561,https://objaverse.allenai.org/,https://huggingface.co/datasets/allenai/objaverse/resolve/main/glbs/000-000/36c582dae0594acdb0fa7daedd439561.glb,https://huggingface.co/datasets/allenai/objaverse/resolve/main/glbs/000-000/36c582dae0594acdb0fa7daedd439561.glb,by,CC-BY-4.0,Creative Commons Attribution 4.0 International,https://creativecommons.org/licenses/by/4.0/,https://api.sketchfab.com/v3/models/36c582dae0594acdb0fa7daedd439561,true,"""Sovutinske Iron Age Hillfort — pit No. 3 / 2020"" by Archaїc, via Sketchfab/Objaverse, licensed under Creative Commons Attribution 4.0 International.",2021-03-29T14:01:54.284865,reference_reject,source_anchor_not_human,photogrammetry;metashape;agisoft,objaverse:simon.radchenko,1df9f4df125f2bc085d2556bdb09c48b40269c544e750f9244f650efb65ee182,metashape|agisoft,cultural-heritage-history,0.001313927324166,bad,0.9993916749954224,good,Metadata manifest only. Obtain and use the asset under its listed source license and attribution requirements.
objaverse_37888bcf450b4e55b17bf7384b7ea15a,Objaverse,Sketchfab,37888bcf450b4e55b17bf7384b7ea15a,Woman holding a comedy mask,Geoffrey Marchal,geoffreymarchal,https://sketchfab.com/geoffreymarchal,https://sketchfab.com/3d-models/37888bcf450b4e55b17bf7384b7ea15a,https://objaverse.allenai.org/,https://huggingface.co/datasets/allenai/objaverse/resolve/main/glbs/000-001/37888bcf450b4e55b17bf7384b7ea15a.glb,https://huggingface.co/datasets/allenai/objaverse/resolve/main/glbs/000-001/37888bcf450b4e55b17bf7384b7ea15a.glb,by-nc,CC-BY-NC-4.0,Creative Commons Attribution-NonCommercial 4.0 International,https://creativecommons.org/licenses/by-nc/4.0/,https://api.sketchfab.com/v3/models/37888bcf450b4e55b17bf7384b7ea15a,true,"""Woman holding a comedy mask"" by Geoffrey Marchal, via Sketchfab/Objaverse, licensed under Creative Commons Attribution-NonCommercial 4.0 International.",2018-04-25T20:34:02.168964,reference_reject,source_anchor_not_human,photogrammetry;3dscan,objaverse:geoffreymarchal,248e583920a4825a19110dd8ee269bb997ee646124b4fa65e86823768fa3f8bd,greek|theatre|figure|paint|comedy|religion|mythology|mask|woman|terracotta|muse|thalia|photogrammetry|3dscan,cultural-heritage-history,0.0172416793051212,bad,0.8352685570716858,good,Metadata manifest only. Obtain and use the asset under its listed source license and attribution requirements.
objaverse_37dd024ba1b247d790ef8f93ea0e8251,Objaverse,Sketchfab,37dd024ba1b247d790ef8f93ea0e8251,Quadcopter 3D Reconstruct Test,racerxdl,racerxdl,https://sketchfab.com/racerxdl,https://sketchfab.com/3d-models/37dd024ba1b247d790ef8f93ea0e8251,https://objaverse.allenai.org/,https://huggingface.co/datasets/allenai/objaverse/resolve/main/glbs/000-001/37dd024ba1b247d790ef8f93ea0e8251.glb,https://huggingface.co/datasets/allenai/objaverse/resolve/main/glbs/000-001/37dd024ba1b247d790ef8f93ea0e8251.glb,by,CC-BY-4.0,Creative Commons Attribution 4.0 International,https://creativecommons.org/licenses/by/4.0/,https://api.sketchfab.com/v3/models/37dd024ba1b247d790ef8f93ea0e8251,true,"""Quadcopter 3D Reconstruct Test"" by racerxdl, via Sketchfab/Objaverse, licensed under Creative Commons Attribution 4.0 International.",2014-07-21T19:50:24,reference_reject,source_anchor_not_human,photogrammetry,objaverse:racerxdl,b056d4b88fd645e82a3bfc99c4758f4685fe56ae0364c2b3a58c431fe1fa0537,alien|quadcopter|photogrammetry,electronics-gadgets,0.0013528925183988,bad,0.9478042721748352,good,Metadata manifest only. Obtain and use the asset under its listed source license and attribution requirements.
objaverse_38b1a9e2e2594faa8a584d25b7423737,Objaverse,Sketchfab,38b1a9e2e2594faa8a584d25b7423737,Garden Chair,ARtemis 3D,ARtemis3D,https://sketchfab.com/ARtemis3D,https://sketchfab.com/3d-models/38b1a9e2e2594faa8a584d25b7423737,https://objaverse.allenai.org/,https://huggingface.co/datasets/allenai/objaverse/resolve/main/glbs/000-001/38b1a9e2e2594faa8a584d25b7423737.glb,https://huggingface.co/datasets/allenai/objaverse/resolve/main/glbs/000-001/38b1a9e2e2594faa8a584d25b7423737.glb,by,CC-BY-4.0,Creative Commons Attribution 4.0 International,https://creativecommons.org/licenses/by/4.0/,https://api.sketchfab.com/v3/models/38b1a9e2e2594faa8a584d25b7423737,true,"""Garden Chair"" by ARtemis 3D, via Sketchfab/Objaverse, licensed under Creative Commons Attribution 4.0 International.",2021-06-29T23:29:26.345015,reference_reject,source_anchor_not_human,photogrammetry,objaverse:ARtemis3D,a96848b283207b784db149456a9ce5310c79019c854ad64572b13b9f4c01581e,garden|chairs|chair-furniture|garden-design|photogrammetry|chair|objectcapture|photogramtree,furniture-home,0.0032933122437892,bad,0.9996898770332336,good,Metadata manifest only. Obtain and use the asset under its listed source license and attribution requirements.
objaverse_3946dfd4fe1745ddb7033d826f836ee8,Objaverse,Sketchfab,3946dfd4fe1745ddb7033d826f836ee8,Muscovite,EDUROCK – EDUCATIONAL VIRTUAL ROCK COLLECTION,EDUROCK_AALTO,https://sketchfab.com/EDUROCK_AALTO,https://sketchfab.com/3d-models/3946dfd4fe1745ddb7033d826f836ee8,https://objaverse.allenai.org/,https://huggingface.co/datasets/allenai/objaverse/resolve/main/glbs/000-001/3946dfd4fe1745ddb7033d826f836ee8.glb,https://huggingface.co/datasets/allenai/objaverse/resolve/main/glbs/000-001/3946dfd4fe1745ddb7033d826f836ee8.glb,by,CC-BY-4.0,Creative Commons Attribution 4.0 International,https://creativecommons.org/licenses/by/4.0/,https://api.sketchfab.com/v3/models/3946dfd4fe1745ddb7033d826f836ee8,true,"""Muscovite"" by EDUROCK – EDUCATIONAL VIRTUAL ROCK COLLECTION, via Sketchfab/Objaverse, licensed under Creative Commons Attribution 4.0 International.",2019-08-19T09:43:54.724953,reference_reject,source_anchor_not_human,realitycapture,objaverse:EDUROCK_AALTO,4d7675f6e31ce2ef7df1742ed13a377d34d9f1d0a056f2e14da34d70384dd4c5,geology|minerals|realitycapture,nature-plants|science-technology,0.0013334766831566,bad,0.9989612102508544,good,Metadata manifest only. Obtain and use the asset under its listed source license and attribution requirements.
objaverse_395acacc077e48f8a76a2aae3b09f12f,Objaverse,Sketchfab,395acacc077e48f8a76a2aae3b09f12f,Christopher Polhem mechanical wooden modelTM1976,Fredrik Olsson,FredrikOlsson,https://sketchfab.com/FredrikOlsson,https://sketchfab.com/3d-models/395acacc077e48f8a76a2aae3b09f12f,https://objaverse.allenai.org/,https://huggingface.co/datasets/allenai/objaverse/resolve/main/glbs/000-001/395acacc077e48f8a76a2aae3b09f12f.glb,https://huggingface.co/datasets/allenai/objaverse/resolve/main/glbs/000-001/395acacc077e48f8a76a2aae3b09f12f.glb,by,CC-BY-4.0,Creative Commons Attribution 4.0 International,https://creativecommons.org/licenses/by/4.0/,https://api.sketchfab.com/v3/models/395acacc077e48f8a76a2aae3b09f12f,true,"""Christopher Polhem mechanical wooden modelTM1976"" by Fredrik Olsson, via Sketchfab/Objaverse, licensed under Creative Commons Attribution 4.0 International.",2017-05-13T17:35:31.034544,reference_reject,source_anchor_not_human,photogrammetry;realitycapture,objaverse:FredrikOlsson,2fd63c5422995b249aa73515ba686818fd668093f42e2d165d6ff900f3f1df82,mechanical|capturingreality|polhem|realitycapture|photogrammetry|model,cultural-heritage-history|science-technology,0.7304231541016608,bad,0.9585323929786682,good,Metadata manifest only. Obtain and use the asset under its listed source license and attribution requirements.
objaverse_3b7c2f6e2f164d18b6865953b2d88ef1,Objaverse,Sketchfab,3b7c2f6e2f164d18b6865953b2d88ef1,Ultraboost DNA 5.0,sonnycirasuolo,sonnycirasuolo,https://sketchfab.com/sonnycirasuolo,https://sketchfab.com/3d-models/3b7c2f6e2f164d18b6865953b2d88ef1,https://objaverse.allenai.org/,https://huggingface.co/datasets/allenai/objaverse/resolve/main/glbs/000-000/3b7c2f6e2f164d18b6865953b2d88ef1.glb,https://huggingface.co/datasets/allenai/objaverse/resolve/main/glbs/000-000/3b7c2f6e2f164d18b6865953b2d88ef1.glb,by,CC-BY-4.0,Creative Commons Attribution 4.0 International,https://creativecommons.org/licenses/by/4.0/,https://api.sketchfab.com/v3/models/3b7c2f6e2f164d18b6865953b2d88ef1,true,"""Ultraboost DNA 5.0"" by sonnycirasuolo, via Sketchfab/Objaverse, licensed under Creative Commons Attribution 4.0 International.",2021-09-02T15:05:26.284552,reference_reject,source_anchor_not_human,photogrammetry,objaverse:sonnycirasuolo,786d31782b9975b046fab42000807de697166931df38eec112ffcb5f62de4ae7,sneaker|ultraboost,fashion-style|sports-fitness,0.110565374424011,bad,0.9999943971633912,good,Metadata manifest only. Obtain and use the asset under its listed source license and attribution requirements.
objaverse_3c8a5e0dcaba49ba8b59d1d4f13e0adb,Objaverse,Sketchfab,3c8a5e0dcaba49ba8b59d1d4f13e0adb,Boyne Limestone #2,e.RocK,e.RocK,https://sketchfab.com/e.RocK,https://sketchfab.com/3d-models/3c8a5e0dcaba49ba8b59d1d4f13e0adb,https://objaverse.allenai.org/,https://huggingface.co/datasets/allenai/objaverse/resolve/main/glbs/000-001/3c8a5e0dcaba49ba8b59d1d4f13e0adb.glb,https://huggingface.co/datasets/allenai/objaverse/resolve/main/glbs/000-001/3c8a5e0dcaba49ba8b59d1d4f13e0adb.glb,by-nc,CC-BY-NC-4.0,Creative Commons Attribution-NonCommercial 4.0 International,https://creativecommons.org/licenses/by-nc/4.0/,https://api.sketchfab.com/v3/models/3c8a5e0dcaba49ba8b59d1d4f13e0adb,true,"""Boyne Limestone #2"" by e.RocK, via Sketchfab/Objaverse, licensed under Creative Commons Attribution-NonCommercial 4.0 International.",2018-02-14T13:12:07.299498,reference_reject,source_anchor_not_human,agisoft,objaverse:e.RocK,d0830edb5c5b8a250b85f1fc6d50d4c1495caa0a85028678f6bd60c5b06698c4,agisoft|photoscan,cultural-heritage-history|science-technology,0.0013138378119165,bad,0.8693506717681885,good,Metadata manifest only. Obtain and use the asset under its listed source license and attribution requirements.
objaverse_3c9de6318ef94b3d9eb57e84342f500c,Objaverse,Sketchfab,3c9de6318ef94b3d9eb57e84342f500c,Metropolis Maschinenmensch,SBCVL_UCSF,SBCVL_UCSF,https://sketchfab.com/SBCVL_UCSF,https://sketchfab.com/3d-models/3c9de6318ef94b3d9eb57e84342f500c,https://objaverse.allenai.org/,https://huggingface.co/datasets/allenai/objaverse/resolve/main/glbs/000-001/3c9de6318ef94b3d9eb57e84342f500c.glb,https://huggingface.co/datasets/allenai/objaverse/resolve/main/glbs/000-001/3c9de6318ef94b3d9eb57e84342f500c.glb,by-nc,CC-BY-NC-4.0,Creative Commons Attribution-NonCommercial 4.0 International,https://creativecommons.org/licenses/by-nc/4.0/,https://api.sketchfab.com/v3/models/3c9de6318ef94b3d9eb57e84342f500c,true,"""Metropolis Maschinenmensch"" by SBCVL_UCSF, via Sketchfab/Objaverse, licensed under Creative Commons Attribution-NonCommercial 4.0 International.",2018-08-12T09:12:21.291464,reference_reject,source_anchor_not_human,photogrammetry,objaverse:SBCVL_UCSF,6a800a9f297addac2b7258723c4c86138c854db708cb20668bcfc7c873588e63,film|clip|lang|metropolis|photogrammetry|robot,art-abstract|cultural-heritage-history,0.0155418212248858,bad,0.7533894181251526,good,Metadata manifest only. Obtain and use the asset under its listed source license and attribution requirements.
objaverse_3cc6538d106448babf3f455eaca9c34c,Objaverse,Sketchfab,3cc6538d106448babf3f455eaca9c34c,Máscara de Jaguar,Nico Olabarría,nico-olabarria,https://sketchfab.com/nico-olabarria,https://sketchfab.com/3d-models/3cc6538d106448babf3f455eaca9c34c,https://objaverse.allenai.org/,https://huggingface.co/datasets/allenai/objaverse/resolve/main/glbs/000-000/3cc6538d106448babf3f455eaca9c34c.glb,https://huggingface.co/datasets/allenai/objaverse/resolve/main/glbs/000-000/3cc6538d106448babf3f455eaca9c34c.glb,by,CC-BY-4.0,Creative Commons Attribution 4.0 International,https://creativecommons.org/licenses/by/4.0/,https://api.sketchfab.com/v3/models/3cc6538d106448babf3f455eaca9c34c,true,"""Máscara de Jaguar"" by Nico Olabarría, via Sketchfab/Objaverse, licensed under Creative Commons Attribution 4.0 International.",2021-07-14T16:36:49.947010,reference_reject,source_anchor_not_human,photogrammetry,objaverse:nico-olabarria,d194f2b078e61949f73f22a2613cec881b309f91eaccfb7db9542120ffb9b7c6,america|jaguar|mask|photogrammetry,characters-creatures|cultural-heritage-history,0.0016411176642273,bad,0.986531138420105,good,Metadata manifest only. Obtain and use the asset under its listed source license and attribution requirements.
objaverse_3ee27a063cfc4849b14b629e9f2e0648,Objaverse,Sketchfab,3ee27a063cfc4849b14b629e9f2e0648,Mad Max The Game #1 first attempt,Cannon Nose,androlimak,https://sketchfab.com/androlimak,https://sketchfab.com/3d-models/3ee27a063cfc4849b14b629e9f2e0648,https://objaverse.allenai.org/,https://huggingface.co/datasets/allenai/objaverse/resolve/main/glbs/000-000/3ee27a063cfc4849b14b629e9f2e0648.glb,https://huggingface.co/datasets/allenai/objaverse/resolve/main/glbs/000-000/3ee27a063cfc4849b14b629e9f2e0648.glb,by,CC-BY-4.0,Creative Commons Attribution 4.0 International,https://creativecommons.org/licenses/by/4.0/,https://api.sketchfab.com/v3/models/3ee27a063cfc4849b14b629e9f2e0648,true,"""Mad Max The Game #1 first attempt"" by Cannon Nose, via Sketchfab/Objaverse, licensed under Creative Commons Attribution 4.0 International.",2018-06-14T22:11:39.487400,reference_reject,source_anchor_not_human,photogrammetry,objaverse:androlimak,68a3d3ac232f140d15a472ab77a37448c8164ad12dd4e9c47f543643647b1894,interceptor|madmax|wastelands|madmaxthegame|3df-zephyr,cars-vehicles|characters-creatures,0.0013423298060944,bad,0.0580357238650321,bad,Metadata manifest only. Obtain and use the asset under its listed source license and attribution requirements.
objaverse_3f38c9e6671c4e57935c685ab300d739,Objaverse,Sketchfab,3f38c9e6671c4e57935c685ab300d739,PB108 Jerry Can Low,Makovetkyi Volodymyr,pbr-scans,https://sketchfab.com/pbr-scans,https://sketchfab.com/3d-models/3f38c9e6671c4e57935c685ab300d739,https://objaverse.allenai.org/,https://huggingface.co/datasets/allenai/objaverse/resolve/main/glbs/000-000/3f38c9e6671c4e57935c685ab300d739.glb,https://huggingface.co/datasets/allenai/objaverse/resolve/main/glbs/000-000/3f38c9e6671c4e57935c685ab300d739.glb,by,CC-BY-4.0,Creative Commons Attribution 4.0 International,https://creativecommons.org/licenses/by/4.0/,https://api.sketchfab.com/v3/models/3f38c9e6671c4e57935c685ab300d739,true,"""PB108 Jerry Can Low"" by Makovetkyi Volodymyr, via Sketchfab/Objaverse, licensed under Creative Commons Attribution 4.0 International.",2018-02-27T14:41:24.997731,reference_reject,source_anchor_not_human,realitycapture,objaverse:pbr-scans,c50f28a8130565511c14677165d540057ec533039d6564021779f026b6e03b0d,old|jerry-can|realitycapture|3d-coat|scan,furniture-home,0.9993449072668208,good,0.996619462966919,good,Metadata manifest only. Obtain and use the asset under its listed source license and attribution requirements.
objaverse_3fcdb8f736ff4635a92e34dab5a20696,Objaverse,Sketchfab,3fcdb8f736ff4635a92e34dab5a20696,"HBVR - Scan 3D n3 : Expo Zoo Art, Lyon (France)",David SEVE,hbvr,https://sketchfab.com/hbvr,https://sketchfab.com/3d-models/3fcdb8f736ff4635a92e34dab5a20696,https://objaverse.allenai.org/,https://huggingface.co/datasets/allenai/objaverse/resolve/main/glbs/000-001/3fcdb8f736ff4635a92e34dab5a20696.glb,https://huggingface.co/datasets/allenai/objaverse/resolve/main/glbs/000-001/3fcdb8f736ff4635a92e34dab5a20696.glb,by,CC-BY-4.0,Creative Commons Attribution 4.0 International,https://creativecommons.org/licenses/by/4.0/,https://api.sketchfab.com/v3/models/3fcdb8f736ff4635a92e34dab5a20696,true,"""HBVR - Scan 3D n3 : Expo Zoo Art, Lyon (France)"" by David SEVE, via Sketchfab/Objaverse, licensed under Creative Commons Attribution 4.0 International.",2021-08-01T09:52:31.668077,reference_reject,source_anchor_not_human,photogrammetry,objaverse:hbvr,d0db22216def6c47e7e3a61991d5579d854a9865fd65c3045733105017a47bb2,tag|underground|photorealistic|graffiti|realistic|streetart|photoscan|photogrammetry|gameasset,art-abstract,0.0016260603822526,bad,0.9985426068305968,good,Metadata manifest only. Obtain and use the asset under its listed source license and attribution requirements.
objaverse_3fdbfa9754024a9b9c5de33b6d15ae40,Objaverse,Sketchfab,3fdbfa9754024a9b9c5de33b6d15ae40,The Great Kiva at Casa Malpais,Chronos Digital LLC,douggann,https://sketchfab.com/douggann,https://sketchfab.com/3d-models/3fdbfa9754024a9b9c5de33b6d15ae40,https://objaverse.allenai.org/,https://huggingface.co/datasets/allenai/objaverse/resolve/main/glbs/000-000/3fdbfa9754024a9b9c5de33b6d15ae40.glb,https://huggingface.co/datasets/allenai/objaverse/resolve/main/glbs/000-000/3fdbfa9754024a9b9c5de33b6d15ae40.glb,by,CC-BY-4.0,Creative Commons Attribution 4.0 International,https://creativecommons.org/licenses/by/4.0/,https://api.sketchfab.com/v3/models/3fdbfa9754024a9b9c5de33b6d15ae40,true,"""The Great Kiva at Casa Malpais"" by Chronos Digital LLC, via Sketchfab/Objaverse, licensed under Creative Commons Attribution 4.0 International.",2018-06-15T17:40:07.978751,reference_reject,source_anchor_not_human,photogrammetry,objaverse:douggann,2bc07b9d8e57b171a7967ecbdad88134d996f110c6258578b111ddb40304535a,kiva|arizona|springerville|pubg|archaeology|archaeology-3dmodel-photogrammetry,cultural-heritage-history|places-travel,0.00131380207183,bad,0.9018586277961732,good,Metadata manifest only. Obtain and use the asset under its listed source license and attribution requirements.
objaverse_40bf1b528ffa49108a5f50c32faa9b96,Objaverse,Sketchfab,40bf1b528ffa49108a5f50c32faa9b96,1G2 - 2-28-21,camrocks,camrocks,https://sketchfab.com/camrocks,https://sketchfab.com/3d-models/40bf1b528ffa49108a5f50c32faa9b96,https://objaverse.allenai.org/,https://huggingface.co/datasets/allenai/objaverse/resolve/main/glbs/000-001/40bf1b528ffa49108a5f50c32faa9b96.glb,https://huggingface.co/datasets/allenai/objaverse/resolve/main/glbs/000-001/40bf1b528ffa49108a5f50c32faa9b96.glb,by,CC-BY-4.0,Creative Commons Attribution 4.0 International,https://creativecommons.org/licenses/by/4.0/,https://api.sketchfab.com/v3/models/40bf1b528ffa49108a5f50c32faa9b96,true,"""1G2 - 2-28-21"" by camrocks, via Sketchfab/Objaverse, licensed under Creative Commons Attribution 4.0 International.",2021-03-10T17:56:27.010876,reference_reject,source_anchor_not_human,3dscan;3dscanner,objaverse:camrocks,9944d2da8f4240166943f23d3d9ad388ce901cdddc8f2e14cc8df876034d2ea2,3dscannerapp,,0.0013140295021315,bad,0.8410179018974304,good,Metadata manifest only. Obtain and use the asset under its listed source license and attribution requirements.
objaverse_41c9c4b3936c4924815e1e0e3faae012,Objaverse,Sketchfab,41c9c4b3936c4924815e1e0e3faae012,"[Night] Bicycle stop, Hakata, Japan",nari4D,nari4d,https://sketchfab.com/nari4d,https://sketchfab.com/3d-models/41c9c4b3936c4924815e1e0e3faae012,https://objaverse.allenai.org/,https://huggingface.co/datasets/allenai/objaverse/resolve/main/glbs/000-001/41c9c4b3936c4924815e1e0e3faae012.glb,https://huggingface.co/datasets/allenai/objaverse/resolve/main/glbs/000-001/41c9c4b3936c4924815e1e0e3faae012.glb,by,CC-BY-4.0,Creative Commons Attribution 4.0 International,https://creativecommons.org/licenses/by/4.0/,https://api.sketchfab.com/v3/models/41c9c4b3936c4924815e1e0e3faae012,true,"""[Night] Bicycle stop, Hakata, Japan"" by nari4D, via Sketchfab/Objaverse, licensed under Creative Commons Attribution 4.0 International.",2022-09-12T13:57:20.876498,reference_reject,source_anchor_not_human,realitycapture,objaverse:nari4d,9a6b716b9aed91715892b5d00918f0dffb153de0a6e2fefbe8125660d5222293,,,0.0018521133941237,bad,0.802528977394104,good,Metadata manifest only. Obtain and use the asset under its listed source license and attribution requirements.
objaverse_4277a72dbfe041bb803e190f0eb71a73,Objaverse,Sketchfab,4277a72dbfe041bb803e190f0eb71a73,Untitled Scan,sarabjitsingh366,sarabjitsingh366,https://sketchfab.com/sarabjitsingh366,https://sketchfab.com/3d-models/4277a72dbfe041bb803e190f0eb71a73,https://objaverse.allenai.org/,https://huggingface.co/datasets/allenai/objaverse/resolve/main/glbs/000-001/4277a72dbfe041bb803e190f0eb71a73.glb,https://huggingface.co/datasets/allenai/objaverse/resolve/main/glbs/000-001/4277a72dbfe041bb803e190f0eb71a73.glb,by,CC-BY-4.0,Creative Commons Attribution 4.0 International,https://creativecommons.org/licenses/by/4.0/,https://api.sketchfab.com/v3/models/4277a72dbfe041bb803e190f0eb71a73,true,"""Untitled Scan"" by sarabjitsingh366, via Sketchfab/Objaverse, licensed under Creative Commons Attribution 4.0 International.",2021-10-08T14:53:31.309013,reference_reject,source_anchor_not_human,3dscan;3dscanner,objaverse:sarabjitsingh366,3dc4dbbcb16e9bf1e3452c174f1efc07c39da92e44cf6765edb45f49fcdbeb01,3dscannerapp,,0.0013141263598751,bad,0.9996715784072876,good,Metadata manifest only. Obtain and use the asset under its listed source license and attribution requirements.
objaverse_42a4eb18134e4a8aa09187563941ef4c,Objaverse,Sketchfab,42a4eb18134e4a8aa09187563941ef4c,Soviet building entrance in Berlin,annamir,annamir,https://sketchfab.com/annamir,https://sketchfab.com/3d-models/42a4eb18134e4a8aa09187563941ef4c,https://objaverse.allenai.org/,https://huggingface.co/datasets/allenai/objaverse/resolve/main/glbs/000-001/42a4eb18134e4a8aa09187563941ef4c.glb,https://huggingface.co/datasets/allenai/objaverse/resolve/main/glbs/000-001/42a4eb18134e4a8aa09187563941ef4c.glb,by,CC-BY-4.0,Creative Commons Attribution 4.0 International,https://creativecommons.org/licenses/by/4.0/,https://api.sketchfab.com/v3/models/42a4eb18134e4a8aa09187563941ef4c,true,"""Soviet building entrance in Berlin"" by annamir, via Sketchfab/Objaverse, licensed under Creative Commons Attribution 4.0 International.",2022-07-26T10:30:09.748902,reference_reject,source_anchor_not_human,photogrammetry,objaverse:annamir,c07bae33a25ea4ee18f9e2fd2926fd7722c778fede52a2959b048b0dccf9d17c,soviet|urban|columns|berlin|photogrammetry|3df-zephyr,architecture,0.0013133440545163,bad,0.9972103834152222,good,Metadata manifest only. Obtain and use the asset under its listed source license and attribution requirements.
objaverse_43c463368db3459084e02f8819a90c63,Objaverse,Sketchfab,43c463368db3459084e02f8819a90c63,Leaf imprint fossils in a building block,yelizegi,yelizegi,https://sketchfab.com/yelizegi,https://sketchfab.com/3d-models/43c463368db3459084e02f8819a90c63,https://objaverse.allenai.org/,https://huggingface.co/datasets/allenai/objaverse/resolve/main/glbs/000-001/43c463368db3459084e02f8819a90c63.glb,https://huggingface.co/datasets/allenai/objaverse/resolve/main/glbs/000-001/43c463368db3459084e02f8819a90c63.glb,by-nc-sa,CC-BY-NC-SA-4.0,Creative Commons Attribution-NonCommercial-ShareAlike 4.0 International,https://creativecommons.org/licenses/by-nc-sa/4.0/,https://api.sketchfab.com/v3/models/43c463368db3459084e02f8819a90c63,true,"""Leaf imprint fossils in a building block"" by yelizegi, via Sketchfab/Objaverse, licensed under Creative Commons Attribution-NonCommercial-ShareAlike 4.0 International.",2021-08-27T16:13:19.835462,reference_reject,source_anchor_not_human,metashape;agisoft,objaverse:yelizegi,7d72d1e9deca798466ebdd52b4198dfbc8eea069b5106e00aac876a27d53071b,spain|block|leaf|photogrametry|old|fossil|imprint|metashape|agisoft|scan|stone|free|building,cultural-heritage-history|nature-plants,0.001313663761707,bad,0.9999852180480956,good,Metadata manifest only. Obtain and use the asset under its listed source license and attribution requirements.
objaverse_44010fb045204c3a8f84bad493c6025d,Objaverse,Sketchfab,44010fb045204c3a8f84bad493c6025d,"WW1 tunnel shelter entrance in Helsinki, Finland",antti.kekki,antti.kekki,https://sketchfab.com/antti.kekki,https://sketchfab.com/3d-models/44010fb045204c3a8f84bad493c6025d,https://objaverse.allenai.org/,https://huggingface.co/datasets/allenai/objaverse/resolve/main/glbs/000-001/44010fb045204c3a8f84bad493c6025d.glb,https://huggingface.co/datasets/allenai/objaverse/resolve/main/glbs/000-001/44010fb045204c3a8f84bad493c6025d.glb,by,CC-BY-4.0,Creative Commons Attribution 4.0 International,https://creativecommons.org/licenses/by/4.0/,https://api.sketchfab.com/v3/models/44010fb045204c3a8f84bad493c6025d,true,"""WW1 tunnel shelter entrance in Helsinki, Finland"" by antti.kekki, via Sketchfab/Objaverse, licensed under Creative Commons Attribution 4.0 International.",2019-05-06T15:42:01.805904,reference_reject,source_anchor_not_human,photogrammetry;metashape;agisoft,objaverse:antti.kekki,d8996b251c96559fd24cfeac9706f69b700728b4a1d78a42ce4120d829eaa2aa,trench|tunnel|firstworldwar|photogrammetry|agisoft-metashape,cultural-heritage-history,0.0013135014783334,bad,0.8291685581207275,good,Metadata manifest only. Obtain and use the asset under its listed source license and attribution requirements.
objaverse_451a9c7780d142af990fd56eefe24907,Objaverse,Sketchfab,451a9c7780d142af990fd56eefe24907,Borne templière Larzac France,JGKAKI,JGKAKI,https://sketchfab.com/JGKAKI,https://sketchfab.com/3d-models/451a9c7780d142af990fd56eefe24907,https://objaverse.allenai.org/,https://huggingface.co/datasets/allenai/objaverse/resolve/main/glbs/000-001/451a9c7780d142af990fd56eefe24907.glb,https://huggingface.co/datasets/allenai/objaverse/resolve/main/glbs/000-001/451a9c7780d142af990fd56eefe24907.glb,by,CC-BY-4.0,Creative Commons Attribution 4.0 International,https://creativecommons.org/licenses/by/4.0/,https://api.sketchfab.com/v3/models/451a9c7780d142af990fd56eefe24907,true,"""Borne templière Larzac France"" by JGKAKI, via Sketchfab/Objaverse, licensed under Creative Commons Attribution 4.0 International.",2018-04-02T13:32:07.939944,reference_reject,source_anchor_not_human,photogrammetry,objaverse:JGKAKI,04421a66b065ffc8d64eeb8c0da0852715751f60419ff2e428a6b8d1f17f13ca,3df-zephyr,cultural-heritage-history,0.0013134218094915,bad,0.9478601217269896,good,Metadata manifest only. Obtain and use the asset under its listed source license and attribution requirements.
objaverse_4598e82a11f04899abceec0269dddd0d,Objaverse,Sketchfab,4598e82a11f04899abceec0269dddd0d,Abbots pillar,Echobass,Echobass,https://sketchfab.com/Echobass,https://sketchfab.com/3d-models/4598e82a11f04899abceec0269dddd0d,https://objaverse.allenai.org/,https://huggingface.co/datasets/allenai/objaverse/resolve/main/glbs/000-001/4598e82a11f04899abceec0269dddd0d.glb,https://huggingface.co/datasets/allenai/objaverse/resolve/main/glbs/000-001/4598e82a11f04899abceec0269dddd0d.glb,by-nc-sa,CC-BY-NC-SA-4.0,Creative Commons Attribution-NonCommercial-ShareAlike 4.0 International,https://creativecommons.org/licenses/by-nc-sa/4.0/,https://api.sketchfab.com/v3/models/4598e82a11f04899abceec0269dddd0d,true,"""Abbots pillar"" by Echobass, via Sketchfab/Objaverse, licensed under Creative Commons Attribution-NonCommercial-ShareAlike 4.0 International.",2022-02-07T16:40:11.908025,reference_reject,source_anchor_not_human,photogrammetry,objaverse:Echobass,e27625c3343a82b21d39163b1aa72e00c14d9913bbd68acdab993825336f0b49,scaniverse,,0.0013157959186741,bad,0.9586342573165894,good,Metadata manifest only. Obtain and use the asset under its listed source license and attribution requirements.
objaverse_469a6dd9c1034229851cd2108fe17c49,Objaverse,Sketchfab,469a6dd9c1034229851cd2108fe17c49,Planimetria Barrio Guatemala,esdras111,esdras111,https://sketchfab.com/esdras111,https://sketchfab.com/3d-models/469a6dd9c1034229851cd2108fe17c49,https://objaverse.allenai.org/,https://huggingface.co/datasets/allenai/objaverse/resolve/main/glbs/000-000/469a6dd9c1034229851cd2108fe17c49.glb,https://huggingface.co/datasets/allenai/objaverse/resolve/main/glbs/000-000/469a6dd9c1034229851cd2108fe17c49.glb,by,CC-BY-4.0,Creative Commons Attribution 4.0 International,https://creativecommons.org/licenses/by/4.0/,https://api.sketchfab.com/v3/models/469a6dd9c1034229851cd2108fe17c49,true,"""Planimetria Barrio Guatemala"" by esdras111, via Sketchfab/Objaverse, licensed under Creative Commons Attribution 4.0 International.",2017-05-22T22:08:06.330344,reference_reject,source_anchor_not_human,agisoft,objaverse:esdras111,e5041c242f2b2dd20c6af459cc1f58b494bff31dd3d6374c5902a844342d222d,agisoft|photoscan,places-travel|science-technology,0.0013133418204387,bad,0.9999876022338868,good,Metadata manifest only. Obtain and use the asset under its listed source license and attribution requirements.
objaverse_4826bcef65f840529946be8e5cbd2889,Objaverse,Sketchfab,4826bcef65f840529946be8e5cbd2889,"Staircases, entrance to a two-level bunker Lidar",JulienScans,julienscans,https://sketchfab.com/julienscans,https://sketchfab.com/3d-models/4826bcef65f840529946be8e5cbd2889,https://objaverse.allenai.org/,https://huggingface.co/datasets/allenai/objaverse/resolve/main/glbs/000-000/4826bcef65f840529946be8e5cbd2889.glb,https://huggingface.co/datasets/allenai/objaverse/resolve/main/glbs/000-000/4826bcef65f840529946be8e5cbd2889.glb,by-nc,CC-BY-NC-4.0,Creative Commons Attribution-NonCommercial 4.0 International,https://creativecommons.org/licenses/by-nc/4.0/,https://api.sketchfab.com/v3/models/4826bcef65f840529946be8e5cbd2889,true,"""Staircases, entrance to a two-level bunker Lidar"" by JulienScans, via Sketchfab/Objaverse, licensed under Creative Commons Attribution-NonCommercial 4.0 International.",2021-01-19T11:45:32.043676,reference_reject,source_anchor_not_human,lidar,objaverse:julienscans,d86a5395ef8cd45ce4d11b5859f8abf21d69afae83aad7e9c984b6921493b0db,,architecture|cultural-heritage-history,0.0013159350193512,bad,0.999829351902008,good,Metadata manifest only. Obtain and use the asset under its listed source license and attribution requirements.
objaverse_482a99510840476490ea244c916c3db7,Objaverse,Sketchfab,482a99510840476490ea244c916c3db7,Columella Shell Beads (1040a3272),RLA Archaeology,rla-archaeology,https://sketchfab.com/rla-archaeology,https://sketchfab.com/3d-models/482a99510840476490ea244c916c3db7,https://objaverse.allenai.org/,https://huggingface.co/datasets/allenai/objaverse/resolve/main/glbs/000-001/482a99510840476490ea244c916c3db7.glb,https://huggingface.co/datasets/allenai/objaverse/resolve/main/glbs/000-001/482a99510840476490ea244c916c3db7.glb,by-nc,CC-BY-NC-4.0,Creative Commons Attribution-NonCommercial 4.0 International,https://creativecommons.org/licenses/by-nc/4.0/,https://api.sketchfab.com/v3/models/482a99510840476490ea244c916c3db7,true,"""Columella Shell Beads (1040a3272)"" by RLA Archaeology, via Sketchfab/Objaverse, licensed under Creative Commons Attribution-NonCommercial 4.0 International.",2022-01-23T17:22:11.118608,reference_reject,source_anchor_not_human,metashape;agisoft,objaverse:rla-archaeology,1e1d975026655c370af00ee0a69fe2fcd683b4d899bde8ef3f0b0a981a18d92a,metashape|agisoft,cultural-heritage-history,0.0037414939409935,bad,0.9999818801879884,good,Metadata manifest only. Obtain and use the asset under its listed source license and attribution requirements.
objaverse_482cb36b12ab4035a60bf9aab0de8c00,Objaverse,Sketchfab,482cb36b12ab4035a60bf9aab0de8c00,Untitled Scan,woodfiredgb,woodfiredgb,https://sketchfab.com/woodfiredgb,https://sketchfab.com/3d-models/482cb36b12ab4035a60bf9aab0de8c00,https://objaverse.allenai.org/,https://huggingface.co/datasets/allenai/objaverse/resolve/main/glbs/000-000/482cb36b12ab4035a60bf9aab0de8c00.glb,https://huggingface.co/datasets/allenai/objaverse/resolve/main/glbs/000-000/482cb36b12ab4035a60bf9aab0de8c00.glb,by,CC-BY-4.0,Creative Commons Attribution 4.0 International,https://creativecommons.org/licenses/by/4.0/,https://api.sketchfab.com/v3/models/482cb36b12ab4035a60bf9aab0de8c00,true,"""Untitled Scan"" by woodfiredgb, via Sketchfab/Objaverse, licensed under Creative Commons Attribution 4.0 International.",2021-04-22T02:11:05.718105,reference_reject,source_anchor_not_human,3dscan;3dscanner,objaverse:woodfiredgb,04a2120e9241879ef7df154533c5c069474c2d09c0f4c818a8554d153452925b,3dscannerapp,,0.0013302467203408,bad,0.98381906747818,good,Metadata manifest only. Obtain and use the asset under its listed source license and attribution requirements.
objaverse_4a3292eff4384a5fb2491551675cd442,Objaverse,Sketchfab,4a3292eff4384a5fb2491551675cd442,Small slate rock,OSC,caosdoar,https://sketchfab.com/caosdoar,https://sketchfab.com/3d-models/4a3292eff4384a5fb2491551675cd442,https://objaverse.allenai.org/,https://huggingface.co/datasets/allenai/objaverse/resolve/main/glbs/000-001/4a3292eff4384a5fb2491551675cd442.glb,https://huggingface.co/datasets/allenai/objaverse/resolve/main/glbs/000-001/4a3292eff4384a5fb2491551675cd442.glb,by,CC-BY-4.0,Creative Commons Attribution 4.0 International,https://creativecommons.org/licenses/by/4.0/,https://api.sketchfab.com/v3/models/4a3292eff4384a5fb2491551675cd442,true,"""Small slate rock"" by OSC, via Sketchfab/Objaverse, licensed under Creative Commons Attribution 4.0 International.",2016-12-18T18:26:23.169329,reference_reject,source_anchor_not_human,photogrammetry;realitycapture,objaverse:caosdoar,59551905ed318801fa38a7b4b3968c286e079b6ff8c9473173c7c65c30c9cbeb,realitycapture|photogrammetry,science-technology,0.0777957248647474,bad,0.8375229835510254,good,Metadata manifest only. Obtain and use the asset under its listed source license and attribution requirements.
objaverse_4b300467bc3d489081210fbfa2f0c85f,Objaverse,Sketchfab,4b300467bc3d489081210fbfa2f0c85f,Excavation,blade81tabris,blade81tabris,https://sketchfab.com/blade81tabris,https://sketchfab.com/3d-models/4b300467bc3d489081210fbfa2f0c85f,https://objaverse.allenai.org/,https://huggingface.co/datasets/allenai/objaverse/resolve/main/glbs/000-000/4b300467bc3d489081210fbfa2f0c85f.glb,https://huggingface.co/datasets/allenai/objaverse/resolve/main/glbs/000-000/4b300467bc3d489081210fbfa2f0c85f.glb,by,CC-BY-4.0,Creative Commons Attribution 4.0 International,https://creativecommons.org/licenses/by/4.0/,https://api.sketchfab.com/v3/models/4b300467bc3d489081210fbfa2f0c85f,true,"""Excavation"" by blade81tabris, via Sketchfab/Objaverse, licensed under Creative Commons Attribution 4.0 International.",2017-02-26T18:44:14.555715,reference_reject,source_anchor_not_human,photogrammetry,objaverse:blade81tabris,e9af011ebbd04edf52638afe5a5d28c16d471f266fdd72f47f10376609caea64,excavation|3d-scan|scann3d|photoscan|photogrammetry|archaeology|church,cultural-heritage-history|places-travel,0.0013133562671138,bad,0.8164631724357605,good,Metadata manifest only. Obtain and use the asset under its listed source license and attribution requirements.
objaverse_4c7d8873a0654d2985901622816cbfb8,Objaverse,Sketchfab,4c7d8873a0654d2985901622816cbfb8,下鴨神社のラグビーボールの木製オブジェ,seirogan,seirogan,https://sketchfab.com/seirogan,https://sketchfab.com/3d-models/4c7d8873a0654d2985901622816cbfb8,https://objaverse.allenai.org/,https://huggingface.co/datasets/allenai/objaverse/resolve/main/glbs/000-000/4c7d8873a0654d2985901622816cbfb8.glb,https://huggingface.co/datasets/allenai/objaverse/resolve/main/glbs/000-000/4c7d8873a0654d2985901622816cbfb8.glb,by,CC-BY-4.0,Creative Commons Attribution 4.0 International,https://creativecommons.org/licenses/by/4.0/,https://api.sketchfab.com/v3/models/4c7d8873a0654d2985901622816cbfb8,true,"""下鴨神社のラグビーボールの木製オブジェ"" by seirogan, via Sketchfab/Objaverse, licensed under Creative Commons Attribution 4.0 International.",2021-12-15T13:31:01.450291,reference_reject,source_anchor_not_human,lidar,objaverse:seirogan,56fb6619db8ddb2b71c1007d4c1bda36f2191facc1a5a880286c0bfcda4499a4,lidar|trnio,places-travel|sports-fitness,0.0013148815113043,bad,0.9992782473564148,good,Metadata manifest only. Obtain and use the asset under its listed source license and attribution requirements.
objaverse_4cf294362f6f4625ad01f604f2023de6,Objaverse,Sketchfab,4cf294362f6f4625ad01f604f2023de6,Cicada shells and cacti,ddd,endonoriko,https://sketchfab.com/endonoriko,https://sketchfab.com/3d-models/4cf294362f6f4625ad01f604f2023de6,https://objaverse.allenai.org/,https://huggingface.co/datasets/allenai/objaverse/resolve/main/glbs/000-000/4cf294362f6f4625ad01f604f2023de6.glb,https://huggingface.co/datasets/allenai/objaverse/resolve/main/glbs/000-000/4cf294362f6f4625ad01f604f2023de6.glb,by,CC-BY-4.0,Creative Commons Attribution 4.0 International,https://creativecommons.org/licenses/by/4.0/,https://api.sketchfab.com/v3/models/4cf294362f6f4625ad01f604f2023de6,true,"""Cicada shells and cacti"" by ddd, via Sketchfab/Objaverse, licensed under Creative Commons Attribution 4.0 International.",2021-07-31T06:46:01.546044,reference_reject,source_anchor_not_human,photogrammetry,objaverse:endonoriko,674150f49d9533861681d22f0dd4defe619cdbbd65863d1ee017d9987f90f051,cacti|cicada,nature-plants,0.1133972046584668,bad,0.996752381324768,good,Metadata manifest only. Obtain and use the asset under its listed source license and attribution requirements.
objaverse_4d16f904769d493bb26cb0c847e599cf,Objaverse,Sketchfab,4d16f904769d493bb26cb0c847e599cf,Vivendas en Castrolandín,magago,magago,https://sketchfab.com/magago,https://sketchfab.com/3d-models/4d16f904769d493bb26cb0c847e599cf,https://objaverse.allenai.org/,https://huggingface.co/datasets/allenai/objaverse/resolve/main/glbs/000-000/4d16f904769d493bb26cb0c847e599cf.glb,https://huggingface.co/datasets/allenai/objaverse/resolve/main/glbs/000-000/4d16f904769d493bb26cb0c847e599cf.glb,by,CC-BY-4.0,Creative Commons Attribution 4.0 International,https://creativecommons.org/licenses/by/4.0/,https://api.sketchfab.com/v3/models/4d16f904769d493bb26cb0c847e599cf,true,"""Vivendas en Castrolandín"" by magago, via Sketchfab/Objaverse, licensed under Creative Commons Attribution 4.0 International.",2020-10-04T12:49:25.741412,reference_reject,source_anchor_not_human,3dscan;3dscanner,objaverse:magago,5185a4f63a143b920928a0b4c915487179117d935137bce98af903f43fe15c6e,,,0.0013153976864658,bad,0.999046802520752,good,Metadata manifest only. Obtain and use the asset under its listed source license and attribution requirements.
objaverse_4d9cf5016d97434f81ca6ec99e4cb2b9,Objaverse,Sketchfab,4d9cf5016d97434f81ca6ec99e4cb2b9,Untitled Scan,gmoroder,gmoroder,https://sketchfab.com/gmoroder,https://sketchfab.com/3d-models/4d9cf5016d97434f81ca6ec99e4cb2b9,https://objaverse.allenai.org/,https://huggingface.co/datasets/allenai/objaverse/resolve/main/glbs/000-000/4d9cf5016d97434f81ca6ec99e4cb2b9.glb,https://huggingface.co/datasets/allenai/objaverse/resolve/main/glbs/000-000/4d9cf5016d97434f81ca6ec99e4cb2b9.glb,by,CC-BY-4.0,Creative Commons Attribution 4.0 International,https://creativecommons.org/licenses/by/4.0/,https://api.sketchfab.com/v3/models/4d9cf5016d97434f81ca6ec99e4cb2b9,true,"""Untitled Scan"" by gmoroder, via Sketchfab/Objaverse, licensed under Creative Commons Attribution 4.0 International.",2022-04-25T12:29:17.772242,reference_reject,source_anchor_not_human,3dscan;3dscanner,objaverse:gmoroder,1990b6e58e440f7a855bda46aa3420e594e2d5b57f5cb7ebaf566d5b48e166b8,3dscannerapp,,0.0102081284319696,bad,0.9717128276824952,good,Metadata manifest only. Obtain and use the asset under its listed source license and attribution requirements.
objaverse_4da6abc29578415ba8afbd19b417567e,Objaverse,Sketchfab,4da6abc29578415ba8afbd19b417567e,Pheidole drogon Major Worker CASENT0716380,C. J. Howard,cjhoward,https://sketchfab.com/cjhoward,https://sketchfab.com/3d-models/4da6abc29578415ba8afbd19b417567e,https://objaverse.allenai.org/,https://huggingface.co/datasets/allenai/objaverse/resolve/main/glbs/000-001/4da6abc29578415ba8afbd19b417567e.glb,https://huggingface.co/datasets/allenai/objaverse/resolve/main/glbs/000-001/4da6abc29578415ba8afbd19b417567e.glb,by,CC-BY-4.0,Creative Commons Attribution 4.0 International,https://creativecommons.org/licenses/by/4.0/,https://api.sketchfab.com/v3/models/4da6abc29578415ba8afbd19b417567e,true,"""Pheidole drogon Major Worker CASENT0716380"" by C. J. Howard, via Sketchfab/Objaverse, licensed under Creative Commons Attribution 4.0 International.",2021-11-22T15:23:43.330935,reference_reject,source_anchor_not_human,3dscan,objaverse:cjhoward,3bc7d86ab2b99fb010b7eed3ffd86ce16cd3821fce5b785c2a20fe196da3f67a,insect|ant|ants|micro-ct|pheidole|3dscan,animals-pets,0.0022134196727072,bad,0.0008148594060912,bad,Metadata manifest only. Obtain and use the asset under its listed source license and attribution requirements.
objaverse_4e2528365b7b480ab867c15ebebb4b59,Objaverse,Sketchfab,4e2528365b7b480ab867c15ebebb4b59,Snowy Log Pile,Aidan,aidan.newsome,https://sketchfab.com/aidan.newsome,https://sketchfab.com/3d-models/4e2528365b7b480ab867c15ebebb4b59,https://objaverse.allenai.org/,https://huggingface.co/datasets/allenai/objaverse/resolve/main/glbs/000-001/4e2528365b7b480ab867c15ebebb4b59.glb,https://huggingface.co/datasets/allenai/objaverse/resolve/main/glbs/000-001/4e2528365b7b480ab867c15ebebb4b59.glb,by,CC-BY-4.0,Creative Commons Attribution 4.0 International,https://creativecommons.org/licenses/by/4.0/,https://api.sketchfab.com/v3/models/4e2528365b7b480ab867c15ebebb4b59,true,"""Snowy Log Pile"" by Aidan, via Sketchfab/Objaverse, licensed under Creative Commons Attribution 4.0 International.",2021-01-20T13:27:48.178662,reference_reject,source_anchor_not_human,photogrammetry;realitycapture,objaverse:aidan.newsome,483868d3899d2c6fe4dab57d91f8b26e0a92b4d89d1f30e00041c4e8d3fa323d,winter|logs|photorealistic|vr|ar|snowy|nature|realitycapture|photogrammetry,art-abstract|nature-plants,0.0013149630433096,bad,0.4417566061019897,bad,Metadata manifest only. Obtain and use the asset under its listed source license and attribution requirements.
objaverse_4eee98cde27443a499593b8b0dc3a4dd,Objaverse,Sketchfab,4eee98cde27443a499593b8b0dc3a4dd,Scanned Rock,makeitmovemedia,makeitmovemedia,https://sketchfab.com/makeitmovemedia,https://sketchfab.com/3d-models/4eee98cde27443a499593b8b0dc3a4dd,https://objaverse.allenai.org/,https://huggingface.co/datasets/allenai/objaverse/resolve/main/glbs/000-001/4eee98cde27443a499593b8b0dc3a4dd.glb,https://huggingface.co/datasets/allenai/objaverse/resolve/main/glbs/000-001/4eee98cde27443a499593b8b0dc3a4dd.glb,by,CC-BY-4.0,Creative Commons Attribution 4.0 International,https://creativecommons.org/licenses/by/4.0/,https://api.sketchfab.com/v3/models/4eee98cde27443a499593b8b0dc3a4dd,true,"""Scanned Rock"" by makeitmovemedia, via Sketchfab/Objaverse, licensed under Creative Commons Attribution 4.0 International.",2021-02-17T22:39:21.369155,reference_reject,source_anchor_not_human,3dscan;3dscanner,objaverse:makeitmovemedia,eabd30a9fa2ca02f6df41704d2512617f96789830a44957692623365ff461f32,3dscannerapp,,0.0013365051635694,bad,0.898142397403717,good,Metadata manifest only. Obtain and use the asset under its listed source license and attribution requirements.
objaverse_4ff3f65c4a0a4b238b162acfe6f9ef80,Objaverse,Sketchfab,4ff3f65c4a0a4b238b162acfe6f9ef80,Danish King's Garden,James Bowman,jimboberelli,https://sketchfab.com/jimboberelli,https://sketchfab.com/3d-models/4ff3f65c4a0a4b238b162acfe6f9ef80,https://objaverse.allenai.org/,https://huggingface.co/datasets/allenai/objaverse/resolve/main/glbs/000-001/4ff3f65c4a0a4b238b162acfe6f9ef80.glb,https://huggingface.co/datasets/allenai/objaverse/resolve/main/glbs/000-001/4ff3f65c4a0a4b238b162acfe6f9ef80.glb,by,CC-BY-4.0,Creative Commons Attribution 4.0 International,https://creativecommons.org/licenses/by/4.0/,https://api.sketchfab.com/v3/models/4ff3f65c4a0a4b238b162acfe6f9ef80,true,"""Danish King's Garden"" by James Bowman, via Sketchfab/Objaverse, licensed under Creative Commons Attribution 4.0 International.",2020-03-26T22:51:46.817367,reference_reject,source_anchor_not_human,photogrammetry,objaverse:jimboberelli,a2212c21b981923a8bb2e4a03f8f4af2ced1dbe714aba6931bddb367571816e8,photogrammetry,places-travel,0.0013143143814096,bad,0.9364956617355348,good,Metadata manifest only. Obtain and use the asset under its listed source license and attribution requirements.
objaverse_50fb1ee6332d4b69be75f04a6a241613,Objaverse,Sketchfab,50fb1ee6332d4b69be75f04a6a241613,Mummified squirrel,Virtual Curation Lab,virtualcurationlab,https://sketchfab.com/virtualcurationlab,https://sketchfab.com/3d-models/50fb1ee6332d4b69be75f04a6a241613,https://objaverse.allenai.org/,https://huggingface.co/datasets/allenai/objaverse/resolve/main/glbs/000-000/50fb1ee6332d4b69be75f04a6a241613.glb,https://huggingface.co/datasets/allenai/objaverse/resolve/main/glbs/000-000/50fb1ee6332d4b69be75f04a6a241613.glb,by,CC-BY-4.0,Creative Commons Attribution 4.0 International,https://creativecommons.org/licenses/by/4.0/,https://api.sketchfab.com/v3/models/50fb1ee6332d4b69be75f04a6a241613,true,"""Mummified squirrel"" by Virtual Curation Lab, via Sketchfab/Objaverse, licensed under Creative Commons Attribution 4.0 International.",2022-06-02T22:03:39.239700,reference_reject,source_anchor_not_human,3dscan,objaverse:virtualcurationlab,dd8e61ed67b256dee7b5fe3b3d6a224e25d2efd86b6620c98b961a5702fdcc6c,3dscan|trnio-plus,animals-pets,0.0013135646398547,bad,0.76483154296875,good,Metadata manifest only. Obtain and use the asset under its listed source license and attribution requirements.
objaverse_5155f5ba463f490da086cfc44339c70c,Objaverse,Sketchfab,5155f5ba463f490da086cfc44339c70c,Shelled wall 02,yaro.pro,yaro.pro,https://sketchfab.com/yaro.pro,https://sketchfab.com/3d-models/5155f5ba463f490da086cfc44339c70c,https://objaverse.allenai.org/,https://huggingface.co/datasets/allenai/objaverse/resolve/main/glbs/000-000/5155f5ba463f490da086cfc44339c70c.glb,https://huggingface.co/datasets/allenai/objaverse/resolve/main/glbs/000-000/5155f5ba463f490da086cfc44339c70c.glb,by-nc-sa,CC-BY-NC-SA-4.0,Creative Commons Attribution-NonCommercial-ShareAlike 4.0 International,https://creativecommons.org/licenses/by-nc-sa/4.0/,https://api.sketchfab.com/v3/models/5155f5ba463f490da086cfc44339c70c,true,"""Shelled wall 02"" by yaro.pro, via Sketchfab/Objaverse, licensed under Creative Commons Attribution-NonCommercial-ShareAlike 4.0 International.",2022-06-09T19:21:06.785067,reference_reject,source_anchor_not_human,photogrammetry;lidar,objaverse:yaro.pro,af7dde4f0ad886d58f2047aca4b9c7fd13c96c135af13f91566263fd9418ffc2,lidar|destroyed|ukraine|russian-army|residential-building|photogrammetry|war|shelled|iphone12promax|scaniverse,architecture|news-politics,0.0014959161022164,bad,0.7008447051048279,good,Metadata manifest only. Obtain and use the asset under its listed source license and attribution requirements.
objaverse_5215b560f6894b5ea9480898d80b2244,Objaverse,Sketchfab,5215b560f6894b5ea9480898d80b2244,Titolo sepolcrale di Flavia gemella,ariannasergio,a-roger,https://sketchfab.com/a-roger,https://sketchfab.com/3d-models/5215b560f6894b5ea9480898d80b2244,https://objaverse.allenai.org/,https://huggingface.co/datasets/allenai/objaverse/resolve/main/glbs/000-001/5215b560f6894b5ea9480898d80b2244.glb,https://huggingface.co/datasets/allenai/objaverse/resolve/main/glbs/000-001/5215b560f6894b5ea9480898d80b2244.glb,by,CC-BY-4.0,Creative Commons Attribution 4.0 International,https://creativecommons.org/licenses/by/4.0/,https://api.sketchfab.com/v3/models/5215b560f6894b5ea9480898d80b2244,true,"""Titolo sepolcrale di Flavia gemella"" by ariannasergio, via Sketchfab/Objaverse, licensed under Creative Commons Attribution 4.0 International.",2022-05-31T01:43:51.175782,reference_reject,source_anchor_not_human,metashape;agisoft,objaverse:a-roger,9b74695f4616520f0f9e8affb512f754ff75a5811a25c5928cdf34fd51a7e49f,metashape|agisoft,,0.0013317539570909,bad,0.9963855147361756,good,Metadata manifest only. Obtain and use the asset under its listed source license and attribution requirements.
objaverse_524c9e3f3d0a492b878665bf4342e17a,Objaverse,Sketchfab,524c9e3f3d0a492b878665bf4342e17a,Mount Rushmore,Mark Burginger architect,toy_meister,https://sketchfab.com/toy_meister,https://sketchfab.com/3d-models/524c9e3f3d0a492b878665bf4342e17a,https://objaverse.allenai.org/,https://huggingface.co/datasets/allenai/objaverse/resolve/main/glbs/000-000/524c9e3f3d0a492b878665bf4342e17a.glb,https://huggingface.co/datasets/allenai/objaverse/resolve/main/glbs/000-000/524c9e3f3d0a492b878665bf4342e17a.glb,by-nc,CC-BY-NC-4.0,Creative Commons Attribution-NonCommercial 4.0 International,https://creativecommons.org/licenses/by-nc/4.0/,https://api.sketchfab.com/v3/models/524c9e3f3d0a492b878665bf4342e17a,true,"""Mount Rushmore"" by Mark Burginger architect, via Sketchfab/Objaverse, licensed under Creative Commons Attribution-NonCommercial 4.0 International.",2017-09-28T21:18:24.788305,reference_reject,source_anchor_not_human,agisoft,objaverse:toy_meister,f35011fe50fc9fdead1e8e63fef98d96106404fa9e821afa9de80d0c3cb5dcf7,cinema4d-agisoft,cultural-heritage-history|places-travel,0.0013178459053064,bad,0.7533894181251526,good,Metadata manifest only. Obtain and use the asset under its listed source license and attribution requirements.
objaverse_5253d1da18e94c43b475b0901ba0fe7b,Objaverse,Sketchfab,5253d1da18e94c43b475b0901ba0fe7b,158,herramientas3dunibague,herramientas3dunibague,https://sketchfab.com/herramientas3dunibague,https://sketchfab.com/3d-models/5253d1da18e94c43b475b0901ba0fe7b,https://objaverse.allenai.org/,https://huggingface.co/datasets/allenai/objaverse/resolve/main/glbs/000-000/5253d1da18e94c43b475b0901ba0fe7b.glb,https://huggingface.co/datasets/allenai/objaverse/resolve/main/glbs/000-000/5253d1da18e94c43b475b0901ba0fe7b.glb,by,CC-BY-4.0,Creative Commons Attribution 4.0 International,https://creativecommons.org/licenses/by/4.0/,https://api.sketchfab.com/v3/models/5253d1da18e94c43b475b0901ba0fe7b,true,"""158"" by herramientas3dunibague, via Sketchfab/Objaverse, licensed under Creative Commons Attribution 4.0 International.",2022-07-29T15:58:46.593352,reference_reject,source_anchor_not_human,3dscan;3dscanner,objaverse:herramientas3dunibague,4802ff105dc6735b0721193c07b7046b791eca178beddf804cde901517cee46b,3dscannerapp,,0.0013153724028874,bad,0.998723566532135,good,Metadata manifest only. Obtain and use the asset under its listed source license and attribution requirements.
objaverse_52d4e75175f14a819bc56faaf2be54ed,Objaverse,Sketchfab,52d4e75175f14a819bc56faaf2be54ed,宮園A遺跡甕棺出土状況,熊本県教育庁文化課【公式】,kumamotobunka,https://sketchfab.com/kumamotobunka,https://sketchfab.com/3d-models/52d4e75175f14a819bc56faaf2be54ed,https://objaverse.allenai.org/,https://huggingface.co/datasets/allenai/objaverse/resolve/main/glbs/000-001/52d4e75175f14a819bc56faaf2be54ed.glb,https://huggingface.co/datasets/allenai/objaverse/resolve/main/glbs/000-001/52d4e75175f14a819bc56faaf2be54ed.glb,by,CC-BY-4.0,Creative Commons Attribution 4.0 International,https://creativecommons.org/licenses/by/4.0/,https://api.sketchfab.com/v3/models/52d4e75175f14a819bc56faaf2be54ed,true,"""宮園A遺跡甕棺出土状況"" by 熊本県教育庁文化課【公式】, via Sketchfab/Objaverse, licensed under Creative Commons Attribution 4.0 International.",2020-11-24T11:34:36.804538,reference_reject,source_anchor_not_human,metashape;agisoft,objaverse:kumamotobunka,43e496227cd9e34ce1e9fc076e4dea94d331ea69eb1615d25ba0954667c3d927,metashape|agisoft,cultural-heritage-history,0.0013133938945606,bad,0.9497787356376648,good,Metadata manifest only. Obtain and use the asset under its listed source license and attribution requirements.
objaverse_5367b11375be4d5cb555c28d5c8e53db,Objaverse,Sketchfab,5367b11375be4d5cb555c28d5c8e53db,Bare Concrete Wall - Raw scan,Hyperbowljuju,Hyperbowljuju,https://sketchfab.com/Hyperbowljuju,https://sketchfab.com/3d-models/5367b11375be4d5cb555c28d5c8e53db,https://objaverse.allenai.org/,https://huggingface.co/datasets/allenai/objaverse/resolve/main/glbs/000-001/5367b11375be4d5cb555c28d5c8e53db.glb,https://huggingface.co/datasets/allenai/objaverse/resolve/main/glbs/000-001/5367b11375be4d5cb555c28d5c8e53db.glb,by,CC-BY-4.0,Creative Commons Attribution 4.0 International,https://creativecommons.org/licenses/by/4.0/,https://api.sketchfab.com/v3/models/5367b11375be4d5cb555c28d5c8e53db,true,"""Bare Concrete Wall - Raw scan"" by Hyperbowljuju, via Sketchfab/Objaverse, licensed under Creative Commons Attribution 4.0 International.",2022-09-09T20:03:51.936863,reference_reject,source_anchor_not_human,raw scan,objaverse:Hyperbowljuju,c6fe2969e6429dd225ab81df44a37461db068aac51c1e4213015db936ac0f30b,realityscan,,0.1669003358176088,bad,0.4093235433101654,bad,Metadata manifest only. Obtain and use the asset under its listed source license and attribution requirements.
objaverse_542802b6a4ab4dcbb778dd41f9a914c0,Objaverse,Sketchfab,542802b6a4ab4dcbb778dd41f9a914c0,Handaxe YORYM : 2001.3634,Hugh,hughgatt,https://sketchfab.com/hughgatt,https://sketchfab.com/3d-models/542802b6a4ab4dcbb778dd41f9a914c0,https://objaverse.allenai.org/,https://huggingface.co/datasets/allenai/objaverse/resolve/main/glbs/000-000/542802b6a4ab4dcbb778dd41f9a914c0.glb,https://huggingface.co/datasets/allenai/objaverse/resolve/main/glbs/000-000/542802b6a4ab4dcbb778dd41f9a914c0.glb,by-nc-sa,CC-BY-NC-SA-4.0,Creative Commons Attribution-NonCommercial-ShareAlike 4.0 International,https://creativecommons.org/licenses/by-nc-sa/4.0/,https://api.sketchfab.com/v3/models/542802b6a4ab4dcbb778dd41f9a914c0,true,"""Handaxe YORYM : 2001.3634"" by Hugh, via Sketchfab/Objaverse, licensed under Creative Commons Attribution-NonCommercial-ShareAlike 4.0 International.",2019-08-14T16:11:19.460471,reference_reject,source_anchor_not_human,photogrammetry,objaverse:hughgatt,c1ffd8efd190d9719ad4920809d4e964f8aee678a12663644fbd34d2df8c58ce,york|handaxe|archaeology-3dmodel-photogrammetry-flint,cultural-heritage-history,0.0013768058652317,bad,0.9939081072807312,good,Metadata manifest only. Obtain and use the asset under its listed source license and attribution requirements.
objaverse_557485c4726f4183944282b8fbc55d3a,Objaverse,Sketchfab,557485c4726f4183944282b8fbc55d3a,St. Olav,Tidvis,Tidvis,https://sketchfab.com/Tidvis,https://sketchfab.com/3d-models/557485c4726f4183944282b8fbc55d3a,https://objaverse.allenai.org/,https://huggingface.co/datasets/allenai/objaverse/resolve/main/glbs/000-000/557485c4726f4183944282b8fbc55d3a.glb,https://huggingface.co/datasets/allenai/objaverse/resolve/main/glbs/000-000/557485c4726f4183944282b8fbc55d3a.glb,by,CC-BY-4.0,Creative Commons Attribution 4.0 International,https://creativecommons.org/licenses/by/4.0/,https://api.sketchfab.com/v3/models/557485c4726f4183944282b8fbc55d3a,true,"""St. Olav"" by Tidvis, via Sketchfab/Objaverse, licensed under Creative Commons Attribution 4.0 International.",2020-04-17T18:36:51.580600,reference_reject,source_anchor_not_human,realitycapture,objaverse:Tidvis,f19d6f5f7f7203376fc28ffece4e25dfac0cbd7f4bb59fad0bf2d93ff199eba0,saint|16th-century|olaf-the-holy|churchart|1500s|realitycapture|church|saintolav|stolaf,art-abstract|cultural-heritage-history,0.0119480768542292,bad,0.9765812158584596,good,Metadata manifest only. Obtain and use the asset under its listed source license and attribution requirements.
objaverse_566a07b617c04f49a9ac49e22e9c8d87,Objaverse,Sketchfab,566a07b617c04f49a9ac49e22e9c8d87,Norðurfjörður - Tækni og vísinda svæði,jonnigs,jonnigs,https://sketchfab.com/jonnigs,https://sketchfab.com/3d-models/566a07b617c04f49a9ac49e22e9c8d87,https://objaverse.allenai.org/,https://huggingface.co/datasets/allenai/objaverse/resolve/main/glbs/000-000/566a07b617c04f49a9ac49e22e9c8d87.glb,https://huggingface.co/datasets/allenai/objaverse/resolve/main/glbs/000-000/566a07b617c04f49a9ac49e22e9c8d87.glb,by,CC-BY-4.0,Creative Commons Attribution 4.0 International,https://creativecommons.org/licenses/by/4.0/,https://api.sketchfab.com/v3/models/566a07b617c04f49a9ac49e22e9c8d87,true,"""Norðurfjörður - Tækni og vísinda svæði"" by jonnigs, via Sketchfab/Objaverse, licensed under Creative Commons Attribution 4.0 International.",2020-07-14T19:30:53.868050,reference_reject,source_anchor_not_human,photogrammetry,objaverse:jonnigs,f8ea194bc5eb234856cff7834dade0a15413a64aa0a3de54afa629226baa481e,isaac|climbing|iceland|svarmi|climbing-mountains|rock-climbing|photogrammetry|blender,nature-plants|sports-fitness,0.0013216436186641,bad,0.8978092074394226,good,Metadata manifest only. Obtain and use the asset under its listed source license and attribution requirements.
objaverse_56e92fcf38dc45ba9638d249cec8c0f9,Objaverse,Sketchfab,56e92fcf38dc45ba9638d249cec8c0f9,Mug CE,vsigno,vsigno,https://sketchfab.com/vsigno,https://sketchfab.com/3d-models/56e92fcf38dc45ba9638d249cec8c0f9,https://objaverse.allenai.org/,https://huggingface.co/datasets/allenai/objaverse/resolve/main/glbs/000-000/56e92fcf38dc45ba9638d249cec8c0f9.glb,https://huggingface.co/datasets/allenai/objaverse/resolve/main/glbs/000-000/56e92fcf38dc45ba9638d249cec8c0f9.glb,by,CC-BY-4.0,Creative Commons Attribution 4.0 International,https://creativecommons.org/licenses/by/4.0/,https://api.sketchfab.com/v3/models/56e92fcf38dc45ba9638d249cec8c0f9,true,"""Mug CE"" by vsigno, via Sketchfab/Objaverse, licensed under Creative Commons Attribution 4.0 International.",2021-07-29T17:31:40.612948,reference_reject,source_anchor_not_human,photogrammetry;metashape;agisoft,objaverse:vsigno,6411371cfbf5bfd3f2d3e7dca9db15fa240f4be1976f674fc89ba8b6cf6164f7,mug|photogrammetry|agisoft-metashape,furniture-home,0.5859754529895863,bad,0.9955008625984192,good,Metadata manifest only. Obtain and use the asset under its listed source license and attribution requirements.
objaverse_56f4a065e9714b39b9e359427aaafa14,Objaverse,Sketchfab,56f4a065e9714b39b9e359427aaafa14,Wantage Town,Charlie George,charliegeorge,https://sketchfab.com/charliegeorge,https://sketchfab.com/3d-models/56f4a065e9714b39b9e359427aaafa14,https://objaverse.allenai.org/,https://huggingface.co/datasets/allenai/objaverse/resolve/main/glbs/000-001/56f4a065e9714b39b9e359427aaafa14.glb,https://huggingface.co/datasets/allenai/objaverse/resolve/main/glbs/000-001/56f4a065e9714b39b9e359427aaafa14.glb,by,CC-BY-4.0,Creative Commons Attribution 4.0 International,https://creativecommons.org/licenses/by/4.0/,https://api.sketchfab.com/v3/models/56f4a065e9714b39b9e359427aaafa14,true,"""Wantage Town"" by Charlie George, via Sketchfab/Objaverse, licensed under Creative Commons Attribution 4.0 International.",2019-01-04T18:58:26.437273,reference_reject,source_anchor_not_human,photogrammetry;3dscan;realitycapture,objaverse:charliegeorge,8ed826a04b4be3ce352f9f3c0091b1f69c6a26b821723d8b17503e7532c3718a,3dscanning|local|geography|architectural-heritage|architecture-photogrammetry|realitycapture|photogrammetry|3dscan,architecture,0.0014495041914715,bad,0.7121618986129761,good,Metadata manifest only. Obtain and use the asset under its listed source license and attribution requirements.
objaverse_56fddf35a2e2428197e3a8d4860ec7b5,Objaverse,Sketchfab,56fddf35a2e2428197e3a8d4860ec7b5,Roman Coin,caitoor,caitoor,https://sketchfab.com/caitoor,https://sketchfab.com/3d-models/56fddf35a2e2428197e3a8d4860ec7b5,https://objaverse.allenai.org/,https://huggingface.co/datasets/allenai/objaverse/resolve/main/glbs/000-000/56fddf35a2e2428197e3a8d4860ec7b5.glb,https://huggingface.co/datasets/allenai/objaverse/resolve/main/glbs/000-000/56fddf35a2e2428197e3a8d4860ec7b5.glb,by,CC-BY-4.0,Creative Commons Attribution 4.0 International,https://creativecommons.org/licenses/by/4.0/,https://api.sketchfab.com/v3/models/56fddf35a2e2428197e3a8d4860ec7b5,true,"""Roman Coin"" by caitoor, via Sketchfab/Objaverse, licensed under Creative Commons Attribution 4.0 International.",2019-11-24T21:33:53.804668,reference_reject,source_anchor_not_human,photogrammetry;metashape;agisoft,objaverse:caitoor,5815358db01a90830f3a4b2239dc88cc28260657721b8add31c0666d543e0f96,coin|roman|roman-coin|photogrammetry,cultural-heritage-history,0.048486417843778,bad,0.6372640132904053,good,Metadata manifest only. Obtain and use the asset under its listed source license and attribution requirements.
objaverse_581ae4804bcf49e7aa10ab9a4df1aa20,Objaverse,Sketchfab,581ae4804bcf49e7aa10ab9a4df1aa20,WW1 Water Bottle,Open Virtual Worlds,openvirtualworlds,https://sketchfab.com/openvirtualworlds,https://sketchfab.com/3d-models/581ae4804bcf49e7aa10ab9a4df1aa20,https://objaverse.allenai.org/,https://huggingface.co/datasets/allenai/objaverse/resolve/main/glbs/000-001/581ae4804bcf49e7aa10ab9a4df1aa20.glb,https://huggingface.co/datasets/allenai/objaverse/resolve/main/glbs/000-001/581ae4804bcf49e7aa10ab9a4df1aa20.glb,by,CC-BY-4.0,Creative Commons Attribution 4.0 International,https://creativecommons.org/licenses/by/4.0/,https://api.sketchfab.com/v3/models/581ae4804bcf49e7aa10ab9a4df1aa20,true,"""WW1 Water Bottle"" by Open Virtual Worlds, via Sketchfab/Objaverse, licensed under Creative Commons Attribution 4.0 International.",2016-09-20T08:09:32.049545,reference_reject,source_anchor_not_human,photogrammetry,objaverse:openvirtualworlds,585bedcc2b1ef562fe9562c20cf6ba3006798d91ac7e036b6c9671c90df3078c,waterbottle|heritage-photogrammetry|uist|ceut|northuist|lochmaddy|bottle,cultural-heritage-history,0.0090873043816945,bad,0.7633554935455322,good,Metadata manifest only. Obtain and use the asset under its listed source license and attribution requirements.
objaverse_58d92298e1c74398ba7ca6e7fa1fdffb,Objaverse,Sketchfab,58d92298e1c74398ba7ca6e7fa1fdffb,My magnificent 3D asset,joop.hermans,joop.hermans,https://sketchfab.com/joop.hermans,https://sketchfab.com/3d-models/58d92298e1c74398ba7ca6e7fa1fdffb,https://objaverse.allenai.org/,https://huggingface.co/datasets/allenai/objaverse/resolve/main/glbs/000-000/58d92298e1c74398ba7ca6e7fa1fdffb.glb,https://huggingface.co/datasets/allenai/objaverse/resolve/main/glbs/000-000/58d92298e1c74398ba7ca6e7fa1fdffb.glb,by,CC-BY-4.0,Creative Commons Attribution 4.0 International,https://creativecommons.org/licenses/by/4.0/,https://api.sketchfab.com/v3/models/58d92298e1c74398ba7ca6e7fa1fdffb,true,"""My magnificent 3D asset"" by joop.hermans, via Sketchfab/Objaverse, licensed under Creative Commons Attribution 4.0 International.",2022-06-27T07:57:12.847260,reference_reject,source_anchor_not_human,photogrammetry,objaverse:joop.hermans,0b5f07242e5d7538f459f95b368dd95c5327d918ae5857215bee042fca836d19,3df-zephyr,,0.0013138555017628,bad,0.9999361634254456,good,Metadata manifest only. Obtain and use the asset under its listed source license and attribution requirements.
objaverse_59773bd9aa6449889f748be5dc998d5c,Objaverse,Sketchfab,59773bd9aa6449889f748be5dc998d5c,New Model,Barry.Kwok,Barry.Kwok,https://sketchfab.com/Barry.Kwok,https://sketchfab.com/3d-models/59773bd9aa6449889f748be5dc998d5c,https://objaverse.allenai.org/,https://huggingface.co/datasets/allenai/objaverse/resolve/main/glbs/000-001/59773bd9aa6449889f748be5dc998d5c.glb,https://huggingface.co/datasets/allenai/objaverse/resolve/main/glbs/000-001/59773bd9aa6449889f748be5dc998d5c.glb,by,CC-BY-4.0,Creative Commons Attribution 4.0 International,https://creativecommons.org/licenses/by/4.0/,https://api.sketchfab.com/v3/models/59773bd9aa6449889f748be5dc998d5c,true,"""New Model"" by Barry.Kwok, via Sketchfab/Objaverse, licensed under Creative Commons Attribution 4.0 International.",2020-09-21T10:46:11.388623,reference_reject,source_anchor_not_human,3dscan;3dscanner,objaverse:Barry.Kwok,9a4b06fb6e3687d41c355c8133f9b255a8e41e1ff53dd05edbb8f7912cc12428,,,0.0017724548390853,bad,0.9999069571495056,good,Metadata manifest only. Obtain and use the asset under its listed source license and attribution requirements.
objaverse_5a185ded6b734d7097f45f381a37b266,Objaverse,Sketchfab,5a185ded6b734d7097f45f381a37b266,Turreted Bust,freyjona,freyjona,https://sketchfab.com/freyjona,https://sketchfab.com/3d-models/5a185ded6b734d7097f45f381a37b266,https://objaverse.allenai.org/,https://huggingface.co/datasets/allenai/objaverse/resolve/main/glbs/000-000/5a185ded6b734d7097f45f381a37b266.glb,https://huggingface.co/datasets/allenai/objaverse/resolve/main/glbs/000-000/5a185ded6b734d7097f45f381a37b266.glb,by,CC-BY-4.0,Creative Commons Attribution 4.0 International,https://creativecommons.org/licenses/by/4.0/,https://api.sketchfab.com/v3/models/5a185ded6b734d7097f45f381a37b266,true,"""Turreted Bust"" by freyjona, via Sketchfab/Objaverse, licensed under Creative Commons Attribution 4.0 International.",2016-06-28T11:12:33.726466,reference_reject,source_anchor_not_human,agisoft,objaverse:freyjona,4c02a76efcbfd81c6f6937169e543d7c76c1c0cae78a42199d14795c13349da7,sparta|marble|statue|roman|agisoft|photoscan|sculpture,,0.001316299633894,bad,0.9386637210845948,good,Metadata manifest only. Obtain and use the asset under its listed source license and attribution requirements.
objaverse_5a3b7ba7b639427ea970ccca90553aab,Objaverse,Sketchfab,5a3b7ba7b639427ea970ccca90553aab,Large tree log,Julian Malik,julianmalik,https://sketchfab.com/julianmalik,https://sketchfab.com/3d-models/5a3b7ba7b639427ea970ccca90553aab,https://objaverse.allenai.org/,https://huggingface.co/datasets/allenai/objaverse/resolve/main/glbs/000-000/5a3b7ba7b639427ea970ccca90553aab.glb,https://huggingface.co/datasets/allenai/objaverse/resolve/main/glbs/000-000/5a3b7ba7b639427ea970ccca90553aab.glb,by,CC-BY-4.0,Creative Commons Attribution 4.0 International,https://creativecommons.org/licenses/by/4.0/,https://api.sketchfab.com/v3/models/5a3b7ba7b639427ea970ccca90553aab,true,"""Large tree log"" by Julian Malik, via Sketchfab/Objaverse, licensed under Creative Commons Attribution 4.0 International.",2019-05-12T13:49:53.474159,reference_reject,source_anchor_not_human,realitycapture,objaverse:julianmalik,7476a848bb74e32048c17a55eb21ba3f441cfe82d987af32f47fbdbc606bc464,tree|log|cut|4k|vegetation|trunk|bark|scanned|nature|treetrunk|photoscanned|unity|unity3d|pbr|scan|wood,nature-plants,0.8362699151293295,bad,0.9997915029525756,good,Metadata manifest only. Obtain and use the asset under its listed source license and attribution requirements.
objaverse_5bada036ebfe451ab7b01ae723506e15,Objaverse,Sketchfab,5bada036ebfe451ab7b01ae723506e15,Saharov 10184+,a.terekhov,a.terekhov,https://sketchfab.com/a.terekhov,https://sketchfab.com/3d-models/5bada036ebfe451ab7b01ae723506e15,https://objaverse.allenai.org/,https://huggingface.co/datasets/allenai/objaverse/resolve/main/glbs/000-001/5bada036ebfe451ab7b01ae723506e15.glb,https://huggingface.co/datasets/allenai/objaverse/resolve/main/glbs/000-001/5bada036ebfe451ab7b01ae723506e15.glb,by,CC-BY-4.0,Creative Commons Attribution 4.0 International,https://creativecommons.org/licenses/by/4.0/,https://api.sketchfab.com/v3/models/5bada036ebfe451ab7b01ae723506e15,true,"""Saharov 10184+"" by a.terekhov, via Sketchfab/Objaverse, licensed under Creative Commons Attribution 4.0 International.",2020-02-20T12:25:52.436797,reference_reject,source_anchor_not_human,metashape;agisoft,objaverse:a.terekhov,191b445df0396174332a9f1901e0f3f2827c18a8d2001b82e1377f07001c201f,metashape|agisoft,,0.001372551811262,bad,0.9965626001358032,good,Metadata manifest only. Obtain and use the asset under its listed source license and attribution requirements.
objaverse_5deaff73824741cc8c3e29fa428808e3,Objaverse,Sketchfab,5deaff73824741cc8c3e29fa428808e3,Panels from the Sarcophagus of Menna,danderson4,danderson4,https://sketchfab.com/danderson4,https://sketchfab.com/3d-models/5deaff73824741cc8c3e29fa428808e3,https://objaverse.allenai.org/,https://huggingface.co/datasets/allenai/objaverse/resolve/main/glbs/000-000/5deaff73824741cc8c3e29fa428808e3.glb,https://huggingface.co/datasets/allenai/objaverse/resolve/main/glbs/000-000/5deaff73824741cc8c3e29fa428808e3.glb,by-nc,CC-BY-NC-4.0,Creative Commons Attribution-NonCommercial 4.0 International,https://creativecommons.org/licenses/by-nc/4.0/,https://api.sketchfab.com/v3/models/5deaff73824741cc8c3e29fa428808e3,true,"""Panels from the Sarcophagus of Menna"" by danderson4, via Sketchfab/Objaverse, licensed under Creative Commons Attribution-NonCommercial 4.0 International.",2016-11-21T16:41:34.349401,reference_reject,source_anchor_not_human,agisoft,objaverse:danderson4,551835c930cd55e08e3df4dd635269ffee81f059b2fa03baf328f24d172aa01e,egypt|coffin|horus|sarcophagus,animals-pets|cultural-heritage-history,0.0236428015383834,bad,0.8936222791671753,good,Metadata manifest only. Obtain and use the asset under its listed source license and attribution requirements.
objaverse_5df308af2bde42aa831827c25a685aac,Objaverse,Sketchfab,5df308af2bde42aa831827c25a685aac,hot tub,andycbush,andycbush,https://sketchfab.com/andycbush,https://sketchfab.com/3d-models/5df308af2bde42aa831827c25a685aac,https://objaverse.allenai.org/,https://huggingface.co/datasets/allenai/objaverse/resolve/main/glbs/000-000/5df308af2bde42aa831827c25a685aac.glb,https://huggingface.co/datasets/allenai/objaverse/resolve/main/glbs/000-000/5df308af2bde42aa831827c25a685aac.glb,by,CC-BY-4.0,Creative Commons Attribution 4.0 International,https://creativecommons.org/licenses/by/4.0/,https://api.sketchfab.com/v3/models/5df308af2bde42aa831827c25a685aac,true,"""hot tub"" by andycbush, via Sketchfab/Objaverse, licensed under Creative Commons Attribution 4.0 International.",2021-11-09T21:43:18.532384,reference_reject,source_anchor_not_human,3dscan;3dscanner,objaverse:andycbush,cc534841a6b7a87d679482e3d7e011a5c44b178e689db6fb4bad646bad3001c7,3dscannerapp,,0.0013142404371388,bad,0.9979211688041688,good,Metadata manifest only. Obtain and use the asset under its listed source license and attribution requirements.
objaverse_5f26582b5ee44e6d82631f071585b0e3,Objaverse,Sketchfab,5f26582b5ee44e6d82631f071585b0e3,Scooter Toy using Photogrammetry,Lief3D,Lief3D,https://sketchfab.com/Lief3D,https://sketchfab.com/3d-models/5f26582b5ee44e6d82631f071585b0e3,https://objaverse.allenai.org/,https://huggingface.co/datasets/allenai/objaverse/resolve/main/glbs/000-000/5f26582b5ee44e6d82631f071585b0e3.glb,https://huggingface.co/datasets/allenai/objaverse/resolve/main/glbs/000-000/5f26582b5ee44e6d82631f071585b0e3.glb,by,CC-BY-4.0,Creative Commons Attribution 4.0 International,https://creativecommons.org/licenses/by/4.0/,https://api.sketchfab.com/v3/models/5f26582b5ee44e6d82631f071585b0e3,true,"""Scooter Toy using Photogrammetry"" by Lief3D, via Sketchfab/Objaverse, licensed under Creative Commons Attribution 4.0 International.",2020-03-30T14:57:01.005549,reference_reject,source_anchor_not_human,photogrammetry;realitycapture,objaverse:Lief3D,4d543489744e4ed4135d2ac8fb57231b86140cdbb2dedcef07cdc29e55cbf43a,muppets|realitycapture|photogrammetry|rctoychallenge,characters-creatures,0.0054414001099734,bad,0.8966524600982666,good,Metadata manifest only. Obtain and use the asset under its listed source license and attribution requirements.
objaverse_5f93f1133fae4bc0838de848592cbdd0,Objaverse,Sketchfab,5f93f1133fae4bc0838de848592cbdd0,Untitled Scan,1208097436,1208097436,https://sketchfab.com/1208097436,https://sketchfab.com/3d-models/5f93f1133fae4bc0838de848592cbdd0,https://objaverse.allenai.org/,https://huggingface.co/datasets/allenai/objaverse/resolve/main/glbs/000-001/5f93f1133fae4bc0838de848592cbdd0.glb,https://huggingface.co/datasets/allenai/objaverse/resolve/main/glbs/000-001/5f93f1133fae4bc0838de848592cbdd0.glb,by,CC-BY-4.0,Creative Commons Attribution 4.0 International,https://creativecommons.org/licenses/by/4.0/,https://api.sketchfab.com/v3/models/5f93f1133fae4bc0838de848592cbdd0,true,"""Untitled Scan"" by 1208097436, via Sketchfab/Objaverse, licensed under Creative Commons Attribution 4.0 International.",2022-01-04T06:03:54.866654,reference_reject,source_anchor_not_human,3dscan;3dscanner,objaverse:1208097436,2673e554a50b47da875957bf5926a14f801ee66ac9037fba42529549b71cec6e,3dscannerapp,,0.0013133384273796,bad,0.4648725688457489,good,Metadata manifest only. Obtain and use the asset under its listed source license and attribution requirements.
objaverse_619fdebe7428407b876f8fcb1205a73a,Objaverse,Sketchfab,619fdebe7428407b876f8fcb1205a73a,Virbox360,the_fly,the_fly,https://sketchfab.com/the_fly,https://sketchfab.com/3d-models/619fdebe7428407b876f8fcb1205a73a,https://objaverse.allenai.org/,https://huggingface.co/datasets/allenai/objaverse/resolve/main/glbs/000-000/619fdebe7428407b876f8fcb1205a73a.glb,https://huggingface.co/datasets/allenai/objaverse/resolve/main/glbs/000-000/619fdebe7428407b876f8fcb1205a73a.glb,by,CC-BY-4.0,Creative Commons Attribution 4.0 International,https://creativecommons.org/licenses/by/4.0/,https://api.sketchfab.com/v3/models/619fdebe7428407b876f8fcb1205a73a,true,"""Virbox360"" by the_fly, via Sketchfab/Objaverse, licensed under Creative Commons Attribution 4.0 International.",2016-04-06T06:46:29.011554,reference_reject,source_anchor_not_human,agisoft,objaverse:the_fly,8728cd97a2d091381bb0d3679c7b00bd7fb8600673c4dff0175efa001f0459e1,virbox|agisoft|photoscan,,0.1096393787791189,bad,0.8625997304916382,good,Metadata manifest only. Obtain and use the asset under its listed source license and attribution requirements.
objaverse_62970c55ce93463e8893c56d559919c8,Objaverse,Sketchfab,62970c55ce93463e8893c56d559919c8,House photogrammetry,kender,kender,https://sketchfab.com/kender,https://sketchfab.com/3d-models/62970c55ce93463e8893c56d559919c8,https://objaverse.allenai.org/,https://huggingface.co/datasets/allenai/objaverse/resolve/main/glbs/000-001/62970c55ce93463e8893c56d559919c8.glb,https://huggingface.co/datasets/allenai/objaverse/resolve/main/glbs/000-001/62970c55ce93463e8893c56d559919c8.glb,by,CC-BY-4.0,Creative Commons Attribution 4.0 International,https://creativecommons.org/licenses/by/4.0/,https://api.sketchfab.com/v3/models/62970c55ce93463e8893c56d559919c8,true,"""House photogrammetry"" by kender, via Sketchfab/Objaverse, licensed under Creative Commons Attribution 4.0 International.",2018-04-13T17:11:42.138512,reference_reject,source_anchor_not_human,photogrammetry,objaverse:kender,a776280a3c123dce0bda86041c49a3ecd418ba47657e3895074b996a47c808c3,,architecture,0.0038331914068568,bad,0.7723301649093628,good,Metadata manifest only. Obtain and use the asset under its listed source license and attribution requirements.
objaverse_63abbb1b4c3249e19c66b97a65646427,Objaverse,Sketchfab,63abbb1b4c3249e19c66b97a65646427,McGraw Clocktower Cornell University,ncassab,ncassab,https://sketchfab.com/ncassab,https://sketchfab.com/3d-models/63abbb1b4c3249e19c66b97a65646427,https://objaverse.allenai.org/,https://huggingface.co/datasets/allenai/objaverse/resolve/main/glbs/000-000/63abbb1b4c3249e19c66b97a65646427.glb,https://huggingface.co/datasets/allenai/objaverse/resolve/main/glbs/000-000/63abbb1b4c3249e19c66b97a65646427.glb,by,CC-BY-4.0,Creative Commons Attribution 4.0 International,https://creativecommons.org/licenses/by/4.0/,https://api.sketchfab.com/v3/models/63abbb1b4c3249e19c66b97a65646427,true,"""McGraw Clocktower Cornell University"" by ncassab, via Sketchfab/Objaverse, licensed under Creative Commons Attribution 4.0 International.",2015-10-13T17:39:32,reference_reject,source_anchor_not_human,3dscan,objaverse:ncassab,c6b598a8df18c7812789202258fc339f74f7358660dcca67f10592b5d4bcefde,tower|drone|clock|university|sunset|fall|dji|cornell|clocktower|mcgraw|art2907|scan|3dscan|leaves,architecture,0.0013150414690739,bad,0.9814720749855042,good,Metadata manifest only. Obtain and use the asset under its listed source license and attribution requirements.
objaverse_63d16b5c5cb84449acf48e7c98dd485c,Objaverse,Sketchfab,63d16b5c5cb84449acf48e7c98dd485c,"Cromer cliff base, Norfolk",South West Aerial Surveys,southwestdrones,https://sketchfab.com/southwestdrones,https://sketchfab.com/3d-models/63d16b5c5cb84449acf48e7c98dd485c,https://objaverse.allenai.org/,https://huggingface.co/datasets/allenai/objaverse/resolve/main/glbs/000-001/63d16b5c5cb84449acf48e7c98dd485c.glb,https://huggingface.co/datasets/allenai/objaverse/resolve/main/glbs/000-001/63d16b5c5cb84449acf48e7c98dd485c.glb,by,CC-BY-4.0,Creative Commons Attribution 4.0 International,https://creativecommons.org/licenses/by/4.0/,https://api.sketchfab.com/v3/models/63d16b5c5cb84449acf48e7c98dd485c,true,"""Cromer cliff base, Norfolk"" by South West Aerial Surveys, via Sketchfab/Objaverse, licensed under Creative Commons Attribution 4.0 International.",2020-08-17T13:09:40.607805,reference_reject,source_anchor_not_human,3dscan;3dscanner;lidar,objaverse:southwestdrones,299acbda9bf9d197f3bd0dc41ce6bca3b18636b6d592dceecd6acac3cb2e255e,cliff|erosion|weathering|lidar_scanning|ipadpro2020,cultural-heritage-history|science-technology,0.0013133710821394,bad,0.9997662305831908,good,Metadata manifest only. Obtain and use the asset under its listed source license and attribution requirements.
objaverse_6561e4c730554dec8e2dc8cdc50a0e9f,Objaverse,Sketchfab,6561e4c730554dec8e2dc8cdc50a0e9f,Playroom Scan 2,Zi7ar21,Zi7ar21,https://sketchfab.com/Zi7ar21,https://sketchfab.com/3d-models/6561e4c730554dec8e2dc8cdc50a0e9f,https://objaverse.allenai.org/,https://huggingface.co/datasets/allenai/objaverse/resolve/main/glbs/000-000/6561e4c730554dec8e2dc8cdc50a0e9f.glb,https://huggingface.co/datasets/allenai/objaverse/resolve/main/glbs/000-000/6561e4c730554dec8e2dc8cdc50a0e9f.glb,by,CC-BY-4.0,Creative Commons Attribution 4.0 International,https://creativecommons.org/licenses/by/4.0/,https://api.sketchfab.com/v3/models/6561e4c730554dec8e2dc8cdc50a0e9f,true,"""Playroom Scan 2"" by Zi7ar21, via Sketchfab/Objaverse, licensed under Creative Commons Attribution 4.0 International.",2020-12-04T00:50:56.687352,reference_reject,source_anchor_not_human,3dscan;3d scanner;3dscanner,objaverse:Zi7ar21,875b81776c7c14e7cf4a66041580046deabd26ede2689b8ee971704dea5d0534,3dscan|lubos|lvonasek|3dscannerforarcore,architecture|furniture-home,0.0016795929975854,bad,0.494738757610321,bad,Metadata manifest only. Obtain and use the asset under its listed source license and attribution requirements.
objaverse_6604f82041734495a5c284f4c1b8e8d9,Objaverse,Sketchfab,6604f82041734495a5c284f4c1b8e8d9,Stone,Zende,Zende,https://sketchfab.com/Zende,https://sketchfab.com/3d-models/6604f82041734495a5c284f4c1b8e8d9,https://objaverse.allenai.org/,https://huggingface.co/datasets/allenai/objaverse/resolve/main/glbs/000-001/6604f82041734495a5c284f4c1b8e8d9.glb,https://huggingface.co/datasets/allenai/objaverse/resolve/main/glbs/000-001/6604f82041734495a5c284f4c1b8e8d9.glb,by,CC-BY-4.0,Creative Commons Attribution 4.0 International,https://creativecommons.org/licenses/by/4.0/,https://api.sketchfab.com/v3/models/6604f82041734495a5c284f4c1b8e8d9,true,"""Stone"" by Zende, via Sketchfab/Objaverse, licensed under Creative Commons Attribution 4.0 International.",2022-09-08T20:07:02.417411,reference_reject,source_anchor_not_human,photogrammetry;meshroom,objaverse:Zende,961b2541326159d3ff55e8166b676749d57c613c173a49b893d229c609de7367,landscape|terrain|ground|beach|nature|photoscan|photogrammetry|asset|model|scan|stone|rock,nature-plants,0.0013287971292397,bad,0.999916672706604,good,Metadata manifest only. Obtain and use the asset under its listed source license and attribution requirements.
objaverse_66e98b4d5155498b9032a34ec6188a1a,Objaverse,Sketchfab,66e98b4d5155498b9032a34ec6188a1a,Untitled Scan,leciyar590,leciyar590,https://sketchfab.com/leciyar590,https://sketchfab.com/3d-models/66e98b4d5155498b9032a34ec6188a1a,https://objaverse.allenai.org/,https://huggingface.co/datasets/allenai/objaverse/resolve/main/glbs/000-000/66e98b4d5155498b9032a34ec6188a1a.glb,https://huggingface.co/datasets/allenai/objaverse/resolve/main/glbs/000-000/66e98b4d5155498b9032a34ec6188a1a.glb,by,CC-BY-4.0,Creative Commons Attribution 4.0 International,https://creativecommons.org/licenses/by/4.0/,https://api.sketchfab.com/v3/models/66e98b4d5155498b9032a34ec6188a1a,true,"""Untitled Scan"" by leciyar590, via Sketchfab/Objaverse, licensed under Creative Commons Attribution 4.0 International.",2022-04-14T07:18:17.667212,reference_reject,source_anchor_not_human,3dscan;3dscanner,objaverse:leciyar590,fcf41e3ce1197bb73762417656f68a5b587a2ba7e10db1cb0522dc7210f8e2ef,3dscannerapp,,0.0013133508984115,bad,0.9261794090270996,good,Metadata manifest only. Obtain and use the asset under its listed source license and attribution requirements.
objaverse_692d4b936c9f43d5a3f42fef0911318b,Objaverse,Sketchfab,692d4b936c9f43d5a3f42fef0911318b,Mossy Log,red_alert9164,red_alert9164,https://sketchfab.com/red_alert9164,https://sketchfab.com/3d-models/692d4b936c9f43d5a3f42fef0911318b,https://objaverse.allenai.org/,https://huggingface.co/datasets/allenai/objaverse/resolve/main/glbs/000-000/692d4b936c9f43d5a3f42fef0911318b.glb,https://huggingface.co/datasets/allenai/objaverse/resolve/main/glbs/000-000/692d4b936c9f43d5a3f42fef0911318b.glb,by,CC-BY-4.0,Creative Commons Attribution 4.0 International,https://creativecommons.org/licenses/by/4.0/,https://api.sketchfab.com/v3/models/692d4b936c9f43d5a3f42fef0911318b,true,"""Mossy Log"" by red_alert9164, via Sketchfab/Objaverse, licensed under Creative Commons Attribution 4.0 International.",2020-05-22T11:44:15.719185,reference_reject,source_anchor_not_human,photogrammetry,objaverse:red_alert9164,8e74cca0b26a6e600349ca93ca4edc64384476b0ec18b735f55a0420918ae5ca,plants|log|nature|moss|photoscan|photogrammetry,nature-plants,0.0013384170552016,bad,0.901579976081848,good,Metadata manifest only. Obtain and use the asset under its listed source license and attribution requirements.
objaverse_693258d2ad144af280cfa3778b55f2ce,Objaverse,Sketchfab,693258d2ad144af280cfa3778b55f2ce,Stone axe,Viktoryia_Makouskaya,Viktoryia_Makouskaya,https://sketchfab.com/Viktoryia_Makouskaya,https://sketchfab.com/3d-models/693258d2ad144af280cfa3778b55f2ce,https://objaverse.allenai.org/,https://huggingface.co/datasets/allenai/objaverse/resolve/main/glbs/000-001/693258d2ad144af280cfa3778b55f2ce.glb,https://huggingface.co/datasets/allenai/objaverse/resolve/main/glbs/000-001/693258d2ad144af280cfa3778b55f2ce.glb,by,CC-BY-4.0,Creative Commons Attribution 4.0 International,https://creativecommons.org/licenses/by/4.0/,https://api.sketchfab.com/v3/models/693258d2ad144af280cfa3778b55f2ce,true,"""Stone axe"" by Viktoryia_Makouskaya, via Sketchfab/Objaverse, licensed under Creative Commons Attribution 4.0 International.",2018-06-16T20:28:22.438077,reference_reject,source_anchor_not_human,photogrammetry,objaverse:Viktoryia_Makouskaya,987cddb5f413eacc2b7e4f775929df18e941d283d33e2ed149e6851a44382a02,belarus|photogrammetry|3dsmax|archaeology,cultural-heritage-history,0.0170743495642487,bad,0.823265790939331,good,Metadata manifest only. Obtain and use the asset under its listed source license and attribution requirements.
objaverse_6c036d90b87240ceb10d5e84a5a4fc2e,Objaverse,Sketchfab,6c036d90b87240ceb10d5e84a5a4fc2e,CbD_libertystatue,cyberdream_3d,cyberdream_3d,https://sketchfab.com/cyberdream_3d,https://sketchfab.com/3d-models/6c036d90b87240ceb10d5e84a5a4fc2e,https://objaverse.allenai.org/,https://huggingface.co/datasets/allenai/objaverse/resolve/main/glbs/000-001/6c036d90b87240ceb10d5e84a5a4fc2e.glb,https://huggingface.co/datasets/allenai/objaverse/resolve/main/glbs/000-001/6c036d90b87240ceb10d5e84a5a4fc2e.glb,by,CC-BY-4.0,Creative Commons Attribution 4.0 International,https://creativecommons.org/licenses/by/4.0/,https://api.sketchfab.com/v3/models/6c036d90b87240ceb10d5e84a5a4fc2e,true,"""CbD_libertystatue"" by cyberdream_3d, via Sketchfab/Objaverse, licensed under Creative Commons Attribution 4.0 International.",2021-11-18T04:00:24.357920,reference_reject,source_anchor_not_human,3dscan,objaverse:cyberdream_3d,f0685f6c45b5deb565da4b4d35186217c9759cfb3d8c4c96608d069bf84ccbd3,trnio|3dscan,,0.0013611843714782,bad,0.8606404662132263,good,Metadata manifest only. Obtain and use the asset under its listed source license and attribution requirements.
objaverse_6d29c07d2b0741588b7662cde87c29e1,Objaverse,Sketchfab,6d29c07d2b0741588b7662cde87c29e1,New Model,Taron.Ah.Chee,Taron.Ah.Chee,https://sketchfab.com/Taron.Ah.Chee,https://sketchfab.com/3d-models/6d29c07d2b0741588b7662cde87c29e1,https://objaverse.allenai.org/,https://huggingface.co/datasets/allenai/objaverse/resolve/main/glbs/000-001/6d29c07d2b0741588b7662cde87c29e1.glb,https://huggingface.co/datasets/allenai/objaverse/resolve/main/glbs/000-001/6d29c07d2b0741588b7662cde87c29e1.glb,by,CC-BY-4.0,Creative Commons Attribution 4.0 International,https://creativecommons.org/licenses/by/4.0/,https://api.sketchfab.com/v3/models/6d29c07d2b0741588b7662cde87c29e1,true,"""New Model"" by Taron.Ah.Chee, via Sketchfab/Objaverse, licensed under Creative Commons Attribution 4.0 International.",2021-01-18T19:49:20.825750,reference_reject,source_anchor_not_human,3dscan;3dscanner,objaverse:Taron.Ah.Chee,777ac2bad652e6bced7fc2198cce3aea253ea45baf49d30be81d8e6d35517fe8,,,0.0013685260910031,bad,0.98650324344635,good,Metadata manifest only. Obtain and use the asset under its listed source license and attribution requirements.
objaverse_6dbf83aebfe0464fb6cad7323b5f3398,Objaverse,Sketchfab,6dbf83aebfe0464fb6cad7323b5f3398,tidy packing room,Tom Johnson,Brigyon,https://sketchfab.com/Brigyon,https://sketchfab.com/3d-models/6dbf83aebfe0464fb6cad7323b5f3398,https://objaverse.allenai.org/,https://huggingface.co/datasets/allenai/objaverse/resolve/main/glbs/000-000/6dbf83aebfe0464fb6cad7323b5f3398.glb,https://huggingface.co/datasets/allenai/objaverse/resolve/main/glbs/000-000/6dbf83aebfe0464fb6cad7323b5f3398.glb,by,CC-BY-4.0,Creative Commons Attribution 4.0 International,https://creativecommons.org/licenses/by/4.0/,https://api.sketchfab.com/v3/models/6dbf83aebfe0464fb6cad7323b5f3398,true,"""tidy packing room"" by Tom Johnson, via Sketchfab/Objaverse, licensed under Creative Commons Attribution 4.0 International.",2022-06-01T11:18:40.543828,reference_reject,source_anchor_not_human,3dscan;3dscanner,objaverse:Brigyon,1b8d3fc942882343949551e1f89e45553730f1df82084fa65626a234e3708b14,3dscannerapp,,0.0013133374234434,bad,0.9998729825019836,good,Metadata manifest only. Obtain and use the asset under its listed source license and attribution requirements.
objaverse_6e16988577964ddf8f7ca4c2e47fb8c5,Objaverse,Sketchfab,6e16988577964ddf8f7ca4c2e47fb8c5,"UWYMV 3950, Lontra canadensis - Crania",University of Wyoming Libraries,uwlibraries,https://sketchfab.com/uwlibraries,https://sketchfab.com/3d-models/6e16988577964ddf8f7ca4c2e47fb8c5,https://objaverse.allenai.org/,https://huggingface.co/datasets/allenai/objaverse/resolve/main/glbs/000-001/6e16988577964ddf8f7ca4c2e47fb8c5.glb,https://huggingface.co/datasets/allenai/objaverse/resolve/main/glbs/000-001/6e16988577964ddf8f7ca4c2e47fb8c5.glb,by,CC-BY-4.0,Creative Commons Attribution 4.0 International,https://creativecommons.org/licenses/by/4.0/,https://api.sketchfab.com/v3/models/6e16988577964ddf8f7ca4c2e47fb8c5,true,"""UWYMV 3950, Lontra canadensis - Crania"" by University of Wyoming Libraries, via Sketchfab/Objaverse, licensed under Creative Commons Attribution 4.0 International.",2020-08-19T20:17:11.700449,reference_reject,source_anchor_not_human,metashape;agisoft,objaverse:uwlibraries,9b62b04baa6bdc50e310942dd73dcd07743ca91e19e97f14c485c42061f3021b,metashape|agisoft|uwyo|museum-of-vertebrates,animals-pets|nature-plants,0.001313741698403,bad,0.9931857585906982,good,Metadata manifest only. Obtain and use the asset under its listed source license and attribution requirements.
objaverse_6e4eab22c7e44e7ca5a2165aafe7f9d6,Objaverse,Sketchfab,6e4eab22c7e44e7ca5a2165aafe7f9d6,Small Stone Scan,romullus,romullus,https://sketchfab.com/romullus,https://sketchfab.com/3d-models/6e4eab22c7e44e7ca5a2165aafe7f9d6,https://objaverse.allenai.org/,https://huggingface.co/datasets/allenai/objaverse/resolve/main/glbs/000-001/6e4eab22c7e44e7ca5a2165aafe7f9d6.glb,https://huggingface.co/datasets/allenai/objaverse/resolve/main/glbs/000-001/6e4eab22c7e44e7ca5a2165aafe7f9d6.glb,by-sa,CC-BY-SA-4.0,Creative Commons Attribution-ShareAlike 4.0 International,https://creativecommons.org/licenses/by-sa/4.0/,https://api.sketchfab.com/v3/models/6e4eab22c7e44e7ca5a2165aafe7f9d6,true,"""Small Stone Scan"" by romullus, via Sketchfab/Objaverse, licensed under Creative Commons Attribution-ShareAlike 4.0 International.",2021-01-10T13:43:19.050928,reference_reject,source_anchor_not_human,photogrammetry,objaverse:romullus,68257cb55f1b1aa8f5a6280c2b1db1d309e4ead62acedc9664414be5e7c27c0f,retopology|pebble|mobilephonescan|low-poly|photogrammetry|pbr|scan|stone|rock,nature-plants,0.0018097751447983,bad,0.995317816734314,good,Metadata manifest only. Obtain and use the asset under its listed source license and attribution requirements.
objaverse_6ecd5d7250c34e1d9e08cfaa5c86e2a0,Objaverse,Sketchfab,6ecd5d7250c34e1d9e08cfaa5c86e2a0,Synthetic test: Bentley ContextCapture /Ultra/,Vlad,ssh4,https://sketchfab.com/ssh4,https://sketchfab.com/3d-models/6ecd5d7250c34e1d9e08cfaa5c86e2a0,https://objaverse.allenai.org/,https://huggingface.co/datasets/allenai/objaverse/resolve/main/glbs/000-000/6ecd5d7250c34e1d9e08cfaa5c86e2a0.glb,https://huggingface.co/datasets/allenai/objaverse/resolve/main/glbs/000-000/6ecd5d7250c34e1d9e08cfaa5c86e2a0.glb,by,CC-BY-4.0,Creative Commons Attribution 4.0 International,https://creativecommons.org/licenses/by/4.0/,https://api.sketchfab.com/v3/models/6ecd5d7250c34e1d9e08cfaa5c86e2a0,true,"""Synthetic test: Bentley ContextCapture /Ultra/"" by Vlad, via Sketchfab/Objaverse, licensed under Creative Commons Attribution 4.0 International.",2017-01-05T07:16:56.694839,reference_reject,source_anchor_not_human,photogrammetry;realitycapture;agisoft,objaverse:ssh4,20b9f56cd8fb5f35bc5daed18b0d15254e37806ba04c892ec696ca5ae26caad8,synthetic|contextcapture|photogrammetry|test,electronics-gadgets|science-technology,0.1508076794970488,bad,0.9591102600097656,good,Metadata manifest only. Obtain and use the asset under its listed source license and attribution requirements.
objaverse_71a6255807d74cd9b295ce5f4857cbf9,Objaverse,Sketchfab,71a6255807d74cd9b295ce5f4857cbf9,Ngoc Khanh Statue,Ondris Pui,ondris,https://sketchfab.com/ondris,https://sketchfab.com/3d-models/71a6255807d74cd9b295ce5f4857cbf9,https://objaverse.allenai.org/,https://huggingface.co/datasets/allenai/objaverse/resolve/main/glbs/000-001/71a6255807d74cd9b295ce5f4857cbf9.glb,https://huggingface.co/datasets/allenai/objaverse/resolve/main/glbs/000-001/71a6255807d74cd9b295ce5f4857cbf9.glb,by,CC-BY-4.0,Creative Commons Attribution 4.0 International,https://creativecommons.org/licenses/by/4.0/,https://api.sketchfab.com/v3/models/71a6255807d74cd9b295ce5f4857cbf9,true,"""Ngoc Khanh Statue"" by Ondris Pui, via Sketchfab/Objaverse, licensed under Creative Commons Attribution 4.0 International.",2021-03-16T05:58:46.503618,reference_reject,source_anchor_not_human,photogrammetry;meshroom,objaverse:ondris,ed21c5bcc43053c9e7875bc5278708644a7e898c27b47d902168b38f822fdfbb,statue|photogrammetry,architecture|characters-creatures,0.0013508921194517,bad,0.7533894181251526,good,Metadata manifest only. Obtain and use the asset under its listed source license and attribution requirements.
objaverse_71c8e022547742e3ad105b23e7d2f358,Objaverse,Sketchfab,71c8e022547742e3ad105b23e7d2f358,Bronze plaque--the Battle of Piqua or Picawey,greenelk,greenelk,https://sketchfab.com/greenelk,https://sketchfab.com/3d-models/71c8e022547742e3ad105b23e7d2f358,https://objaverse.allenai.org/,https://huggingface.co/datasets/allenai/objaverse/resolve/main/glbs/000-000/71c8e022547742e3ad105b23e7d2f358.glb,https://huggingface.co/datasets/allenai/objaverse/resolve/main/glbs/000-000/71c8e022547742e3ad105b23e7d2f358.glb,by,CC-BY-4.0,Creative Commons Attribution 4.0 International,https://creativecommons.org/licenses/by/4.0/,https://api.sketchfab.com/v3/models/71c8e022547742e3ad105b23e7d2f358,true,"""Bronze plaque--the Battle of Piqua or Picawey"" by greenelk, via Sketchfab/Objaverse, licensed under Creative Commons Attribution 4.0 International.",2021-06-20T11:47:31.413569,reference_reject,source_anchor_not_human,metashape;agisoft,objaverse:greenelk,9502791bd6aa076a9dc5f0ad73723f3bae4ac270978018e4e841626421e6debb,revolutionarywar|metashape|shawnee|agisoft,cultural-heritage-history,0.0013133364830398,bad,0.8613644242286682,good,Metadata manifest only. Obtain and use the asset under its listed source license and attribution requirements.
objaverse_724935ba52ce4ac88c46593e6dd5f099,Objaverse,Sketchfab,724935ba52ce4ac88c46593e6dd5f099,0313熱帯魚の家（菅先生撮影）,dronegis,dronegis,https://sketchfab.com/dronegis,https://sketchfab.com/3d-models/724935ba52ce4ac88c46593e6dd5f099,https://objaverse.allenai.org/,https://huggingface.co/datasets/allenai/objaverse/resolve/main/glbs/000-001/724935ba52ce4ac88c46593e6dd5f099.glb,https://huggingface.co/datasets/allenai/objaverse/resolve/main/glbs/000-001/724935ba52ce4ac88c46593e6dd5f099.glb,by,CC-BY-4.0,Creative Commons Attribution 4.0 International,https://creativecommons.org/licenses/by/4.0/,https://api.sketchfab.com/v3/models/724935ba52ce4ac88c46593e6dd5f099,true,"""0313熱帯魚の家（菅先生撮影）"" by dronegis, via Sketchfab/Objaverse, licensed under Creative Commons Attribution 4.0 International.",2021-03-16T06:59:48.839295,reference_reject,source_anchor_not_human,3dscan;3dscanner,objaverse:dronegis,36becc62dd3579b2bfead4cf2991bb4b9dfb65283009ec28818f233ac209bcdd,3dscannerapp,,0.0013155275017888,bad,0.9997695684432985,good,Metadata manifest only. Obtain and use the asset under its listed source license and attribution requirements.
objaverse_730a4921368a476bb2f640df6f076ec7,Objaverse,Sketchfab,730a4921368a476bb2f640df6f076ec7,Yuca grinder pottery shard,callanbentley,callanbentley,https://sketchfab.com/callanbentley,https://sketchfab.com/3d-models/730a4921368a476bb2f640df6f076ec7,https://objaverse.allenai.org/,https://huggingface.co/datasets/allenai/objaverse/resolve/main/glbs/000-001/730a4921368a476bb2f640df6f076ec7.glb,https://huggingface.co/datasets/allenai/objaverse/resolve/main/glbs/000-001/730a4921368a476bb2f640df6f076ec7.glb,by-nc,CC-BY-NC-4.0,Creative Commons Attribution-NonCommercial 4.0 International,https://creativecommons.org/licenses/by-nc/4.0/,https://api.sketchfab.com/v3/models/730a4921368a476bb2f640df6f076ec7,true,"""Yuca grinder pottery shard"" by callanbentley, via Sketchfab/Objaverse, licensed under Creative Commons Attribution-NonCommercial 4.0 International.",2018-12-24T17:48:53.146363,reference_reject,source_anchor_not_human,agisoft,objaverse:callanbentley,e52700c8affcc788879a6df0ceedfaa374a759e43c5df5c4bea423dda4fe2c9a,agisoft|photoscan,,0.0016347598482528,bad,0.5608458518981934,good,Metadata manifest only. Obtain and use the asset under its listed source license and attribution requirements.
objaverse_7499b1c442554928a7aa2a8900f435d9,Objaverse,Sketchfab,7499b1c442554928a7aa2a8900f435d9,Eucalyptus Seed Pod,UC San Diego - Digital Media Lab,dml-ucsdlibrary,https://sketchfab.com/dml-ucsdlibrary,https://sketchfab.com/3d-models/7499b1c442554928a7aa2a8900f435d9,https://objaverse.allenai.org/,https://huggingface.co/datasets/allenai/objaverse/resolve/main/glbs/000-000/7499b1c442554928a7aa2a8900f435d9.glb,https://huggingface.co/datasets/allenai/objaverse/resolve/main/glbs/000-000/7499b1c442554928a7aa2a8900f435d9.glb,by,CC-BY-4.0,Creative Commons Attribution 4.0 International,https://creativecommons.org/licenses/by/4.0/,https://api.sketchfab.com/v3/models/7499b1c442554928a7aa2a8900f435d9,true,"""Eucalyptus Seed Pod"" by UC San Diego - Digital Media Lab, via Sketchfab/Objaverse, licensed under Creative Commons Attribution 4.0 International.",2019-09-25T19:34:34.691605,reference_reject,source_anchor_not_human,metashape;agisoft,objaverse:dml-ucsdlibrary,126b1d5232902963ae63c39f42a6d9d8ac1d3aa1b88ad570adc7410979abc408,metashape|agisoft,nature-plants,0.0013135665791824,bad,0.9980673789978028,good,Metadata manifest only. Obtain and use the asset under its listed source license and attribution requirements.
objaverse_7597746a3d3c4d07afae6b45c5a6662d,Objaverse,Sketchfab,7597746a3d3c4d07afae6b45c5a6662d,Trilobite 04-01-2020,rocksandminerals,rocksandminerals,https://sketchfab.com/rocksandminerals,https://sketchfab.com/3d-models/7597746a3d3c4d07afae6b45c5a6662d,https://objaverse.allenai.org/,https://huggingface.co/datasets/allenai/objaverse/resolve/main/glbs/000-001/7597746a3d3c4d07afae6b45c5a6662d.glb,https://huggingface.co/datasets/allenai/objaverse/resolve/main/glbs/000-001/7597746a3d3c4d07afae6b45c5a6662d.glb,by,CC-BY-4.0,Creative Commons Attribution 4.0 International,https://creativecommons.org/licenses/by/4.0/,https://api.sketchfab.com/v3/models/7597746a3d3c4d07afae6b45c5a6662d,true,"""Trilobite 04-01-2020"" by rocksandminerals, via Sketchfab/Objaverse, licensed under Creative Commons Attribution 4.0 International.",2020-04-02T00:03:51.840728,reference_reject,source_anchor_not_human,agisoft,objaverse:rocksandminerals,715a3fece75daada4d26b7a9cad64a86c4df043d9f749d7ad467717cd3a1d645,agisoft|photoscan,,0.0013160121612649,bad,0.9990427494049072,good,Metadata manifest only. Obtain and use the asset under its listed source license and attribution requirements.
objaverse_7635346b3109403c8f1f3089ea948d68,Objaverse,Sketchfab,7635346b3109403c8f1f3089ea948d68,hamburger,ryuki miura,ryukimiura,https://sketchfab.com/ryukimiura,https://sketchfab.com/3d-models/7635346b3109403c8f1f3089ea948d68,https://objaverse.allenai.org/,https://huggingface.co/datasets/allenai/objaverse/resolve/main/glbs/000-001/7635346b3109403c8f1f3089ea948d68.glb,https://huggingface.co/datasets/allenai/objaverse/resolve/main/glbs/000-001/7635346b3109403c8f1f3089ea948d68.glb,by,CC-BY-4.0,Creative Commons Attribution 4.0 International,https://creativecommons.org/licenses/by/4.0/,https://api.sketchfab.com/v3/models/7635346b3109403c8f1f3089ea948d68,true,"""hamburger"" by ryuki miura, via Sketchfab/Objaverse, licensed under Creative Commons Attribution 4.0 International.",2022-04-30T06:47:47.081686,reference_reject,source_anchor_not_human,3dscan;realitycapture;meshroom,objaverse:ryukimiura,01dcf77963cc74a55a6190b57c7dbdfd28ea6538c78fd263935f3c13bf650967,3d-scan|3dscanning|free3dmodel|authentic|freedownload|freemodel|aseprite|download_model|photoscan|realitycapture|3dscan|gameasset|free|download,food-drink,0.0210178916422103,bad,0.999988317489624,good,Metadata manifest only. Obtain and use the asset under its listed source license and attribution requirements.
objaverse_76c03123386b43d28893ac6a787ca06a,Objaverse,Sketchfab,76c03123386b43d28893ac6a787ca06a,Yamaha GP2,GM3Dscan,GM3Dscan,https://sketchfab.com/GM3Dscan,https://sketchfab.com/3d-models/76c03123386b43d28893ac6a787ca06a,https://objaverse.allenai.org/,https://huggingface.co/datasets/allenai/objaverse/resolve/main/glbs/000-001/76c03123386b43d28893ac6a787ca06a.glb,https://huggingface.co/datasets/allenai/objaverse/resolve/main/glbs/000-001/76c03123386b43d28893ac6a787ca06a.glb,by-nc,CC-BY-NC-4.0,Creative Commons Attribution-NonCommercial 4.0 International,https://creativecommons.org/licenses/by-nc/4.0/,https://api.sketchfab.com/v3/models/76c03123386b43d28893ac6a787ca06a,true,"""Yamaha GP2"" by GM3Dscan, via Sketchfab/Objaverse, licensed under Creative Commons Attribution-NonCommercial 4.0 International.",2021-04-23T09:08:00.143904,reference_reject,source_anchor_not_human,photogrammetry;3dscan;metashape,objaverse:GM3Dscan,7ad20d3b2361d17ee56b731b03332389d749a997eb7d5c920a87999787616747,prop|urban|motorbike|road|gamedev|3dscanning|photogrammetry,cars-vehicles,0.3209940433118037,bad,0.7863490581512451,good,Metadata manifest only. Obtain and use the asset under its listed source license and attribution requirements.
objaverse_76d1171bbdd94d8ca567d5a098f9470f,Objaverse,Sketchfab,76d1171bbdd94d8ca567d5a098f9470f,clayman,OHYAMA Hiroya,zazazzz,https://sketchfab.com/zazazzz,https://sketchfab.com/3d-models/76d1171bbdd94d8ca567d5a098f9470f,https://objaverse.allenai.org/,https://huggingface.co/datasets/allenai/objaverse/resolve/main/glbs/000-000/76d1171bbdd94d8ca567d5a098f9470f.glb,https://huggingface.co/datasets/allenai/objaverse/resolve/main/glbs/000-000/76d1171bbdd94d8ca567d5a098f9470f.glb,by,CC-BY-4.0,Creative Commons Attribution 4.0 International,https://creativecommons.org/licenses/by/4.0/,https://api.sketchfab.com/v3/models/76d1171bbdd94d8ca567d5a098f9470f,true,"""clayman"" by OHYAMA Hiroya, via Sketchfab/Objaverse, licensed under Creative Commons Attribution 4.0 International.",2018-08-15T13:30:42.110713,reference_reject,source_anchor_not_human,3d scanner,objaverse:zazazzz,0278e7be4255212a9da66bddc53308467d1b04c462e73162048040a18a407af7,3d-scanner|eora3d,characters-creatures,0.0106418909996628,bad,0.756229043006897,good,Metadata manifest only. Obtain and use the asset under its listed source license and attribution requirements.
objaverse_7775a30f7edf45a8a6e97795327e2285,Objaverse,Sketchfab,7775a30f7edf45a8a6e97795327e2285,Buttermilch,mexana,mexana,https://sketchfab.com/mexana,https://sketchfab.com/3d-models/7775a30f7edf45a8a6e97795327e2285,https://objaverse.allenai.org/,https://huggingface.co/datasets/allenai/objaverse/resolve/main/glbs/000-001/7775a30f7edf45a8a6e97795327e2285.glb,https://huggingface.co/datasets/allenai/objaverse/resolve/main/glbs/000-001/7775a30f7edf45a8a6e97795327e2285.glb,by,CC-BY-4.0,Creative Commons Attribution 4.0 International,https://creativecommons.org/licenses/by/4.0/,https://api.sketchfab.com/v3/models/7775a30f7edf45a8a6e97795327e2285,true,"""Buttermilch"" by mexana, via Sketchfab/Objaverse, licensed under Creative Commons Attribution 4.0 International.",2021-11-05T11:17:48.330401,reference_reject,source_anchor_not_human,3dscan,objaverse:mexana,79f92f094a301b7813bf294cae4d0c90acc2c4ad8edc3c58e9bb4e5520788540,trnio|3dscan,,0.001338994932791,bad,0.9904108047485352,good,Metadata manifest only. Obtain and use the asset under its listed source license and attribution requirements.
objaverse_7886642b1ea84dd3bbdf4794c4c42c0b,Objaverse,Sketchfab,7886642b1ea84dd3bbdf4794c4c42c0b,tree trunk,PGSimulation,lama99,https://sketchfab.com/lama99,https://sketchfab.com/3d-models/7886642b1ea84dd3bbdf4794c4c42c0b,https://objaverse.allenai.org/,https://huggingface.co/datasets/allenai/objaverse/resolve/main/glbs/000-000/7886642b1ea84dd3bbdf4794c4c42c0b.glb,https://huggingface.co/datasets/allenai/objaverse/resolve/main/glbs/000-000/7886642b1ea84dd3bbdf4794c4c42c0b.glb,by,CC-BY-4.0,Creative Commons Attribution 4.0 International,https://creativecommons.org/licenses/by/4.0/,https://api.sketchfab.com/v3/models/7886642b1ea84dd3bbdf4794c4c42c0b,true,"""tree trunk"" by PGSimulation, via Sketchfab/Objaverse, licensed under Creative Commons Attribution 4.0 International.",2022-07-15T22:31:03.434164,reference_reject,source_anchor_not_human,photogrammetry,objaverse:lama99,d6f90995efdfc88f29470010e54d9b5b67b8f54d38fc01ae8570beeb265bbc3b,tree|poland|forest|prop|sigma|trunk|europe|photoscan|photogrammetry|asset|wood|3df-zephyr|cacon,nature-plants|places-travel,0.0013145571709281,bad,0.9996269345283508,good,Metadata manifest only. Obtain and use the asset under its listed source license and attribution requirements.
objaverse_79c28aa99c6647e8b568a59863c7708b,Objaverse,Sketchfab,79c28aa99c6647e8b568a59863c7708b,"Schweizer Haus - Canton of Glarus, Switzerland",BiberSolutions,BiberSolutions,https://sketchfab.com/BiberSolutions,https://sketchfab.com/3d-models/79c28aa99c6647e8b568a59863c7708b,https://objaverse.allenai.org/,https://huggingface.co/datasets/allenai/objaverse/resolve/main/glbs/000-001/79c28aa99c6647e8b568a59863c7708b.glb,https://huggingface.co/datasets/allenai/objaverse/resolve/main/glbs/000-001/79c28aa99c6647e8b568a59863c7708b.glb,by,CC-BY-4.0,Creative Commons Attribution 4.0 International,https://creativecommons.org/licenses/by/4.0/,https://api.sketchfab.com/v3/models/79c28aa99c6647e8b568a59863c7708b,true,"""Schweizer Haus - Canton of Glarus, Switzerland"" by BiberSolutions, via Sketchfab/Objaverse, licensed under Creative Commons Attribution 4.0 International.",2017-08-16T19:40:36.894591,reference_reject,source_anchor_not_human,realitycapture,objaverse:BiberSolutions,43493e5e5f0748246cb0b6e0b1f64db9a59a9cda9f69c3323cd3512fc949224f,modelo3d|swiss|3d-building|oldhouse|housemodel|dronedimage|amazingplaces|bibersolutions|klausenpass|realitycapture,cultural-heritage-history,0.0015327342389093,bad,0.8916167616844177,good,Metadata manifest only. Obtain and use the asset under its listed source license and attribution requirements.
objaverse_7a254d4350ea4df389d940ef5abffdef,Objaverse,Sketchfab,7a254d4350ea4df389d940ef5abffdef,Petroglifo Taboexa - 2 Panel  2,PetroglifosTaboexa,petroglifostaboexa,https://sketchfab.com/petroglifostaboexa,https://sketchfab.com/3d-models/7a254d4350ea4df389d940ef5abffdef,https://objaverse.allenai.org/,https://huggingface.co/datasets/allenai/objaverse/resolve/main/glbs/000-000/7a254d4350ea4df389d940ef5abffdef.glb,https://huggingface.co/datasets/allenai/objaverse/resolve/main/glbs/000-000/7a254d4350ea4df389d940ef5abffdef.glb,by,CC-BY-4.0,Creative Commons Attribution 4.0 International,https://creativecommons.org/licenses/by/4.0/,https://api.sketchfab.com/v3/models/7a254d4350ea4df389d940ef5abffdef,true,"""Petroglifo Taboexa - 2 Panel  2"" by PetroglifosTaboexa, via Sketchfab/Objaverse, licensed under Creative Commons Attribution 4.0 International.",2021-01-12T18:18:20.146306,reference_reject,source_anchor_not_human,photogrammetry,objaverse:petroglifostaboexa,853fe409902163f6a01c2fcd228f8b96e2aa840064c6cd3590c63c47c324e633,petroglifo|cultural-heritage|arte-rupestre|heritage-photogrammetry,art-abstract|cultural-heritage-history,0.0021059146948974,bad,0.810187578201294,good,Metadata manifest only. Obtain and use the asset under its listed source license and attribution requirements.
objaverse_7a90cb98f94442f2a27178f3b91a736b,Objaverse,Sketchfab,7a90cb98f94442f2a27178f3b91a736b,New Model,Johnny.Shi1,Johnny.Shi1,https://sketchfab.com/Johnny.Shi1,https://sketchfab.com/3d-models/7a90cb98f94442f2a27178f3b91a736b,https://objaverse.allenai.org/,https://huggingface.co/datasets/allenai/objaverse/resolve/main/glbs/000-001/7a90cb98f94442f2a27178f3b91a736b.glb,https://huggingface.co/datasets/allenai/objaverse/resolve/main/glbs/000-001/7a90cb98f94442f2a27178f3b91a736b.glb,by,CC-BY-4.0,Creative Commons Attribution 4.0 International,https://creativecommons.org/licenses/by/4.0/,https://api.sketchfab.com/v3/models/7a90cb98f94442f2a27178f3b91a736b,true,"""New Model"" by Johnny.Shi1, via Sketchfab/Objaverse, licensed under Creative Commons Attribution 4.0 International.",2020-12-25T11:35:28.004199,reference_reject,source_anchor_not_human,3dscan;3dscanner,objaverse:Johnny.Shi1,b4725720a18ae71b773210c04164829680a6cb96f28492fb149b3f6513ea0715,3dscannerapp,,0.001313379239976,bad,0.0058701639063656,bad,Metadata manifest only. Obtain and use the asset under its listed source license and attribution requirements.
objaverse_7b7dabf3fe094095886677aa870d6115,Objaverse,Sketchfab,7b7dabf3fe094095886677aa870d6115,Hagenmarkt - Braunschweig,Mohammad Reza Abdollahi,mhmdrza,https://sketchfab.com/mhmdrza,https://sketchfab.com/3d-models/7b7dabf3fe094095886677aa870d6115,https://objaverse.allenai.org/,https://huggingface.co/datasets/allenai/objaverse/resolve/main/glbs/000-001/7b7dabf3fe094095886677aa870d6115.glb,https://huggingface.co/datasets/allenai/objaverse/resolve/main/glbs/000-001/7b7dabf3fe094095886677aa870d6115.glb,by,CC-BY-4.0,Creative Commons Attribution 4.0 International,https://creativecommons.org/licenses/by/4.0/,https://api.sketchfab.com/v3/models/7b7dabf3fe094095886677aa870d6115,true,"""Hagenmarkt - Braunschweig"" by Mohammad Reza Abdollahi, via Sketchfab/Objaverse, licensed under Creative Commons Attribution 4.0 International.",2021-06-08T19:09:19.649655,reference_reject,source_anchor_not_human,photogrammetry,objaverse:mhmdrza,5312dece50b80c075c7f6af76bf4b584255598df841d8e13ecedfa69a1343ed5,aerial|braunschweig|photogrammetry|3dmodel|hagenmarkt,,0.0013134262250428,bad,0.9032437205314636,good,Metadata manifest only. Obtain and use the asset under its listed source license and attribution requirements.
objaverse_7ba099688f0f42938ddbd2ec2a376080,Objaverse,Sketchfab,7ba099688f0f42938ddbd2ec2a376080,Newark Orchard Group: Model 3,Mixed Reality Lab,MixedRealityLab,https://sketchfab.com/MixedRealityLab,https://sketchfab.com/3d-models/7ba099688f0f42938ddbd2ec2a376080,https://objaverse.allenai.org/,https://huggingface.co/datasets/allenai/objaverse/resolve/main/glbs/000-001/7ba099688f0f42938ddbd2ec2a376080.glb,https://huggingface.co/datasets/allenai/objaverse/resolve/main/glbs/000-001/7ba099688f0f42938ddbd2ec2a376080.glb,by,CC-BY-4.0,Creative Commons Attribution 4.0 International,https://creativecommons.org/licenses/by/4.0/,https://api.sketchfab.com/v3/models/7ba099688f0f42938ddbd2ec2a376080,true,"""Newark Orchard Group: Model 3"" by Mixed Reality Lab, via Sketchfab/Objaverse, licensed under Creative Commons Attribution 4.0 International.",2021-12-06T06:56:45.287147,reference_reject,source_anchor_not_human,metashape;agisoft,objaverse:MixedRealityLab,456ec05ffded23fa49d1298edf05c1379f06f9fe8afb91d4d7b22774c49707d1,metashape|agisoft,,0.0014622380344113,bad,0.98970627784729,good,Metadata manifest only. Obtain and use the asset under its listed source license and attribution requirements.
objaverse_7cbb3a20e6d9453e8e749f10f824b964,Objaverse,Sketchfab,7cbb3a20e6d9453e8e749f10f824b964,Column lined corridor,Chris Heinrich,cpheinrich,https://sketchfab.com/cpheinrich,https://sketchfab.com/3d-models/7cbb3a20e6d9453e8e749f10f824b964,https://objaverse.allenai.org/,https://huggingface.co/datasets/allenai/objaverse/resolve/main/glbs/000-000/7cbb3a20e6d9453e8e749f10f824b964.glb,https://huggingface.co/datasets/allenai/objaverse/resolve/main/glbs/000-000/7cbb3a20e6d9453e8e749f10f824b964.glb,by,CC-BY-4.0,Creative Commons Attribution 4.0 International,https://creativecommons.org/licenses/by/4.0/,https://api.sketchfab.com/v3/models/7cbb3a20e6d9453e8e749f10f824b964,true,"""Column lined corridor"" by Chris Heinrich, via Sketchfab/Objaverse, licensed under Creative Commons Attribution 4.0 International.",2020-10-09T03:51:17.243229,reference_reject,source_anchor_not_human,photogrammetry;3d scanner;lidar,objaverse:cpheinrich,ccfbb8babef798397c697ac4425fa28486db913f8c53ba4d5ab8f28c0f2418e4,lidar|pasadena|photogrammetry,architecture|cultural-heritage-history,0.0013928688341994,bad,0.9997478127479552,good,Metadata manifest only. Obtain and use the asset under its listed source license and attribution requirements.
objaverse_7d07bdc17ac247dc8421c2449dcf425b,Objaverse,Sketchfab,7d07bdc17ac247dc8421c2449dcf425b,［旧横浜正金銀行本店本館］屋上ドームのドルフィン装飾,the Yokohama Specie Bank on Sketchfab／横浜正金銀行,YSB1904,https://sketchfab.com/YSB1904,https://sketchfab.com/3d-models/7d07bdc17ac247dc8421c2449dcf425b,https://objaverse.allenai.org/,https://huggingface.co/datasets/allenai/objaverse/resolve/main/glbs/000-000/7d07bdc17ac247dc8421c2449dcf425b.glb,https://huggingface.co/datasets/allenai/objaverse/resolve/main/glbs/000-000/7d07bdc17ac247dc8421c2449dcf425b.glb,by,CC-BY-4.0,Creative Commons Attribution 4.0 International,https://creativecommons.org/licenses/by/4.0/,https://api.sketchfab.com/v3/models/7d07bdc17ac247dc8421c2449dcf425b,true,"""［旧横浜正金銀行本店本館］屋上ドームのドルフィン装飾"" by the Yokohama Specie Bank on Sketchfab／横浜正金銀行, via Sketchfab/Objaverse, licensed under Creative Commons Attribution 4.0 International.",2020-09-05T06:12:06.609710,reference_reject,source_anchor_not_human,metashape;agisoft,objaverse:YSB1904,e9b24c8e2e47420faeac721d4cbc8253f5d3daa7ca3f72c10f4a8cfb97d858f2,modern|japan|dolphin|bank|museum|yokohama|japanese-culture|modernarchitecture|metashape|japanesearchitecture|yokohamaspeciebank|kanagawaprefecturalmuseum,architecture|cultural-heritage-history,0.0268507447894921,bad,0.826215922832489,good,Metadata manifest only. Obtain and use the asset under its listed source license and attribution requirements.
objaverse_7ecbaad79f484d2e8a7ac3760829c467,Objaverse,Sketchfab,7ecbaad79f484d2e8a7ac3760829c467,"Medieval Door, Aldobrandeschi Castle. Arcidosso",Global Digital Heritage,GlobalDigitalHeritage,https://sketchfab.com/GlobalDigitalHeritage,https://sketchfab.com/3d-models/7ecbaad79f484d2e8a7ac3760829c467,https://objaverse.allenai.org/,https://huggingface.co/datasets/allenai/objaverse/resolve/main/glbs/000-001/7ecbaad79f484d2e8a7ac3760829c467.glb,https://huggingface.co/datasets/allenai/objaverse/resolve/main/glbs/000-001/7ecbaad79f484d2e8a7ac3760829c467.glb,by-nc,CC-BY-NC-4.0,Creative Commons Attribution-NonCommercial 4.0 International,https://creativecommons.org/licenses/by-nc/4.0/,https://api.sketchfab.com/v3/models/7ecbaad79f484d2e8a7ac3760829c467,true,"""Medieval Door, Aldobrandeschi Castle. Arcidosso"" by Global Digital Heritage, via Sketchfab/Objaverse, licensed under Creative Commons Attribution-NonCommercial 4.0 International.",2019-12-11T21:32:08.555801,reference_reject,source_anchor_not_human,photogrammetry;realitycapture,objaverse:GlobalDigitalHeritage,511cd011c819f8c6b6afbd470fa9cb01d8c235b5df077f11cefeb82f5d9f5580,castle|medieval|tuscany|realitycapture|photogrammetry|arcidosso,architecture|cultural-heritage-history,0.0015660485603981,bad,0.99995219707489,good,Metadata manifest only. Obtain and use the asset under its listed source license and attribution requirements.
objaverse_7ee21ff5a03444c788b578f97194c8de,Objaverse,Sketchfab,7ee21ff5a03444c788b578f97194c8de,Champagne Cork,Professor.Noah,Professor.Noah,https://sketchfab.com/Professor.Noah,https://sketchfab.com/3d-models/7ee21ff5a03444c788b578f97194c8de,https://objaverse.allenai.org/,https://huggingface.co/datasets/allenai/objaverse/resolve/main/glbs/000-001/7ee21ff5a03444c788b578f97194c8de.glb,https://huggingface.co/datasets/allenai/objaverse/resolve/main/glbs/000-001/7ee21ff5a03444c788b578f97194c8de.glb,by,CC-BY-4.0,Creative Commons Attribution 4.0 International,https://creativecommons.org/licenses/by/4.0/,https://api.sketchfab.com/v3/models/7ee21ff5a03444c788b578f97194c8de,true,"""Champagne Cork"" by Professor.Noah, via Sketchfab/Objaverse, licensed under Creative Commons Attribution 4.0 International.",2022-02-02T16:52:37.905623,reference_reject,source_anchor_not_human,meshroom,objaverse:Professor.Noah,10787e5bfb2e00f4870168c0dd8938de22fa6e3777672d9386d65d71d6e0f63b,cork|champagne,food-drink,0.0013138431789438,bad,0.9999986290931702,good,Metadata manifest only. Obtain and use the asset under its listed source license and attribution requirements.
objaverse_80aacbef98064ea4ad946fd7c78ab2d1,Objaverse,Sketchfab,80aacbef98064ea4ad946fd7c78ab2d1,Untitled Scan,chenghaowu,chenghaowu,https://sketchfab.com/chenghaowu,https://sketchfab.com/3d-models/80aacbef98064ea4ad946fd7c78ab2d1,https://objaverse.allenai.org/,https://huggingface.co/datasets/allenai/objaverse/resolve/main/glbs/000-001/80aacbef98064ea4ad946fd7c78ab2d1.glb,https://huggingface.co/datasets/allenai/objaverse/resolve/main/glbs/000-001/80aacbef98064ea4ad946fd7c78ab2d1.glb,by,CC-BY-4.0,Creative Commons Attribution 4.0 International,https://creativecommons.org/licenses/by/4.0/,https://api.sketchfab.com/v3/models/80aacbef98064ea4ad946fd7c78ab2d1,true,"""Untitled Scan"" by chenghaowu, via Sketchfab/Objaverse, licensed under Creative Commons Attribution 4.0 International.",2021-08-28T07:11:12.984863,reference_reject,source_anchor_not_human,3dscan;3dscanner,objaverse:chenghaowu,a8024640f5d44a3175016c0cd8ee3e2dac80d40f7603e62a4ba25e572127905e,3dscannerapp,,0.0013133427572403,bad,0.9960792064666748,good,Metadata manifest only. Obtain and use the asset under its listed source license and attribution requirements.
objaverse_8181fb29166340c8abce51f3ce611cc8,Objaverse,Sketchfab,8181fb29166340c8abce51f3ce611cc8,Imbrex (Romeins bouwmateriaal),Archeologie Gemeente Den Haag,archeologiedenhaag,https://sketchfab.com/archeologiedenhaag,https://sketchfab.com/3d-models/8181fb29166340c8abce51f3ce611cc8,https://objaverse.allenai.org/,https://huggingface.co/datasets/allenai/objaverse/resolve/main/glbs/000-000/8181fb29166340c8abce51f3ce611cc8.glb,https://huggingface.co/datasets/allenai/objaverse/resolve/main/glbs/000-000/8181fb29166340c8abce51f3ce611cc8.glb,by-nc,CC-BY-NC-4.0,Creative Commons Attribution-NonCommercial 4.0 International,https://creativecommons.org/licenses/by-nc/4.0/,https://api.sketchfab.com/v3/models/8181fb29166340c8abce51f3ce611cc8,true,"""Imbrex (Romeins bouwmateriaal)"" by Archeologie Gemeente Den Haag, via Sketchfab/Objaverse, licensed under Creative Commons Attribution-NonCommercial 4.0 International.",2017-09-20T06:25:48.371147,reference_reject,source_anchor_not_human,photogrammetry,objaverse:archeologiedenhaag,08d121f4d6684fa27be4878ce04ca0232feb3171b0d28c21c535522555960a14,object|roman|archeologie|romeins|archaeology-architecture-3dmodel-photogrammetry|roman-archaeology|imbrex|archaeology|archaeology-3dmodel-photogrammetry,cultural-heritage-history,0.1080585642293845,bad,0.9994877576828004,good,Metadata manifest only. Obtain and use the asset under its listed source license and attribution requirements.
objaverse_81a4f39381634caaaffd23f837a762a9,Objaverse,Sketchfab,81a4f39381634caaaffd23f837a762a9,Fossil,Fuel3D,fuel3d,https://sketchfab.com/fuel3d,https://sketchfab.com/3d-models/81a4f39381634caaaffd23f837a762a9,https://objaverse.allenai.org/,https://huggingface.co/datasets/allenai/objaverse/resolve/main/glbs/000-001/81a4f39381634caaaffd23f837a762a9.glb,https://huggingface.co/datasets/allenai/objaverse/resolve/main/glbs/000-001/81a4f39381634caaaffd23f837a762a9.glb,by,CC-BY-4.0,Creative Commons Attribution 4.0 International,https://creativecommons.org/licenses/by/4.0/,https://api.sketchfab.com/v3/models/81a4f39381634caaaffd23f837a762a9,true,"""Fossil"" by Fuel3D, via Sketchfab/Objaverse, licensed under Creative Commons Attribution 4.0 International.",2016-11-09T09:23:07.347337,reference_reject,source_anchor_not_human,3dscan,objaverse:fuel3d,d6b8b26b77ffe5eb5187daeecd4ef6d37095cbacab61614f23c02698e5fa3fe1,fossil|fuel3d|scanify|fuel3d-3dscan|fossil-skeleton,,0.001329075072612,bad,0.7533894181251526,good,Metadata manifest only. Obtain and use the asset under its listed source license and attribution requirements.
objaverse_81a531bbe9d2448b84d161c6aa9f048b,Objaverse,Sketchfab,81a531bbe9d2448b84d161c6aa9f048b,Wooden Bird,lilscan,lilscan,https://sketchfab.com/lilscan,https://sketchfab.com/3d-models/81a531bbe9d2448b84d161c6aa9f048b,https://objaverse.allenai.org/,https://huggingface.co/datasets/allenai/objaverse/resolve/main/glbs/000-000/81a531bbe9d2448b84d161c6aa9f048b.glb,https://huggingface.co/datasets/allenai/objaverse/resolve/main/glbs/000-000/81a531bbe9d2448b84d161c6aa9f048b.glb,by,CC-BY-4.0,Creative Commons Attribution 4.0 International,https://creativecommons.org/licenses/by/4.0/,https://api.sketchfab.com/v3/models/81a531bbe9d2448b84d161c6aa9f048b,true,"""Wooden Bird"" by lilscan, via Sketchfab/Objaverse, licensed under Creative Commons Attribution 4.0 International.",2020-03-25T23:40:14.210311,reference_reject,source_anchor_not_human,3d scanner,objaverse:lilscan,20169410e2acc6e7d2eabc340f3cc819dcb1a793ecc34425e486dfbe106458b2,,animals-pets|art-abstract,0.109810416778168,bad,0.9969979524612428,good,Metadata manifest only. Obtain and use the asset under its listed source license and attribution requirements.
objaverse_81c67cc698d6478c8ef09473b8aca1cf,Objaverse,Sketchfab,81c67cc698d6478c8ef09473b8aca1cf,Pagan altar on the way to Samshvilde,Nik,nikska,https://sketchfab.com/nikska,https://sketchfab.com/3d-models/81c67cc698d6478c8ef09473b8aca1cf,https://objaverse.allenai.org/,https://huggingface.co/datasets/allenai/objaverse/resolve/main/glbs/000-001/81c67cc698d6478c8ef09473b8aca1cf.glb,https://huggingface.co/datasets/allenai/objaverse/resolve/main/glbs/000-001/81c67cc698d6478c8ef09473b8aca1cf.glb,by,CC-BY-4.0,Creative Commons Attribution 4.0 International,https://creativecommons.org/licenses/by/4.0/,https://api.sketchfab.com/v3/models/81c67cc698d6478c8ef09473b8aca1cf,true,"""Pagan altar on the way to Samshvilde"" by Nik, via Sketchfab/Objaverse, licensed under Creative Commons Attribution 4.0 International.",2022-05-22T14:58:10.596110,reference_reject,source_anchor_not_human,metashape;agisoft,objaverse:nikska,75b104947f0db2700bbda91fe6cd1b45b54a1051a327998220f0bfda76394b2b,altar|metashape|agisoft,cultural-heritage-history,0.0013394876127985,bad,0.575016975402832,bad,Metadata manifest only. Obtain and use the asset under its listed source license and attribution requirements.
objaverse_81d28b28eb7f4ada80a29ee38418acf0,Objaverse,Sketchfab,81d28b28eb7f4ada80a29ee38418acf0,"Surb-Sarkis church, Feodosia",JackRad,JackRad,https://sketchfab.com/JackRad,https://sketchfab.com/3d-models/81d28b28eb7f4ada80a29ee38418acf0,https://objaverse.allenai.org/,https://huggingface.co/datasets/allenai/objaverse/resolve/main/glbs/000-000/81d28b28eb7f4ada80a29ee38418acf0.glb,https://huggingface.co/datasets/allenai/objaverse/resolve/main/glbs/000-000/81d28b28eb7f4ada80a29ee38418acf0.glb,by,CC-BY-4.0,Creative Commons Attribution 4.0 International,https://creativecommons.org/licenses/by/4.0/,https://api.sketchfab.com/v3/models/81d28b28eb7f4ada80a29ee38418acf0,true,"""Surb-Sarkis church, Feodosia"" by JackRad, via Sketchfab/Objaverse, licensed under Creative Commons Attribution 4.0 International.",2019-01-08T21:26:47.990762,reference_reject,source_anchor_not_human,3dscan,objaverse:JackRad,844125ee6360a389970287d2d6ced0ef0611b1723446a9fb919ccde608b35053,crimea|photoscan|3d|3dscan|church,cultural-heritage-history|places-travel,0.0077030660707889,bad,0.9832451343536376,good,Metadata manifest only. Obtain and use the asset under its listed source license and attribution requirements.
objaverse_82a49af6a76b4f61a49645560bb6c5b1,Objaverse,Sketchfab,82a49af6a76b4f61a49645560bb6c5b1,Ostrowek Kolonia 5,UGMilejow,UGMilejow,https://sketchfab.com/UGMilejow,https://sketchfab.com/3d-models/82a49af6a76b4f61a49645560bb6c5b1,https://objaverse.allenai.org/,https://huggingface.co/datasets/allenai/objaverse/resolve/main/glbs/000-001/82a49af6a76b4f61a49645560bb6c5b1.glb,https://huggingface.co/datasets/allenai/objaverse/resolve/main/glbs/000-001/82a49af6a76b4f61a49645560bb6c5b1.glb,by,CC-BY-4.0,Creative Commons Attribution 4.0 International,https://creativecommons.org/licenses/by/4.0/,https://api.sketchfab.com/v3/models/82a49af6a76b4f61a49645560bb6c5b1,true,"""Ostrowek Kolonia 5"" by UGMilejow, via Sketchfab/Objaverse, licensed under Creative Commons Attribution 4.0 International.",2020-03-19T10:39:40.296100,reference_reject,source_anchor_not_human,realitycapture,objaverse:UGMilejow,0f8d7bd436ce397cd3cd22a5c25443b26b5b81f466311048d2956ddeaed4999f,realitycapture,,0.0013133926559275,bad,0.998932957649231,good,Metadata manifest only. Obtain and use the asset under its listed source license and attribution requirements.
objaverse_82e2f62650d04209b6724165fb0473a9,Objaverse,Sketchfab,82e2f62650d04209b6724165fb0473a9,Untitled Scan,gonzalesluis141990,gonzalesluis141990,https://sketchfab.com/gonzalesluis141990,https://sketchfab.com/3d-models/82e2f62650d04209b6724165fb0473a9,https://objaverse.allenai.org/,https://huggingface.co/datasets/allenai/objaverse/resolve/main/glbs/000-001/82e2f62650d04209b6724165fb0473a9.glb,https://huggingface.co/datasets/allenai/objaverse/resolve/main/glbs/000-001/82e2f62650d04209b6724165fb0473a9.glb,by,CC-BY-4.0,Creative Commons Attribution 4.0 International,https://creativecommons.org/licenses/by/4.0/,https://api.sketchfab.com/v3/models/82e2f62650d04209b6724165fb0473a9,true,"""Untitled Scan"" by gonzalesluis141990, via Sketchfab/Objaverse, licensed under Creative Commons Attribution 4.0 International.",2022-02-19T22:53:20.441548,reference_reject,source_anchor_not_human,3dscan;3dscanner,objaverse:gonzalesluis141990,506088fc11d1fd376f90659e07f414109501ffbbddac63588f060ef0d75e78e7,3dscannerapp,,0.0013164787958576,bad,0.9642402529716492,good,Metadata manifest only. Obtain and use the asset under its listed source license and attribution requirements.
objaverse_83e12b67db754fe1a9f5a73d4eeaad12,Objaverse,Sketchfab,83e12b67db754fe1a9f5a73d4eeaad12,skama1north,Christos Vasilakos,christos_uoa,https://sketchfab.com/christos_uoa,https://sketchfab.com/3d-models/83e12b67db754fe1a9f5a73d4eeaad12,https://objaverse.allenai.org/,https://huggingface.co/datasets/allenai/objaverse/resolve/main/glbs/000-000/83e12b67db754fe1a9f5a73d4eeaad12.glb,https://huggingface.co/datasets/allenai/objaverse/resolve/main/glbs/000-000/83e12b67db754fe1a9f5a73d4eeaad12.glb,by,CC-BY-4.0,Creative Commons Attribution 4.0 International,https://creativecommons.org/licenses/by/4.0/,https://api.sketchfab.com/v3/models/83e12b67db754fe1a9f5a73d4eeaad12,true,"""skama1north"" by Christos Vasilakos, via Sketchfab/Objaverse, licensed under Creative Commons Attribution 4.0 International.",2019-09-24T10:16:16.427348,reference_reject,source_anchor_not_human,agisoft,objaverse:christos_uoa,1fae5ed28ad3b3342b04673145cfecd63578344b2ce6798e0c4484c3714a8cad,agisoft|photoscan,,0.0013531924402371,bad,0.9999179244041444,good,Metadata manifest only. Obtain and use the asset under its listed source license and attribution requirements.
objaverse_84e6548d3a9044bdb2d89b1adae12979,Objaverse,Sketchfab,84e6548d3a9044bdb2d89b1adae12979,Beach rocks,Gunnar Skarfur,gunnarstv,https://sketchfab.com/gunnarstv,https://sketchfab.com/3d-models/84e6548d3a9044bdb2d89b1adae12979,https://objaverse.allenai.org/,https://huggingface.co/datasets/allenai/objaverse/resolve/main/glbs/000-000/84e6548d3a9044bdb2d89b1adae12979.glb,https://huggingface.co/datasets/allenai/objaverse/resolve/main/glbs/000-000/84e6548d3a9044bdb2d89b1adae12979.glb,by-nc-sa,CC-BY-NC-SA-4.0,Creative Commons Attribution-NonCommercial-ShareAlike 4.0 International,https://creativecommons.org/licenses/by-nc-sa/4.0/,https://api.sketchfab.com/v3/models/84e6548d3a9044bdb2d89b1adae12979,true,"""Beach rocks"" by Gunnar Skarfur, via Sketchfab/Objaverse, licensed under Creative Commons Attribution-NonCommercial-ShareAlike 4.0 International.",2021-05-09T14:32:18.921990,reference_reject,source_anchor_not_human,lidar,objaverse:gunnarstv,df289a7663d6d3f1829af830a2e39342b2e6d9432a4680426ec808bbb71ab186,rocks|sand|beach|iceland|scaniverse,nature-plants,0.001374683917599,bad,0.9980684518814088,good,Metadata manifest only. Obtain and use the asset under its listed source license and attribution requirements.
objaverse_857ef833174c467d9a5686dce949fff7,Objaverse,Sketchfab,857ef833174c467d9a5686dce949fff7,"Cockles Inscribed Stone, East Lothian",Douglas Ledingham,Douglas.Ledingham,https://sketchfab.com/Douglas.Ledingham,https://sketchfab.com/3d-models/857ef833174c467d9a5686dce949fff7,https://objaverse.allenai.org/,https://huggingface.co/datasets/allenai/objaverse/resolve/main/glbs/000-001/857ef833174c467d9a5686dce949fff7.glb,https://huggingface.co/datasets/allenai/objaverse/resolve/main/glbs/000-001/857ef833174c467d9a5686dce949fff7.glb,by-nc,CC-BY-NC-4.0,Creative Commons Attribution-NonCommercial 4.0 International,https://creativecommons.org/licenses/by-nc/4.0/,https://api.sketchfab.com/v3/models/857ef833174c467d9a5686dce949fff7,true,"""Cockles Inscribed Stone, East Lothian"" by Douglas Ledingham, via Sketchfab/Objaverse, licensed under Creative Commons Attribution-NonCommercial 4.0 International.",2020-08-17T11:59:33.249673,reference_reject,source_anchor_not_human,photogrammetry,objaverse:Douglas.Ledingham,7f645df4d5513bf8e67b0d6820a5b8da58689f767205124657e2bf3f028aed8e,medieval|neolithic|scottish|inscribedstone|rock-art|scottish-heritage|scotlandsrockartproject|scottishrockart|scotlandrockart|rockartscotland|rockart-archaeology-3dmodel-photogrammetry|canmore|haddington,art-abstract|cultural-heritage-history,0.0013134450901306,bad,0.7533894181251526,good,Metadata manifest only. Obtain and use the asset under its listed source license and attribution requirements.
objaverse_85bf0acf4f564445a44902dcd77a237f,Objaverse,Sketchfab,85bf0acf4f564445a44902dcd77a237f,Mythical Wizard Candle,Tyler Jackson,tyjajack,https://sketchfab.com/tyjajack,https://sketchfab.com/3d-models/85bf0acf4f564445a44902dcd77a237f,https://objaverse.allenai.org/,https://huggingface.co/datasets/allenai/objaverse/resolve/main/glbs/000-001/85bf0acf4f564445a44902dcd77a237f.glb,https://huggingface.co/datasets/allenai/objaverse/resolve/main/glbs/000-001/85bf0acf4f564445a44902dcd77a237f.glb,by,CC-BY-4.0,Creative Commons Attribution 4.0 International,https://creativecommons.org/licenses/by/4.0/,https://api.sketchfab.com/v3/models/85bf0acf4f564445a44902dcd77a237f,true,"""Mythical Wizard Candle"" by Tyler Jackson, via Sketchfab/Objaverse, licensed under Creative Commons Attribution 4.0 International.",2018-10-05T15:13:58.312126,reference_reject,source_anchor_not_human,photogrammetry,objaverse:tyjajack,2ef2ee8f8d21a09ad2d15291f07a5e391ec908d68861c75c8b0e9364e5ec8e80,indiana|digitization|photoscan|photogrammetry,art-abstract|cultural-heritage-history,0.001339895255068,bad,0.7887402772903442,good,Metadata manifest only. Obtain and use the asset under its listed source license and attribution requirements.
objaverse_85c79af9516742849823143bb0e746e8,Objaverse,Sketchfab,85c79af9516742849823143bb0e746e8,Foot,morningaiseeker,morningaiseeker,https://sketchfab.com/morningaiseeker,https://sketchfab.com/3d-models/85c79af9516742849823143bb0e746e8,https://objaverse.allenai.org/,https://huggingface.co/datasets/allenai/objaverse/resolve/main/glbs/000-000/85c79af9516742849823143bb0e746e8.glb,https://huggingface.co/datasets/allenai/objaverse/resolve/main/glbs/000-000/85c79af9516742849823143bb0e746e8.glb,by,CC-BY-4.0,Creative Commons Attribution 4.0 International,https://creativecommons.org/licenses/by/4.0/,https://api.sketchfab.com/v3/models/85c79af9516742849823143bb0e746e8,true,"""Foot"" by morningaiseeker, via Sketchfab/Objaverse, licensed under Creative Commons Attribution 4.0 International.",2020-03-06T16:56:18.701629,reference_reject,source_anchor_not_human,photogrammetry,objaverse:morningaiseeker,8fc649f5f181af14a9fd3fea8ca8c83c8160362684e727ea74c67a9edabdb2e5,foot|photogrammetry,people,0.0013275409463671,bad,0.8072454929351807,good,Metadata manifest only. Obtain and use the asset under its listed source license and attribution requirements.
objaverse_86fa84c600f94f868d46b239b7fe073e,Objaverse,Sketchfab,86fa84c600f94f868d46b239b7fe073e,Red Fox skull,Paolo Alemani,BYTHO,https://sketchfab.com/BYTHO,https://sketchfab.com/3d-models/86fa84c600f94f868d46b239b7fe073e,https://objaverse.allenai.org/,https://huggingface.co/datasets/allenai/objaverse/resolve/main/glbs/000-000/86fa84c600f94f868d46b239b7fe073e.glb,https://huggingface.co/datasets/allenai/objaverse/resolve/main/glbs/000-000/86fa84c600f94f868d46b239b7fe073e.glb,by,CC-BY-4.0,Creative Commons Attribution 4.0 International,https://creativecommons.org/licenses/by/4.0/,https://api.sketchfab.com/v3/models/86fa84c600f94f868d46b239b7fe073e,true,"""Red Fox skull"" by Paolo Alemani, via Sketchfab/Objaverse, licensed under Creative Commons Attribution 4.0 International.",2016-09-12T15:59:20.773215,reference_reject,source_anchor_not_human,photogrammetry;agisoft,objaverse:BYTHO,1017943a21f381c72e7a466c6dd6b4ea17c315d943d9dfc83baeecdee222ffaf,meshlab|fox|cranio|osteology|osteoarc|volpe|photogrammetry|skull|agisoft-photoscan|bones,animals-pets|science-technology,0.0419052969278013,bad,0.7533894181251526,good,Metadata manifest only. Obtain and use the asset under its listed source license and attribution requirements.
objaverse_87a00e6bb5c84617b3fefe7db120281b,Objaverse,Sketchfab,87a00e6bb5c84617b3fefe7db120281b,Wooden Wand,liviujurca,liviujurca,https://sketchfab.com/liviujurca,https://sketchfab.com/3d-models/87a00e6bb5c84617b3fefe7db120281b,https://objaverse.allenai.org/,https://huggingface.co/datasets/allenai/objaverse/resolve/main/glbs/000-000/87a00e6bb5c84617b3fefe7db120281b.glb,https://huggingface.co/datasets/allenai/objaverse/resolve/main/glbs/000-000/87a00e6bb5c84617b3fefe7db120281b.glb,by,CC-BY-4.0,Creative Commons Attribution 4.0 International,https://creativecommons.org/licenses/by/4.0/,https://api.sketchfab.com/v3/models/87a00e6bb5c84617b3fefe7db120281b,true,"""Wooden Wand"" by liviujurca, via Sketchfab/Objaverse, licensed under Creative Commons Attribution 4.0 International.",2018-02-06T13:25:31.205846,reference_reject,source_anchor_not_human,photogrammetry,objaverse:liviujurca,41eb760e85d722ecd61856b8db2259e9f69f4e203992893b22111cc619603533,tree|wooden|detailed|wand|downloadable|downloadfree|photogrammetry|scan|wood,art-abstract|nature-plants,0.0016049357556821,bad,0.7531723976135254,good,Metadata manifest only. Obtain and use the asset under its listed source license and attribution requirements.
objaverse_87f43efec2aa49b79edfada0c05db2b5,Objaverse,Sketchfab,87f43efec2aa49b79edfada0c05db2b5,Street cone,RYOkEkEN,RYOkEkEN,https://sketchfab.com/RYOkEkEN,https://sketchfab.com/3d-models/87f43efec2aa49b79edfada0c05db2b5,https://objaverse.allenai.org/,https://huggingface.co/datasets/allenai/objaverse/resolve/main/glbs/000-000/87f43efec2aa49b79edfada0c05db2b5.glb,https://huggingface.co/datasets/allenai/objaverse/resolve/main/glbs/000-000/87f43efec2aa49b79edfada0c05db2b5.glb,by,CC-BY-4.0,Creative Commons Attribution 4.0 International,https://creativecommons.org/licenses/by/4.0/,https://api.sketchfab.com/v3/models/87f43efec2aa49b79edfada0c05db2b5,true,"""Street cone"" by RYOkEkEN, via Sketchfab/Objaverse, licensed under Creative Commons Attribution 4.0 International.",2020-03-09T03:18:40.267823,reference_reject,source_anchor_not_human,3dscan,objaverse:RYOkEkEN,c4bf94a9dd30eb2f38ad2c85168d413c6213ee927a2bed920dde63db5a7bae93,cone|trnio|3dscan,architecture|cars-vehicles,0.0027704088589842,bad,0.9440903663635254,good,Metadata manifest only. Obtain and use the asset under its listed source license and attribution requirements.
objaverse_88850fe0883844bdb7eab1abb0e327c8,Objaverse,Sketchfab,88850fe0883844bdb7eab1abb0e327c8,cats,jim_suddaby,jim_suddaby,https://sketchfab.com/jim_suddaby,https://sketchfab.com/3d-models/88850fe0883844bdb7eab1abb0e327c8,https://objaverse.allenai.org/,https://huggingface.co/datasets/allenai/objaverse/resolve/main/glbs/000-001/88850fe0883844bdb7eab1abb0e327c8.glb,https://huggingface.co/datasets/allenai/objaverse/resolve/main/glbs/000-001/88850fe0883844bdb7eab1abb0e327c8.glb,by,CC-BY-4.0,Creative Commons Attribution 4.0 International,https://creativecommons.org/licenses/by/4.0/,https://api.sketchfab.com/v3/models/88850fe0883844bdb7eab1abb0e327c8,true,"""cats"" by jim_suddaby, via Sketchfab/Objaverse, licensed under Creative Commons Attribution 4.0 International.",2020-04-02T11:26:03.758167,reference_reject,source_anchor_not_human,metashape;agisoft,objaverse:jim_suddaby,06e8ca8e48594d19f2fd52595c8881f937d84ea0310ff5c5995afdc213daa68c,metashape|agisoft,,0.0015023835096966,bad,0.9984409809112548,good,Metadata manifest only. Obtain and use the asset under its listed source license and attribution requirements.
objaverse_88ee742811ad41b398a4207a3d210928,Objaverse,Sketchfab,88ee742811ad41b398a4207a3d210928,Steinkreuz bei Schwand (D-5-76-132-9),Markus Koellner,markus.koellner,https://sketchfab.com/markus.koellner,https://sketchfab.com/3d-models/88ee742811ad41b398a4207a3d210928,https://objaverse.allenai.org/,https://huggingface.co/datasets/allenai/objaverse/resolve/main/glbs/000-000/88ee742811ad41b398a4207a3d210928.glb,https://huggingface.co/datasets/allenai/objaverse/resolve/main/glbs/000-000/88ee742811ad41b398a4207a3d210928.glb,by,CC-BY-4.0,Creative Commons Attribution 4.0 International,https://creativecommons.org/licenses/by/4.0/,https://api.sketchfab.com/v3/models/88ee742811ad41b398a4207a3d210928,true,"""Steinkreuz bei Schwand (D-5-76-132-9)"" by Markus Koellner, via Sketchfab/Objaverse, licensed under Creative Commons Attribution 4.0 International.",2022-03-16T15:42:00.623261,reference_reject,source_anchor_not_human,photogrammetry,objaverse:markus.koellner,3b87095d738e1005a955737dbf4cbe5f2b37283e897064f423ae5f632db6d636,cross|medieval|germany|bavaria|mittelalter|photogrammetry|archaeology|stone-cross|steinkreuz,cultural-heritage-history,0.0013135987313163,bad,0.7835004329681396,good,Metadata manifest only. Obtain and use the asset under its listed source license and attribution requirements.
objaverse_8903cf4df8d54ba0b38eddca2a586e47,Objaverse,Sketchfab,8903cf4df8d54ba0b38eddca2a586e47,Bicycle lane,bybob,bybob,https://sketchfab.com/bybob,https://sketchfab.com/3d-models/8903cf4df8d54ba0b38eddca2a586e47,https://objaverse.allenai.org/,https://huggingface.co/datasets/allenai/objaverse/resolve/main/glbs/000-000/8903cf4df8d54ba0b38eddca2a586e47.glb,https://huggingface.co/datasets/allenai/objaverse/resolve/main/glbs/000-000/8903cf4df8d54ba0b38eddca2a586e47.glb,by,CC-BY-4.0,Creative Commons Attribution 4.0 International,https://creativecommons.org/licenses/by/4.0/,https://api.sketchfab.com/v3/models/8903cf4df8d54ba0b38eddca2a586e47,true,"""Bicycle lane"" by bybob, via Sketchfab/Objaverse, licensed under Creative Commons Attribution 4.0 International.",2019-11-16T12:53:20.099002,reference_reject,source_anchor_not_human,metashape,objaverse:bybob,18c6a223dbc40816298581f3c81594b40a118c167eaf0ed6a1916ecdf47e8ecd,bike|road|lane|asphalt,,0.0013134501364527,bad,0.7591893076896667,good,Metadata manifest only. Obtain and use the asset under its listed source license and attribution requirements.
objaverse_89c73fb373b44585aaa8323651ba4d17,Objaverse,Sketchfab,89c73fb373b44585aaa8323651ba4d17,Porphyritic Andesite,Marissa Dudek,marissadudek,https://sketchfab.com/marissadudek,https://sketchfab.com/3d-models/89c73fb373b44585aaa8323651ba4d17,https://objaverse.allenai.org/,https://huggingface.co/datasets/allenai/objaverse/resolve/main/glbs/000-000/89c73fb373b44585aaa8323651ba4d17.glb,https://huggingface.co/datasets/allenai/objaverse/resolve/main/glbs/000-000/89c73fb373b44585aaa8323651ba4d17.glb,by-nc,CC-BY-NC-4.0,Creative Commons Attribution-NonCommercial 4.0 International,https://creativecommons.org/licenses/by-nc/4.0/,https://api.sketchfab.com/v3/models/89c73fb373b44585aaa8323651ba4d17,true,"""Porphyritic Andesite"" by Marissa Dudek, via Sketchfab/Objaverse, licensed under Creative Commons Attribution-NonCommercial 4.0 International.",2019-10-28T15:53:50.768065,reference_reject,source_anchor_not_human,agisoft,objaverse:marissadudek,88eb5576651bda809ca29ec3e5936c7fa6b96e9d9e4a512750aca2dc54da42d7,rocks|geology|igenous|andesite|agisoft|photoscan|prophyritic,nature-plants|science-technology,0.001313418561288,bad,0.745991051197052,good,Metadata manifest only. Obtain and use the asset under its listed source license and attribution requirements.
objaverse_8a74ad02a98b4e838f8504838badecf6,Objaverse,Sketchfab,8a74ad02a98b4e838f8504838badecf6,Ancient Bronze Wine Cup (Qin Dynasty),petecowled,petecowled,https://sketchfab.com/petecowled,https://sketchfab.com/3d-models/8a74ad02a98b4e838f8504838badecf6,https://objaverse.allenai.org/,https://huggingface.co/datasets/allenai/objaverse/resolve/main/glbs/000-000/8a74ad02a98b4e838f8504838badecf6.glb,https://huggingface.co/datasets/allenai/objaverse/resolve/main/glbs/000-000/8a74ad02a98b4e838f8504838badecf6.glb,by,CC-BY-4.0,Creative Commons Attribution 4.0 International,https://creativecommons.org/licenses/by/4.0/,https://api.sketchfab.com/v3/models/8a74ad02a98b4e838f8504838badecf6,true,"""Ancient Bronze Wine Cup (Qin Dynasty)"" by petecowled, via Sketchfab/Objaverse, licensed under Creative Commons Attribution 4.0 International.",2021-02-12T04:27:21.787216,reference_reject,source_anchor_not_human,photogrammetry,objaverse:petecowled,b571d0f63376dbaba4e25651d98fcff9f9382486041d837b677fa1c5a625d153,,cultural-heritage-history|food-drink,0.9831250889968592,good,0.9042876958847046,good,Metadata manifest only. Obtain and use the asset under its listed source license and attribution requirements.
objaverse_8b891e6e4a194846af6058f0a681c5e4,Objaverse,Sketchfab,8b891e6e4a194846af6058f0a681c5e4,New Model,285878535,285878535,https://sketchfab.com/285878535,https://sketchfab.com/3d-models/8b891e6e4a194846af6058f0a681c5e4,https://objaverse.allenai.org/,https://huggingface.co/datasets/allenai/objaverse/resolve/main/glbs/000-001/8b891e6e4a194846af6058f0a681c5e4.glb,https://huggingface.co/datasets/allenai/objaverse/resolve/main/glbs/000-001/8b891e6e4a194846af6058f0a681c5e4.glb,by,CC-BY-4.0,Creative Commons Attribution 4.0 International,https://creativecommons.org/licenses/by/4.0/,https://api.sketchfab.com/v3/models/8b891e6e4a194846af6058f0a681c5e4,true,"""New Model"" by 285878535, via Sketchfab/Objaverse, licensed under Creative Commons Attribution 4.0 International.",2020-10-26T13:40:54.380925,reference_reject,source_anchor_not_human,3dscan;3dscanner,objaverse:285878535,3f182c92ffabfa0f25bd67a444e5b92e3319ca24eced255f2638c7f554a676b9,,,0.0032686330529128,bad,0.9977813959121704,good,Metadata manifest only. Obtain and use the asset under its listed source license and attribution requirements.
objaverse_8ca867d90b2d47ee88b57020a9af556e,Objaverse,Sketchfab,8ca867d90b2d47ee88b57020a9af556e,D1071 - Rock 3,MBARI,mbari,https://sketchfab.com/mbari,https://sketchfab.com/3d-models/8ca867d90b2d47ee88b57020a9af556e,https://objaverse.allenai.org/,https://huggingface.co/datasets/allenai/objaverse/resolve/main/glbs/000-001/8ca867d90b2d47ee88b57020a9af556e.glb,https://huggingface.co/datasets/allenai/objaverse/resolve/main/glbs/000-001/8ca867d90b2d47ee88b57020a9af556e.glb,by,CC-BY-4.0,Creative Commons Attribution 4.0 International,https://creativecommons.org/licenses/by/4.0/,https://api.sketchfab.com/v3/models/8ca867d90b2d47ee88b57020a9af556e,true,"""D1071 - Rock 3"" by MBARI, via Sketchfab/Objaverse, licensed under Creative Commons Attribution 4.0 International.",2018-11-03T18:12:48.480174,reference_reject,source_anchor_not_human,photogrammetry;agisoft,objaverse:mbari,9be3d59e5efbb9ce8cfcd0217f60946e6f764aea429f039d8644da3bdaf8032d,deepsea|rov|shipwreck-archaeology-photogrammetry-underwater|mbari|agisoft|photoscan|dockricketts,nature-plants|science-technology,0.0013183901105546,bad,0.9917203783988952,good,Metadata manifest only. Obtain and use the asset under its listed source license and attribution requirements.
objaverse_8cbbdb612d1b49c0a5971f1add8a624b,Objaverse,Sketchfab,8cbbdb612d1b49c0a5971f1add8a624b,81: Rock wall,macdo219,macdo219,https://sketchfab.com/macdo219,https://sketchfab.com/3d-models/8cbbdb612d1b49c0a5971f1add8a624b,https://objaverse.allenai.org/,https://huggingface.co/datasets/allenai/objaverse/resolve/main/glbs/000-001/8cbbdb612d1b49c0a5971f1add8a624b.glb,https://huggingface.co/datasets/allenai/objaverse/resolve/main/glbs/000-001/8cbbdb612d1b49c0a5971f1add8a624b.glb,by-nc-sa,CC-BY-NC-SA-4.0,Creative Commons Attribution-NonCommercial-ShareAlike 4.0 International,https://creativecommons.org/licenses/by-nc-sa/4.0/,https://api.sketchfab.com/v3/models/8cbbdb612d1b49c0a5971f1add8a624b,true,"""81: Rock wall"" by macdo219, via Sketchfab/Objaverse, licensed under Creative Commons Attribution-NonCommercial-ShareAlike 4.0 International.",2022-03-02T20:50:27.858255,reference_reject,source_anchor_not_human,lidar,objaverse:macdo219,ef52126f4fce8df73a3c0294a454f28e6b9b01c3e86abe8d7a081e4559b5e333,lidar|nature|rock|scaniverse|1scanaday|lidarscanchallenge,nature-plants|places-travel,0.0013133392368404,bad,0.9998902082443236,good,Metadata manifest only. Obtain and use the asset under its listed source license and attribution requirements.
objaverse_8d283dcf62f4437eab3ff1797d417769,Objaverse,Sketchfab,8d283dcf62f4437eab3ff1797d417769,Garden Staircase,SyntaX,syntaxcg,https://sketchfab.com/syntaxcg,https://sketchfab.com/3d-models/8d283dcf62f4437eab3ff1797d417769,https://objaverse.allenai.org/,https://huggingface.co/datasets/allenai/objaverse/resolve/main/glbs/000-000/8d283dcf62f4437eab3ff1797d417769.glb,https://huggingface.co/datasets/allenai/objaverse/resolve/main/glbs/000-000/8d283dcf62f4437eab3ff1797d417769.glb,by,CC-BY-4.0,Creative Commons Attribution 4.0 International,https://creativecommons.org/licenses/by/4.0/,https://api.sketchfab.com/v3/models/8d283dcf62f4437eab3ff1797d417769,true,"""Garden Staircase"" by SyntaX, via Sketchfab/Objaverse, licensed under Creative Commons Attribution 4.0 International.",2021-09-25T20:29:58.866640,reference_reject,source_anchor_not_human,raw scan,objaverse:syntaxcg,5dac939bc9333293e5647d2a86ad6f732136ec82bf71cb1a1665b96c6f6e5255,garden|old|nature|stair|staircase|scan|wood|nature-assets,nature-plants,0.0015755648561836,bad,0.9996222257614136,good,Metadata manifest only. Obtain and use the asset under its listed source license and attribution requirements.
objaverse_8d31c45832ca4f1bb9e9b3f3b5fdcb42,Objaverse,Sketchfab,8d31c45832ca4f1bb9e9b3f3b5fdcb42,Quartz porphyry,giannakakisaggelos91,giannakakisaggelos91,https://sketchfab.com/giannakakisaggelos91,https://sketchfab.com/3d-models/8d31c45832ca4f1bb9e9b3f3b5fdcb42,https://objaverse.allenai.org/,https://huggingface.co/datasets/allenai/objaverse/resolve/main/glbs/000-000/8d31c45832ca4f1bb9e9b3f3b5fdcb42.glb,https://huggingface.co/datasets/allenai/objaverse/resolve/main/glbs/000-000/8d31c45832ca4f1bb9e9b3f3b5fdcb42.glb,by,CC-BY-4.0,Creative Commons Attribution 4.0 International,https://creativecommons.org/licenses/by/4.0/,https://api.sketchfab.com/v3/models/8d31c45832ca4f1bb9e9b3f3b5fdcb42,true,"""Quartz porphyry"" by giannakakisaggelos91, via Sketchfab/Objaverse, licensed under Creative Commons Attribution 4.0 International.",2021-11-22T10:20:18.719609,reference_reject,source_anchor_not_human,metashape;agisoft,objaverse:giannakakisaggelos91,0557fc7f9f92cabb2d190a5212469cf85c765a303c9e46fbccd3fdf190379912,geology-sedimentology|metashape|agisoft,nature-plants|science-technology,0.0013139243068631,bad,0.999841809272766,good,Metadata manifest only. Obtain and use the asset under its listed source license and attribution requirements.
objaverse_8d660863760144c593edb1d7fb178156,Objaverse,Sketchfab,8d660863760144c593edb1d7fb178156,Old Railroad Cart,jtressle,jtressle,https://sketchfab.com/jtressle,https://sketchfab.com/3d-models/8d660863760144c593edb1d7fb178156,https://objaverse.allenai.org/,https://huggingface.co/datasets/allenai/objaverse/resolve/main/glbs/000-000/8d660863760144c593edb1d7fb178156.glb,https://huggingface.co/datasets/allenai/objaverse/resolve/main/glbs/000-000/8d660863760144c593edb1d7fb178156.glb,by,CC-BY-4.0,Creative Commons Attribution 4.0 International,https://creativecommons.org/licenses/by/4.0/,https://api.sketchfab.com/v3/models/8d660863760144c593edb1d7fb178156,true,"""Old Railroad Cart"" by jtressle, via Sketchfab/Objaverse, licensed under Creative Commons Attribution 4.0 International.",2022-04-13T21:35:18.113273,reference_reject,source_anchor_not_human,lidar,objaverse:jtressle,1182ed2cc6bacc891940857c8e3809f4740101df31c9de9d0670adaef04e9573,train|lidar|trnio|trnioplus,cars-vehicles,0.0585563876454829,bad,0.9992767572402954,good,Metadata manifest only. Obtain and use the asset under its listed source license and attribution requirements.
objaverse_8ec38ad28a7b4aa0b7a7d482ffe04e80,Objaverse,Sketchfab,8ec38ad28a7b4aa0b7a7d482ffe04e80,1014-Body1,docfr3sh,docfr3sh,https://sketchfab.com/docfr3sh,https://sketchfab.com/3d-models/8ec38ad28a7b4aa0b7a7d482ffe04e80,https://objaverse.allenai.org/,https://huggingface.co/datasets/allenai/objaverse/resolve/main/glbs/000-001/8ec38ad28a7b4aa0b7a7d482ffe04e80.glb,https://huggingface.co/datasets/allenai/objaverse/resolve/main/glbs/000-001/8ec38ad28a7b4aa0b7a7d482ffe04e80.glb,by,CC-BY-4.0,Creative Commons Attribution 4.0 International,https://creativecommons.org/licenses/by/4.0/,https://api.sketchfab.com/v3/models/8ec38ad28a7b4aa0b7a7d482ffe04e80,true,"""1014-Body1"" by docfr3sh, via Sketchfab/Objaverse, licensed under Creative Commons Attribution 4.0 International.",2019-10-02T18:53:38.352146,reference_reject,source_anchor_not_human,realitycapture,objaverse:docfr3sh,b26366ada945fca4a36259c38f0ff6f297cd544d0eadba7be0f9cb86a35a69f5,realitycapture,,0.1391595401377325,bad,0.9948058128356934,good,Metadata manifest only. Obtain and use the asset under its listed source license and attribution requirements.
objaverse_8f2e33fcb5fa48e490f207986bb6ee7a,Objaverse,Sketchfab,8f2e33fcb5fa48e490f207986bb6ee7a,BASALT (var. Scoria),MSU GGP,Pholeos,https://sketchfab.com/Pholeos,https://sketchfab.com/3d-models/8f2e33fcb5fa48e490f207986bb6ee7a,https://objaverse.allenai.org/,https://huggingface.co/datasets/allenai/objaverse/resolve/main/glbs/000-000/8f2e33fcb5fa48e490f207986bb6ee7a.glb,https://huggingface.co/datasets/allenai/objaverse/resolve/main/glbs/000-000/8f2e33fcb5fa48e490f207986bb6ee7a.glb,by,CC-BY-4.0,Creative Commons Attribution 4.0 International,https://creativecommons.org/licenses/by/4.0/,https://api.sketchfab.com/v3/models/8f2e33fcb5fa48e490f207986bb6ee7a,true,"""BASALT (var. Scoria)"" by MSU GGP, via Sketchfab/Objaverse, licensed under Creative Commons Attribution 4.0 International.",2020-08-19T23:08:01.424843,reference_reject,source_anchor_not_human,metashape;agisoft,objaverse:Pholeos,944937e4b87bb1337fc3b7c43067d8ca6d107353c66caa4246f796ee43e75dcf,basalt|metashape|agisoft,nature-plants|science-technology,0.0013136869910614,bad,0.9324920177459716,good,Metadata manifest only. Obtain and use the asset under its listed source license and attribution requirements.
objaverse_8fc4b0748b5a4e0995dbc9376a42e392,Objaverse,Sketchfab,8fc4b0748b5a4e0995dbc9376a42e392,OWL_recap,Erni_li,Erni_li,https://sketchfab.com/Erni_li,https://sketchfab.com/3d-models/8fc4b0748b5a4e0995dbc9376a42e392,https://objaverse.allenai.org/,https://huggingface.co/datasets/allenai/objaverse/resolve/main/glbs/000-001/8fc4b0748b5a4e0995dbc9376a42e392.glb,https://huggingface.co/datasets/allenai/objaverse/resolve/main/glbs/000-001/8fc4b0748b5a4e0995dbc9376a42e392.glb,by,CC-BY-4.0,Creative Commons Attribution 4.0 International,https://creativecommons.org/licenses/by/4.0/,https://api.sketchfab.com/v3/models/8fc4b0748b5a4e0995dbc9376a42e392,true,"""OWL_recap"" by Erni_li, via Sketchfab/Objaverse, licensed under Creative Commons Attribution 4.0 International.",2020-04-12T18:52:09.667685,reference_reject,source_anchor_not_human,photogrammetry;meshroom,objaverse:Erni_li,7ce6388fd951e4787a9863fafd6804fc3c8972c8992bfb1fa24c172062d867c4,meshroom|photogrammetry,,0.0013137418704224,bad,0.9929097294807434,good,Metadata manifest only. Obtain and use the asset under its listed source license and attribution requirements.
objaverse_8fd901db8258478fa0aecb9b9445d55f,Objaverse,Sketchfab,8fd901db8258478fa0aecb9b9445d55f,Agee Point,Frank McMains,frankmcmains,https://sketchfab.com/frankmcmains,https://sketchfab.com/3d-models/8fd901db8258478fa0aecb9b9445d55f,https://objaverse.allenai.org/,https://huggingface.co/datasets/allenai/objaverse/resolve/main/glbs/000-001/8fd901db8258478fa0aecb9b9445d55f.glb,https://huggingface.co/datasets/allenai/objaverse/resolve/main/glbs/000-001/8fd901db8258478fa0aecb9b9445d55f.glb,by,CC-BY-4.0,Creative Commons Attribution 4.0 International,https://creativecommons.org/licenses/by/4.0/,https://api.sketchfab.com/v3/models/8fd901db8258478fa0aecb9b9445d55f,true,"""Agee Point"" by Frank McMains, via Sketchfab/Objaverse, licensed under Creative Commons Attribution 4.0 International.",2022-05-11T02:12:25.014600,reference_reject,source_anchor_not_human,photogrammetry;metashape;agisoft,objaverse:frankmcmains,1ffad9b5f557bc13eabc0e7ddae3cb6c7337390d8b924e8a3924a0017e3e4a20,louisiana|lithics|native-american|metashape|agisoft|archaeology-3dmodel-photogrammetry,cultural-heritage-history|weapons-military,0.00152201661331,bad,0.9957879185676576,good,Metadata manifest only. Obtain and use the asset under its listed source license and attribution requirements.
objaverse_909e2f8efd9d4390ac0c6a9c9525a89b,Objaverse,Sketchfab,909e2f8efd9d4390ac0c6a9c9525a89b,BernalBernabé_edited_model,irene.bernal,irene.bernal,https://sketchfab.com/irene.bernal,https://sketchfab.com/3d-models/909e2f8efd9d4390ac0c6a9c9525a89b,https://objaverse.allenai.org/,https://huggingface.co/datasets/allenai/objaverse/resolve/main/glbs/000-000/909e2f8efd9d4390ac0c6a9c9525a89b.glb,https://huggingface.co/datasets/allenai/objaverse/resolve/main/glbs/000-000/909e2f8efd9d4390ac0c6a9c9525a89b.glb,by,CC-BY-4.0,Creative Commons Attribution 4.0 International,https://creativecommons.org/licenses/by/4.0/,https://api.sketchfab.com/v3/models/909e2f8efd9d4390ac0c6a9c9525a89b,true,"""BernalBernabé_edited_model"" by irene.bernal, via Sketchfab/Objaverse, licensed under Creative Commons Attribution 4.0 International.",2022-05-25T23:04:13.285381,reference_reject,source_anchor_not_human,photogrammetry,objaverse:irene.bernal,e47f57b0d2b761fcadfc614c863509327953d6514695444613a950e4c803675e,statuette|doll|reverse_engineering|photogrammetry|3dmodel,characters-creatures,0.0017511072548653,bad,0.8966739177703857,good,Metadata manifest only. Obtain and use the asset under its listed source license and attribution requirements.
objaverse_90ddc5fa5b4449a0a170d64ad3076bdb,Objaverse,Sketchfab,90ddc5fa5b4449a0a170d64ad3076bdb,New Model,M_hulligan,M_hulligan,https://sketchfab.com/M_hulligan,https://sketchfab.com/3d-models/90ddc5fa5b4449a0a170d64ad3076bdb,https://objaverse.allenai.org/,https://huggingface.co/datasets/allenai/objaverse/resolve/main/glbs/000-001/90ddc5fa5b4449a0a170d64ad3076bdb.glb,https://huggingface.co/datasets/allenai/objaverse/resolve/main/glbs/000-001/90ddc5fa5b4449a0a170d64ad3076bdb.glb,by,CC-BY-4.0,Creative Commons Attribution 4.0 International,https://creativecommons.org/licenses/by/4.0/,https://api.sketchfab.com/v3/models/90ddc5fa5b4449a0a170d64ad3076bdb,true,"""New Model"" by M_hulligan, via Sketchfab/Objaverse, licensed under Creative Commons Attribution 4.0 International.",2021-03-13T00:23:11.196400,reference_reject,source_anchor_not_human,3dscan;3dscanner,objaverse:M_hulligan,f1ecda67b7fb81f06966074192722c8732ceba24d456ce2ca125d00d468ba3d4,3dscannerapp,,0.0013141531881239,bad,0.99801504611969,good,Metadata manifest only. Obtain and use the asset under its listed source license and attribution requirements.
objaverse_90f173ee66f343e4ac0058bdd3242367,Objaverse,Sketchfab,90f173ee66f343e4ac0058bdd3242367,carpart scan,looppy,looppy,https://sketchfab.com/looppy,https://sketchfab.com/3d-models/90f173ee66f343e4ac0058bdd3242367,https://objaverse.allenai.org/,https://huggingface.co/datasets/allenai/objaverse/resolve/main/glbs/000-000/90f173ee66f343e4ac0058bdd3242367.glb,https://huggingface.co/datasets/allenai/objaverse/resolve/main/glbs/000-000/90f173ee66f343e4ac0058bdd3242367.glb,by,CC-BY-4.0,Creative Commons Attribution 4.0 International,https://creativecommons.org/licenses/by/4.0/,https://api.sketchfab.com/v3/models/90f173ee66f343e4ac0058bdd3242367,true,"""carpart scan"" by looppy, via Sketchfab/Objaverse, licensed under Creative Commons Attribution 4.0 International.",2020-09-27T18:14:17.203029,reference_reject,source_anchor_not_human,photogrammetry,objaverse:looppy,93914389159d7faa2f844977c520a1a3503ce7a56eb7c95d447e795789adb5f8,part|photogrammetry|car,cars-vehicles,0.8452475745440577,bad,0.9992155432701112,good,Metadata manifest only. Obtain and use the asset under its listed source license and attribution requirements.
objaverse_915766729c8443859007956c325ea8be,Objaverse,Sketchfab,915766729c8443859007956c325ea8be,20190217_125037,tehrob,tehrob,https://sketchfab.com/tehrob,https://sketchfab.com/3d-models/915766729c8443859007956c325ea8be,https://objaverse.allenai.org/,https://huggingface.co/datasets/allenai/objaverse/resolve/main/glbs/000-001/915766729c8443859007956c325ea8be.glb,https://huggingface.co/datasets/allenai/objaverse/resolve/main/glbs/000-001/915766729c8443859007956c325ea8be.glb,by,CC-BY-4.0,Creative Commons Attribution 4.0 International,https://creativecommons.org/licenses/by/4.0/,https://api.sketchfab.com/v3/models/915766729c8443859007956c325ea8be,true,"""20190217_125037"" by tehrob, via Sketchfab/Objaverse, licensed under Creative Commons Attribution 4.0 International.",2019-03-01T20:03:04.802306,reference_reject,source_anchor_not_human,3dscan;3dscanner,objaverse:tehrob,060a89cf18b572cdcc0869d04f2ef027b87e4822da1e638af269b9179629238a,openconstructor|arcore3dscanner,,0.0013153662657852,bad,0.9711856245994568,good,Metadata manifest only. Obtain and use the asset under its listed source license and attribution requirements.
objaverse_917d22872627451db0a5c78473f5dc09,Objaverse,Sketchfab,917d22872627451db0a5c78473f5dc09,Парейазавр | Pareiasaurus,darwinmuseum.ru,darwinmuseum.ru,https://sketchfab.com/darwinmuseum.ru,https://sketchfab.com/3d-models/917d22872627451db0a5c78473f5dc09,https://objaverse.allenai.org/,https://huggingface.co/datasets/allenai/objaverse/resolve/main/glbs/000-000/917d22872627451db0a5c78473f5dc09.glb,https://huggingface.co/datasets/allenai/objaverse/resolve/main/glbs/000-000/917d22872627451db0a5c78473f5dc09.glb,cc0,CC0-1.0,CC0 1.0 Universal,https://creativecommons.org/publicdomain/zero/1.0/,https://api.sketchfab.com/v3/models/917d22872627451db0a5c78473f5dc09,false,"""Парейазавр | Pareiasaurus"" by darwinmuseum.ru, via Sketchfab/Objaverse, licensed under CC0 1.0 Universal.",2022-05-23T12:50:26.210681,reference_reject,source_anchor_not_human,realitycapture,objaverse:darwinmuseum.ru,665644a77a5a9e8263ecdd685b49d8dbcbef2d05669673399e7789cbf6288c8f,museum|reconstraction|realitycapture|pareiasaurus,animals-pets|cultural-heritage-history,0.0015337472940211,bad,0.9960326552391052,good,Metadata manifest only. Obtain and use the asset under its listed source license and attribution requirements.
objaverse_91aa3664ea1145d8b4f8a0b7725c3c27,Objaverse,Sketchfab,91aa3664ea1145d8b4f8a0b7725c3c27,5:e hålet på Allerums golfbana,demosgis,demosgis,https://sketchfab.com/demosgis,https://sketchfab.com/3d-models/91aa3664ea1145d8b4f8a0b7725c3c27,https://objaverse.allenai.org/,https://huggingface.co/datasets/allenai/objaverse/resolve/main/glbs/000-001/91aa3664ea1145d8b4f8a0b7725c3c27.glb,https://huggingface.co/datasets/allenai/objaverse/resolve/main/glbs/000-001/91aa3664ea1145d8b4f8a0b7725c3c27.glb,by,CC-BY-4.0,Creative Commons Attribution 4.0 International,https://creativecommons.org/licenses/by/4.0/,https://api.sketchfab.com/v3/models/91aa3664ea1145d8b4f8a0b7725c3c27,true,"""5:e hålet på Allerums golfbana"" by demosgis, via Sketchfab/Objaverse, licensed under Creative Commons Attribution 4.0 International.",2016-04-15T06:59:14.558808,reference_reject,source_anchor_not_human,photogrammetry,objaverse:demosgis,5f4e4ca589c7380f00dd69a11eccadaba391b581fd34a010b62fb0a4b55ad95d,golf|drone|photogrammetry,,0.0237125427013513,bad,0.7533894181251526,good,Metadata manifest only. Obtain and use the asset under its listed source license and attribution requirements.
objaverse_91b0e3022d5748c7bd372abf00e45968,Objaverse,Sketchfab,91b0e3022d5748c7bd372abf00e45968,E ÖNDEN YIRTMAÇLI ETEK MODEL,sveegiyim,sveegiyim,https://sketchfab.com/sveegiyim,https://sketchfab.com/3d-models/91b0e3022d5748c7bd372abf00e45968,https://objaverse.allenai.org/,https://huggingface.co/datasets/allenai/objaverse/resolve/main/glbs/000-000/91b0e3022d5748c7bd372abf00e45968.glb,https://huggingface.co/datasets/allenai/objaverse/resolve/main/glbs/000-000/91b0e3022d5748c7bd372abf00e45968.glb,by,CC-BY-4.0,Creative Commons Attribution 4.0 International,https://creativecommons.org/licenses/by/4.0/,https://api.sketchfab.com/v3/models/91b0e3022d5748c7bd372abf00e45968,true,"""E ÖNDEN YIRTMAÇLI ETEK MODEL"" by sveegiyim, via Sketchfab/Objaverse, licensed under Creative Commons Attribution 4.0 International.",2020-06-29T18:54:22.589611,reference_reject,source_anchor_not_human,agisoft,objaverse:sveegiyim,896cf4516b81e560bcdcdc90e29b3f8d1c6908fb0367f73560c4e9246b64f4da,moda|model|sveegiyim|etekler|agisoftclotheschallenge,characters-creatures|fashion-style,0.943148637657146,bad,0.7082043886184692,good,Metadata manifest only. Obtain and use the asset under its listed source license and attribution requirements.
objaverse_922bb61e7e0b47f3b81170d0390919d7,Objaverse,Sketchfab,922bb61e7e0b47f3b81170d0390919d7,Plato1-281,DigitalScouting,DigitalScouting,https://sketchfab.com/DigitalScouting,https://sketchfab.com/3d-models/922bb61e7e0b47f3b81170d0390919d7,https://objaverse.allenai.org/,https://huggingface.co/datasets/allenai/objaverse/resolve/main/glbs/000-001/922bb61e7e0b47f3b81170d0390919d7.glb,https://huggingface.co/datasets/allenai/objaverse/resolve/main/glbs/000-001/922bb61e7e0b47f3b81170d0390919d7.glb,by,CC-BY-4.0,Creative Commons Attribution 4.0 International,https://creativecommons.org/licenses/by/4.0/,https://api.sketchfab.com/v3/models/922bb61e7e0b47f3b81170d0390919d7,true,"""Plato1-281"" by DigitalScouting, via Sketchfab/Objaverse, licensed under Creative Commons Attribution 4.0 International.",2018-12-22T01:52:05.235200,reference_reject,source_anchor_not_human,realitycapture,objaverse:DigitalScouting,1fced84bb9d85206afb7b2cc1523e72485462b4b99a3799e88870ec934e8b3d8,realitycapture,,0.0013386727441916,bad,0.9977925419807434,good,Metadata manifest only. Obtain and use the asset under its listed source license and attribution requirements.
objaverse_924aed0fa1cb4ae4a9071a3c49044f14,Objaverse,Sketchfab,924aed0fa1cb4ae4a9071a3c49044f14,Edinburg Castle souvenir [Photogrammetry],Jad Deeb,JadDeeb,https://sketchfab.com/JadDeeb,https://sketchfab.com/3d-models/924aed0fa1cb4ae4a9071a3c49044f14,https://objaverse.allenai.org/,https://huggingface.co/datasets/allenai/objaverse/resolve/main/glbs/000-000/924aed0fa1cb4ae4a9071a3c49044f14.glb,https://huggingface.co/datasets/allenai/objaverse/resolve/main/glbs/000-000/924aed0fa1cb4ae4a9071a3c49044f14.glb,by,CC-BY-4.0,Creative Commons Attribution 4.0 International,https://creativecommons.org/licenses/by/4.0/,https://api.sketchfab.com/v3/models/924aed0fa1cb4ae4a9071a3c49044f14,true,"""Edinburg Castle souvenir [Photogrammetry]"" by Jad Deeb, via Sketchfab/Objaverse, licensed under Creative Commons Attribution 4.0 International.",2022-08-25T08:26:17.026833,reference_reject,source_anchor_not_human,photogrammetry,objaverse:JadDeeb,005ac93a97a2816c8c0a684f85361ba38d219264c0d6a255153086c143dae98a,,places-travel,0.0013287958900367,bad,0.9993114471435548,good,Metadata manifest only. Obtain and use the asset under its listed source license and attribution requirements.
objaverse_92ca3b4546744d7985a00e6552875353,Objaverse,Sketchfab,92ca3b4546744d7985a00e6552875353,"Marion Point, SJ13_48",Florida Public Archaeology Network,fpan,https://sketchfab.com/fpan,https://sketchfab.com/3d-models/92ca3b4546744d7985a00e6552875353,https://objaverse.allenai.org/,https://huggingface.co/datasets/allenai/objaverse/resolve/main/glbs/000-001/92ca3b4546744d7985a00e6552875353.glb,https://huggingface.co/datasets/allenai/objaverse/resolve/main/glbs/000-001/92ca3b4546744d7985a00e6552875353.glb,by,CC-BY-4.0,Creative Commons Attribution 4.0 International,https://creativecommons.org/licenses/by/4.0/,https://api.sketchfab.com/v3/models/92ca3b4546744d7985a00e6552875353,true,"""Marion Point, SJ13_48"" by Florida Public Archaeology Network, via Sketchfab/Objaverse, licensed under Creative Commons Attribution 4.0 International.",2022-05-26T13:24:15.472733,reference_reject,source_anchor_not_human,realitycapture,objaverse:fpan,515a527cf80554094cc7bffb9afb68e982ed96ddb3b0e0df65a9e80d33f17d7f,archeology|florida|lithics|fpan|stonetool|florida-archaeology|floridaarchaeology|archaeology|coontieisland,cultural-heritage-history,0.0013434774409236,bad,0.9485257863998412,good,Metadata manifest only. Obtain and use the asset under its listed source license and attribution requirements.
objaverse_936fb087ef1145cba51974db9a73d828,Objaverse,Sketchfab,936fb087ef1145cba51974db9a73d828,Aldaba - San Francisco de Asís,Emiliusvgs,emiliusvgs,https://sketchfab.com/emiliusvgs,https://sketchfab.com/3d-models/936fb087ef1145cba51974db9a73d828,https://objaverse.allenai.org/,https://huggingface.co/datasets/allenai/objaverse/resolve/main/glbs/000-000/936fb087ef1145cba51974db9a73d828.glb,https://huggingface.co/datasets/allenai/objaverse/resolve/main/glbs/000-000/936fb087ef1145cba51974db9a73d828.glb,by-nc-sa,CC-BY-NC-SA-4.0,Creative Commons Attribution-NonCommercial-ShareAlike 4.0 International,https://creativecommons.org/licenses/by-nc-sa/4.0/,https://api.sketchfab.com/v3/models/936fb087ef1145cba51974db9a73d828,true,"""Aldaba - San Francisco de Asís"" by Emiliusvgs, via Sketchfab/Objaverse, licensed under Creative Commons Attribution-NonCommercial-ShareAlike 4.0 International.",2021-11-01T14:06:20.643552,reference_reject,source_anchor_not_human,lidar,objaverse:emiliusvgs,cd433d3e3411436e9338d115d1f68567c88327aaf03734bd9908cd87c61a69dc,peru|lima|convento|aldaba|3d|history|polycam,architecture|cultural-heritage-history,0.0013148003441405,bad,0.97213613986969,good,Metadata manifest only. Obtain and use the asset under its listed source license and attribution requirements.
objaverse_93d5a06c8ea34dcd8c0c4527e46b4ac5,Objaverse,Sketchfab,93d5a06c8ea34dcd8c0c4527e46b4ac5,Untitled Scan,santipoom,santipoom,https://sketchfab.com/santipoom,https://sketchfab.com/3d-models/93d5a06c8ea34dcd8c0c4527e46b4ac5,https://objaverse.allenai.org/,https://huggingface.co/datasets/allenai/objaverse/resolve/main/glbs/000-000/93d5a06c8ea34dcd8c0c4527e46b4ac5.glb,https://huggingface.co/datasets/allenai/objaverse/resolve/main/glbs/000-000/93d5a06c8ea34dcd8c0c4527e46b4ac5.glb,by,CC-BY-4.0,Creative Commons Attribution 4.0 International,https://creativecommons.org/licenses/by/4.0/,https://api.sketchfab.com/v3/models/93d5a06c8ea34dcd8c0c4527e46b4ac5,true,"""Untitled Scan"" by santipoom, via Sketchfab/Objaverse, licensed under Creative Commons Attribution 4.0 International.",2022-03-14T09:22:59.378326,reference_reject,source_anchor_not_human,3dscan;3dscanner,objaverse:santipoom,dbb769fb2c31e334f3341704d5d677cf561ee64dccc32330ac1399fe41c207ce,3dscannerapp,,0.0038680156640915,bad,0.99914288520813,good,Metadata manifest only. Obtain and use the asset under its listed source license and attribution requirements.
objaverse_94b9c98fafa041349d50aca5fc623e26,Objaverse,Sketchfab,94b9c98fafa041349d50aca5fc623e26,Dog Toy,Artur Coelho,coelhoelectrico,https://sketchfab.com/coelhoelectrico,https://sketchfab.com/3d-models/94b9c98fafa041349d50aca5fc623e26,https://objaverse.allenai.org/,https://huggingface.co/datasets/allenai/objaverse/resolve/main/glbs/000-001/94b9c98fafa041349d50aca5fc623e26.glb,https://huggingface.co/datasets/allenai/objaverse/resolve/main/glbs/000-001/94b9c98fafa041349d50aca5fc623e26.glb,by,CC-BY-4.0,Creative Commons Attribution 4.0 International,https://creativecommons.org/licenses/by/4.0/,https://api.sketchfab.com/v3/models/94b9c98fafa041349d50aca5fc623e26,true,"""Dog Toy"" by Artur Coelho, via Sketchfab/Objaverse, licensed under Creative Commons Attribution 4.0 International.",2020-12-07T15:24:50.740908,reference_reject,source_anchor_not_human,meshroom,objaverse:coelhoelectrico,0bb99e1b8599d7374155befeaf6b08819df4b1f4d94110f4bd2433652504e464,meshroom,animals-pets,0.0013167540277996,bad,0.9965435266494752,good,Metadata manifest only. Obtain and use the asset under its listed source license and attribution requirements.
objaverse_953a11bb95044c11806f1a95e7702909,Objaverse,Sketchfab,953a11bb95044c11806f1a95e7702909,Pillar (iPad Pro scan),mozeczech,mozeczech,https://sketchfab.com/mozeczech,https://sketchfab.com/3d-models/953a11bb95044c11806f1a95e7702909,https://objaverse.allenai.org/,https://huggingface.co/datasets/allenai/objaverse/resolve/main/glbs/000-000/953a11bb95044c11806f1a95e7702909.glb,https://huggingface.co/datasets/allenai/objaverse/resolve/main/glbs/000-000/953a11bb95044c11806f1a95e7702909.glb,by-nc-sa,CC-BY-NC-SA-4.0,Creative Commons Attribution-NonCommercial-ShareAlike 4.0 International,https://creativecommons.org/licenses/by-nc-sa/4.0/,https://api.sketchfab.com/v3/models/953a11bb95044c11806f1a95e7702909,true,"""Pillar (iPad Pro scan)"" by mozeczech, via Sketchfab/Objaverse, licensed under Creative Commons Attribution-NonCommercial-ShareAlike 4.0 International.",2021-10-20T08:43:34.907637,reference_reject,source_anchor_not_human,photogrammetry;lidar,objaverse:mozeczech,6aa3facffbfea5b90db23933c58b49684535d989c47215efd32ca63bce3e8251,lidar|ipadpro|photoscan|photogrammetry|3d|scan|scaniverse,architecture,0.0013252133293358,bad,0.9991888403892516,good,Metadata manifest only. Obtain and use the asset under its listed source license and attribution requirements.
objaverse_9560a4315cb941599116ede6a2e1df30,Objaverse,Sketchfab,9560a4315cb941599116ede6a2e1df30,Temple of Apollo at Delphi,rmark,rmark,https://sketchfab.com/rmark,https://sketchfab.com/3d-models/9560a4315cb941599116ede6a2e1df30,https://objaverse.allenai.org/,https://huggingface.co/datasets/allenai/objaverse/resolve/main/glbs/000-001/9560a4315cb941599116ede6a2e1df30.glb,https://huggingface.co/datasets/allenai/objaverse/resolve/main/glbs/000-001/9560a4315cb941599116ede6a2e1df30.glb,by,CC-BY-4.0,Creative Commons Attribution 4.0 International,https://creativecommons.org/licenses/by/4.0/,https://api.sketchfab.com/v3/models/9560a4315cb941599116ede6a2e1df30,true,"""Temple of Apollo at Delphi"" by rmark, via Sketchfab/Objaverse, licensed under Creative Commons Attribution 4.0 International.",2016-11-03T16:25:02.297058,reference_reject,source_anchor_not_human,agisoft,objaverse:rmark,737612dd1ab09db9498bffdfac883a90dc766aa8fb664f84dfda77b469c86961,agisoft|photoscan,cultural-heritage-history,0.0013171655083164,bad,0.997327446937561,good,Metadata manifest only. Obtain and use the asset under its listed source license and attribution requirements.
objaverse_96abab2a1bda4888af6f03ad3888aa66,Objaverse,Sketchfab,96abab2a1bda4888af6f03ad3888aa66,"Artificial reef REXCOR, Marseilles, 2017",Septentrion,Septentrion,https://sketchfab.com/Septentrion,https://sketchfab.com/3d-models/96abab2a1bda4888af6f03ad3888aa66,https://objaverse.allenai.org/,https://huggingface.co/datasets/allenai/objaverse/resolve/main/glbs/000-000/96abab2a1bda4888af6f03ad3888aa66.glb,https://huggingface.co/datasets/allenai/objaverse/resolve/main/glbs/000-000/96abab2a1bda4888af6f03ad3888aa66.glb,by,CC-BY-4.0,Creative Commons Attribution 4.0 International,https://creativecommons.org/licenses/by/4.0/,https://api.sketchfab.com/v3/models/96abab2a1bda4888af6f03ad3888aa66,true,"""Artificial reef REXCOR, Marseilles, 2017"" by Septentrion, via Sketchfab/Objaverse, licensed under Creative Commons Attribution 4.0 International.",2019-03-22T10:20:57.608097,reference_reject,source_anchor_not_human,photogrammetry,objaverse:Septentrion,19f50cec523f95d8bd2785770f6734ceaa336d21c2e76a20d31c9e022af61ada,ecology|underwater-photogrammetry|artificial-reef|cortiou|rexcor,science-technology,0.0013141274217987,bad,0.8972794413566589,good,Metadata manifest only. Obtain and use the asset under its listed source license and attribution requirements.
objaverse_976053b6002348229e5a2c00661c9007,Objaverse,Sketchfab,976053b6002348229e5a2c00661c9007,Deep pontoon bridge,pruitt.jim,pruitt.jim,https://sketchfab.com/pruitt.jim,https://sketchfab.com/3d-models/976053b6002348229e5a2c00661c9007,https://objaverse.allenai.org/,https://huggingface.co/datasets/allenai/objaverse/resolve/main/glbs/000-001/976053b6002348229e5a2c00661c9007.glb,https://huggingface.co/datasets/allenai/objaverse/resolve/main/glbs/000-001/976053b6002348229e5a2c00661c9007.glb,by,CC-BY-4.0,Creative Commons Attribution 4.0 International,https://creativecommons.org/licenses/by/4.0/,https://api.sketchfab.com/v3/models/976053b6002348229e5a2c00661c9007,true,"""Deep pontoon bridge"" by pruitt.jim, via Sketchfab/Objaverse, licensed under Creative Commons Attribution 4.0 International.",2021-11-19T07:28:47.279223,reference_reject,source_anchor_not_human,metashape;agisoft,objaverse:pruitt.jim,747b7c41e1b5e456d8fa5d088dbc1634dd2b891132c82bf14bcd94257948df4a,metashape|agisoft,,0.0015822279514103,bad,0.1125378608703613,bad,Metadata manifest only. Obtain and use the asset under its listed source license and attribution requirements.
objaverse_97989d443ac048acb6bb42a2f82c6324,Objaverse,Sketchfab,97989d443ac048acb6bb42a2f82c6324,Lamb statuette. Photogrametry,Dmytro Rohovyi,dmitriyslavyanskiy,https://sketchfab.com/dmitriyslavyanskiy,https://sketchfab.com/3d-models/97989d443ac048acb6bb42a2f82c6324,https://objaverse.allenai.org/,https://huggingface.co/datasets/allenai/objaverse/resolve/main/glbs/000-000/97989d443ac048acb6bb42a2f82c6324.glb,https://huggingface.co/datasets/allenai/objaverse/resolve/main/glbs/000-000/97989d443ac048acb6bb42a2f82c6324.glb,by,CC-BY-4.0,Creative Commons Attribution 4.0 International,https://creativecommons.org/licenses/by/4.0/,https://api.sketchfab.com/v3/models/97989d443ac048acb6bb42a2f82c6324,true,"""Lamb statuette. Photogrametry"" by Dmytro Rohovyi, via Sketchfab/Objaverse, licensed under Creative Commons Attribution 4.0 International.",2018-05-13T08:59:47.698961,reference_reject,source_anchor_not_human,realitycapture,objaverse:dmitriyslavyanskiy,480060b1c01c9f8c69cc5ded15831abac1b91d6a0ae5b153f8bdca9a6eb9fd10,statuette|photogrametry|lamb|realitycapture|blender|substance-painter,animals-pets|characters-creatures,0.924365356384931,bad,0.9999996423721312,good,Metadata manifest only. Obtain and use the asset under its listed source license and attribution requirements.
objaverse_9896159ddcb748568a4d021c5137d8f0,Objaverse,Sketchfab,9896159ddcb748568a4d021c5137d8f0,"Drumtroddan 13, Dumfries and Galloway",Scotland's Rock Art Project,ScottishRockArt,https://sketchfab.com/ScottishRockArt,https://sketchfab.com/3d-models/9896159ddcb748568a4d021c5137d8f0,https://objaverse.allenai.org/,https://huggingface.co/datasets/allenai/objaverse/resolve/main/glbs/000-000/9896159ddcb748568a4d021c5137d8f0.glb,https://huggingface.co/datasets/allenai/objaverse/resolve/main/glbs/000-000/9896159ddcb748568a4d021c5137d8f0.glb,by-nc,CC-BY-NC-4.0,Creative Commons Attribution-NonCommercial 4.0 International,https://creativecommons.org/licenses/by-nc/4.0/,https://api.sketchfab.com/v3/models/9896159ddcb748568a4d021c5137d8f0,true,"""Drumtroddan 13, Dumfries and Galloway"" by Scotland's Rock Art Project, via Sketchfab/Objaverse, licensed under Creative Commons Attribution-NonCommercial 4.0 International.",2019-10-04T18:29:00.782497,reference_reject,source_anchor_not_human,photogrammetry,objaverse:ScottishRockArt,0bb97488366afd7bcc24cb3291aecbbf2b6c69343c34c4e776a13d04cfc44361,scotland|scottish|rockart|rock-art|cup-marks|cupmarks|rockartpanel|scotlandsrockartproject|cupandring|scotlandrockart|rockartscotland|rockart-archaeology-3dmodel-photogrammetry|rockart-archaeology|archaeology|archaeology-3dmodel-photogrammetry|scotlandsrockart|scotlandrockart-archaeology|scotlands-rock-art-project|scotlandarchaeology|cupandrings|rockartscotland-rockart,art-abstract|cultural-heritage-history,0.0013136384205507,bad,0.8281206488609314,good,Metadata manifest only. Obtain and use the asset under its listed source license and attribution requirements.
objaverse_991cf069b7da4d5eafee2c8c21dcbe2f,Objaverse,Sketchfab,991cf069b7da4d5eafee2c8c21dcbe2f,Cemetery Statuary - Johnston,misterdevious,misterdevious,https://sketchfab.com/misterdevious,https://sketchfab.com/3d-models/991cf069b7da4d5eafee2c8c21dcbe2f,https://objaverse.allenai.org/,https://huggingface.co/datasets/allenai/objaverse/resolve/main/glbs/000-001/991cf069b7da4d5eafee2c8c21dcbe2f.glb,https://huggingface.co/datasets/allenai/objaverse/resolve/main/glbs/000-001/991cf069b7da4d5eafee2c8c21dcbe2f.glb,by-nc-sa,CC-BY-NC-SA-4.0,Creative Commons Attribution-NonCommercial-ShareAlike 4.0 International,https://creativecommons.org/licenses/by-nc-sa/4.0/,https://api.sketchfab.com/v3/models/991cf069b7da4d5eafee2c8c21dcbe2f,true,"""Cemetery Statuary - Johnston"" by misterdevious, via Sketchfab/Objaverse, licensed under Creative Commons Attribution-NonCommercial-ShareAlike 4.0 International.",2017-01-05T04:04:33.065648,reference_reject,source_anchor_not_human,photogrammetry;realitycapture,objaverse:misterdevious,4ac7d95921f35513c23893c4bd96f5151ad166a98469803679c28716e0c7a3c4,3d-scan|cemetery|grave|headstone|statue|johnston|gravesone|realitycapture|photogrammetry|tomb,cultural-heritage-history,0.0016681445183919,bad,0.9997596144676208,good,Metadata manifest only. Obtain and use the asset under its listed source license and attribution requirements.
objaverse_992c1a41e71e40d2ab7cd773336a3a3b,Objaverse,Sketchfab,992c1a41e71e40d2ab7cd773336a3a3b,Kamouh el Hermel,Andre.Zakhya,Andre.Zakhya,https://sketchfab.com/Andre.Zakhya,https://sketchfab.com/3d-models/992c1a41e71e40d2ab7cd773336a3a3b,https://objaverse.allenai.org/,https://huggingface.co/datasets/allenai/objaverse/resolve/main/glbs/000-001/992c1a41e71e40d2ab7cd773336a3a3b.glb,https://huggingface.co/datasets/allenai/objaverse/resolve/main/glbs/000-001/992c1a41e71e40d2ab7cd773336a3a3b.glb,by,CC-BY-4.0,Creative Commons Attribution 4.0 International,https://creativecommons.org/licenses/by/4.0/,https://api.sketchfab.com/v3/models/992c1a41e71e40d2ab7cd773336a3a3b,true,"""Kamouh el Hermel"" by Andre.Zakhya, via Sketchfab/Objaverse, licensed under Creative Commons Attribution 4.0 International.",2020-04-19T22:45:52.745685,reference_reject,source_anchor_not_human,photogrammetry,objaverse:Andre.Zakhya,7bdf6c6124bc33ea59f1e443074195d3f5c430eb46cdfaa43b6c5c9481d362d6,ruins|scanning|drone|monument|landmark|heritage|scanned|scann3d|dronemapping|dronescan|dronesurvey|photoscan|architecture|photogrammetry|scan,architecture|cultural-heritage-history,0.0013135157840227,bad,0.9952683448791504,good,Metadata manifest only. Obtain and use the asset under its listed source license and attribution requirements.
objaverse_993a4c576119426ba2ca0042232884df,Objaverse,Sketchfab,993a4c576119426ba2ca0042232884df,bob 2,jcohrac,jcohrac,https://sketchfab.com/jcohrac,https://sketchfab.com/3d-models/993a4c576119426ba2ca0042232884df,https://objaverse.allenai.org/,https://huggingface.co/datasets/allenai/objaverse/resolve/main/glbs/000-001/993a4c576119426ba2ca0042232884df.glb,https://huggingface.co/datasets/allenai/objaverse/resolve/main/glbs/000-001/993a4c576119426ba2ca0042232884df.glb,by,CC-BY-4.0,Creative Commons Attribution 4.0 International,https://creativecommons.org/licenses/by/4.0/,https://api.sketchfab.com/v3/models/993a4c576119426ba2ca0042232884df,true,"""bob 2"" by jcohrac, via Sketchfab/Objaverse, licensed under Creative Commons Attribution 4.0 International.",2020-11-14T17:18:13.204878,reference_reject,source_anchor_not_human,3dscan,objaverse:jcohrac,97330484c92465325c0a18121295c59d3c0712ffe718ae6b981e1243ac574157,trnio|3dscan,,0.0013181234738691,bad,0.8643630146980286,good,Metadata manifest only. Obtain and use the asset under its listed source license and attribution requirements.
objaverse_995adcb60514403a8bb9544b7b836d93,Objaverse,Sketchfab,995adcb60514403a8bb9544b7b836d93,Moai,MarioWestphal,MarioWestphal,https://sketchfab.com/MarioWestphal,https://sketchfab.com/3d-models/995adcb60514403a8bb9544b7b836d93,https://objaverse.allenai.org/,https://huggingface.co/datasets/allenai/objaverse/resolve/main/glbs/000-001/995adcb60514403a8bb9544b7b836d93.glb,https://huggingface.co/datasets/allenai/objaverse/resolve/main/glbs/000-001/995adcb60514403a8bb9544b7b836d93.glb,by,CC-BY-4.0,Creative Commons Attribution 4.0 International,https://creativecommons.org/licenses/by/4.0/,https://api.sketchfab.com/v3/models/995adcb60514403a8bb9544b7b836d93,true,"""Moai"" by MarioWestphal, via Sketchfab/Objaverse, licensed under Creative Commons Attribution 4.0 International.",2016-09-19T22:33:18.747807,reference_reject,source_anchor_not_human,agisoft,objaverse:MarioWestphal,463e92c52858303bc89058b958d817f06873ddba1dfeaac6752e08d57caa3354,island|easter|pacific|statue|moai,characters-creatures|cultural-heritage-history,0.109826119260573,bad,0.8076251149177551,good,Metadata manifest only. Obtain and use the asset under its listed source license and attribution requirements.
objaverse_997fa708ae714432ae5822b21100eb3b,Objaverse,Sketchfab,997fa708ae714432ae5822b21100eb3b,Untitled Scan 2,benzhuang,benzhuang,https://sketchfab.com/benzhuang,https://sketchfab.com/3d-models/997fa708ae714432ae5822b21100eb3b,https://objaverse.allenai.org/,https://huggingface.co/datasets/allenai/objaverse/resolve/main/glbs/000-001/997fa708ae714432ae5822b21100eb3b.glb,https://huggingface.co/datasets/allenai/objaverse/resolve/main/glbs/000-001/997fa708ae714432ae5822b21100eb3b.glb,by,CC-BY-4.0,Creative Commons Attribution 4.0 International,https://creativecommons.org/licenses/by/4.0/,https://api.sketchfab.com/v3/models/997fa708ae714432ae5822b21100eb3b,true,"""Untitled Scan 2"" by benzhuang, via Sketchfab/Objaverse, licensed under Creative Commons Attribution 4.0 International.",2021-07-18T02:00:17.594190,reference_reject,source_anchor_not_human,3dscan;3dscanner,objaverse:benzhuang,78758e9d7d7680bfd6ec60d3d143adf6488bcf3ce0c312b788ee5e4138a04126,3dscannerapp,,0.0013134021283961,bad,0.9989631175994872,good,Metadata manifest only. Obtain and use the asset under its listed source license and attribution requirements.
objaverse_99ceb639297a435f8a41bc070a21e68c,Objaverse,Sketchfab,99ceb639297a435f8a41bc070a21e68c,New Model,thurstonlou,thurstonlou,https://sketchfab.com/thurstonlou,https://sketchfab.com/3d-models/99ceb639297a435f8a41bc070a21e68c,https://objaverse.allenai.org/,https://huggingface.co/datasets/allenai/objaverse/resolve/main/glbs/000-000/99ceb639297a435f8a41bc070a21e68c.glb,https://huggingface.co/datasets/allenai/objaverse/resolve/main/glbs/000-000/99ceb639297a435f8a41bc070a21e68c.glb,by,CC-BY-4.0,Creative Commons Attribution 4.0 International,https://creativecommons.org/licenses/by/4.0/,https://api.sketchfab.com/v3/models/99ceb639297a435f8a41bc070a21e68c,true,"""New Model"" by thurstonlou, via Sketchfab/Objaverse, licensed under Creative Commons Attribution 4.0 International.",2020-08-20T02:22:56.871505,reference_reject,source_anchor_not_human,3dscan;3dscanner,objaverse:thurstonlou,c92df741eae72b4daf1b0e59b0f5bf6886a0fa86d912e578e1543eef5c682a9c,,,0.0014661839106233,bad,0.9980684518814088,good,Metadata manifest only. Obtain and use the asset under its listed source license and attribution requirements.
objaverse_9da05acf706a48bc8c4356b4be5768d2,Objaverse,Sketchfab,9da05acf706a48bc8c4356b4be5768d2,Untitled Scan,yaskuni1945,yaskuni1945,https://sketchfab.com/yaskuni1945,https://sketchfab.com/3d-models/9da05acf706a48bc8c4356b4be5768d2,https://objaverse.allenai.org/,https://huggingface.co/datasets/allenai/objaverse/resolve/main/glbs/000-001/9da05acf706a48bc8c4356b4be5768d2.glb,https://huggingface.co/datasets/allenai/objaverse/resolve/main/glbs/000-001/9da05acf706a48bc8c4356b4be5768d2.glb,by,CC-BY-4.0,Creative Commons Attribution 4.0 International,https://creativecommons.org/licenses/by/4.0/,https://api.sketchfab.com/v3/models/9da05acf706a48bc8c4356b4be5768d2,true,"""Untitled Scan"" by yaskuni1945, via Sketchfab/Objaverse, licensed under Creative Commons Attribution 4.0 International.",2021-10-20T11:15:08.801382,reference_reject,source_anchor_not_human,3dscan;3dscanner,objaverse:yaskuni1945,dc6f8e010473c0be83da813a975395a9d46d1a40b9a68120aece2f79b5370ec1,3dscannerapp,,0.0013135960271263,bad,0.9689647555351256,good,Metadata manifest only. Obtain and use the asset under its listed source license and attribution requirements.
objaverse_9e2e240605b54e639131c4c685fb7968,Objaverse,Sketchfab,9e2e240605b54e639131c4c685fb7968,Untitled Scan,MAAG,MAAG,https://sketchfab.com/MAAG,https://sketchfab.com/3d-models/9e2e240605b54e639131c4c685fb7968,https://objaverse.allenai.org/,https://huggingface.co/datasets/allenai/objaverse/resolve/main/glbs/000-001/9e2e240605b54e639131c4c685fb7968.glb,https://huggingface.co/datasets/allenai/objaverse/resolve/main/glbs/000-001/9e2e240605b54e639131c4c685fb7968.glb,by,CC-BY-4.0,Creative Commons Attribution 4.0 International,https://creativecommons.org/licenses/by/4.0/,https://api.sketchfab.com/v3/models/9e2e240605b54e639131c4c685fb7968,true,"""Untitled Scan"" by MAAG, via Sketchfab/Objaverse, licensed under Creative Commons Attribution 4.0 International.",2022-07-31T15:53:05.381898,reference_reject,source_anchor_not_human,3dscan;3dscanner,objaverse:MAAG,40aa14ab123ee3f83430dca59d30b51580c176f520f6afd2c2d3b9888ba38def,3dscannerapp,,0.0013135454800273,bad,0.9998970627784728,good,Metadata manifest only. Obtain and use the asset under its listed source license and attribution requirements.
objaverse_9ec30622b9c74be0aa51464e24e6a8b0,Objaverse,Sketchfab,9ec30622b9c74be0aa51464e24e6a8b0,หิน,sirarat,sirarat,https://sketchfab.com/sirarat,https://sketchfab.com/3d-models/9ec30622b9c74be0aa51464e24e6a8b0,https://objaverse.allenai.org/,https://huggingface.co/datasets/allenai/objaverse/resolve/main/glbs/000-001/9ec30622b9c74be0aa51464e24e6a8b0.glb,https://huggingface.co/datasets/allenai/objaverse/resolve/main/glbs/000-001/9ec30622b9c74be0aa51464e24e6a8b0.glb,by,CC-BY-4.0,Creative Commons Attribution 4.0 International,https://creativecommons.org/licenses/by/4.0/,https://api.sketchfab.com/v3/models/9ec30622b9c74be0aa51464e24e6a8b0,true,"""หิน"" by sirarat, via Sketchfab/Objaverse, licensed under Creative Commons Attribution 4.0 International.",2020-01-14T13:24:23.821361,reference_reject,source_anchor_not_human,agisoft,objaverse:sirarat,5170a54be2076ae2f486854ebb514629b96da05ab1e024170cc7b7b77ca29250,agisoft|photoscan,,0.0013154617472844,bad,0.8839977979660034,good,Metadata manifest only. Obtain and use the asset under its listed source license and attribution requirements.
objaverse_9fc9b99c352d4503a8b4e23449a6f8d1,Objaverse,Sketchfab,9fc9b99c352d4503a8b4e23449a6f8d1,Low Poly Fox,Kevin Falcetano,falce003,https://sketchfab.com/falce003,https://sketchfab.com/3d-models/9fc9b99c352d4503a8b4e23449a6f8d1,https://objaverse.allenai.org/,https://huggingface.co/datasets/allenai/objaverse/resolve/main/glbs/000-000/9fc9b99c352d4503a8b4e23449a6f8d1.glb,https://huggingface.co/datasets/allenai/objaverse/resolve/main/glbs/000-000/9fc9b99c352d4503a8b4e23449a6f8d1.glb,by,CC-BY-4.0,Creative Commons Attribution 4.0 International,https://creativecommons.org/licenses/by/4.0/,https://api.sketchfab.com/v3/models/9fc9b99c352d4503a8b4e23449a6f8d1,true,"""Low Poly Fox"" by Kevin Falcetano, via Sketchfab/Objaverse, licensed under Creative Commons Attribution 4.0 International.",2017-05-02T20:38:09.621359,reference_reject,source_anchor_not_human,photogrammetry,objaverse:falce003,cb05ce77c566f0d3ad19f5ef17633980374b897d687ca49d88bf89cabc7fcdf2,food|carving|lowfi|art|lowpoly|animal|abstract,animals-pets,0.0511196115964066,bad,0.7533894181251526,good,Metadata manifest only. Obtain and use the asset under its listed source license and attribution requirements.
objaverse_9fe2ee9358df4807b65f9b16edf17f48,Objaverse,Sketchfab,9fe2ee9358df4807b65f9b16edf17f48,Skoorsteenberg - lingoid ripple marks,mineralfellow,mineralfellow,https://sketchfab.com/mineralfellow,https://sketchfab.com/3d-models/9fe2ee9358df4807b65f9b16edf17f48,https://objaverse.allenai.org/,https://huggingface.co/datasets/allenai/objaverse/resolve/main/glbs/000-000/9fe2ee9358df4807b65f9b16edf17f48.glb,https://huggingface.co/datasets/allenai/objaverse/resolve/main/glbs/000-000/9fe2ee9358df4807b65f9b16edf17f48.glb,by,CC-BY-4.0,Creative Commons Attribution 4.0 International,https://creativecommons.org/licenses/by/4.0/,https://api.sketchfab.com/v3/models/9fe2ee9358df4807b65f9b16edf17f48,true,"""Skoorsteenberg - lingoid ripple marks"" by mineralfellow, via Sketchfab/Objaverse, licensed under Creative Commons Attribution 4.0 International.",2022-06-08T20:16:56.897715,reference_reject,source_anchor_not_human,3dscan;3dscanner,objaverse:mineralfellow,f2b7b3133c8551c9e56a745e0a827c8cfac15f79b3091a16428be62d5deedfc7,3dscannerapp,,0.0013174921697006,bad,0.9986076354980468,good,Metadata manifest only. Obtain and use the asset under its listed source license and attribution requirements.
objaverse_a0f6c4da88e644ac90c6f6a973ce11cc,Objaverse,Sketchfab,a0f6c4da88e644ac90c6f6a973ce11cc,Model 51 - Kemps Ridley Sea Turtle (with ID),DigitalLife3D,DigitalLife3D,https://sketchfab.com/DigitalLife3D,https://sketchfab.com/3d-models/a0f6c4da88e644ac90c6f6a973ce11cc,https://objaverse.allenai.org/,https://huggingface.co/datasets/allenai/objaverse/resolve/main/glbs/000-000/a0f6c4da88e644ac90c6f6a973ce11cc.glb,https://huggingface.co/datasets/allenai/objaverse/resolve/main/glbs/000-000/a0f6c4da88e644ac90c6f6a973ce11cc.glb,by,CC-BY-4.0,Creative Commons Attribution 4.0 International,https://creativecommons.org/licenses/by/4.0/,https://api.sketchfab.com/v3/models/a0f6c4da88e644ac90c6f6a973ce11cc,true,"""Model 51 - Kemps Ridley Sea Turtle (with ID)"" by DigitalLife3D, via Sketchfab/Objaverse, licensed under Creative Commons Attribution 4.0 International.",2018-07-05T12:30:23.502510,reference_reject,source_anchor_not_human,photogrammetry,objaverse:DigitalLife3D,68530ab9277b676817dc317f80788de802f888983d3cd043eea07668972b6c4c,turtle|ocean|3d-model|photogrammetry|3d|blender|sea,animals-pets|nature-plants,0.8974841742392505,bad,0.8182984590530396,good,Metadata manifest only. Obtain and use the asset under its listed source license and attribution requirements.
objaverse_a2d765d02050414d958cdf0209a8899e,Objaverse,Sketchfab,a2d765d02050414d958cdf0209a8899e,Potted alpine plants at RHS Wisley,Phil Trease,ptrrrrr,https://sketchfab.com/ptrrrrr,https://sketchfab.com/3d-models/a2d765d02050414d958cdf0209a8899e,https://objaverse.allenai.org/,https://huggingface.co/datasets/allenai/objaverse/resolve/main/glbs/000-000/a2d765d02050414d958cdf0209a8899e.glb,https://huggingface.co/datasets/allenai/objaverse/resolve/main/glbs/000-000/a2d765d02050414d958cdf0209a8899e.glb,by,CC-BY-4.0,Creative Commons Attribution 4.0 International,https://creativecommons.org/licenses/by/4.0/,https://api.sketchfab.com/v3/models/a2d765d02050414d958cdf0209a8899e,true,"""Potted alpine plants at RHS Wisley"" by Phil Trease, via Sketchfab/Objaverse, licensed under Creative Commons Attribution 4.0 International.",2017-10-17T13:33:17.448389,reference_reject,source_anchor_not_human,agisoft,objaverse:ptrrrrr,b56d4df7761709b3b4876769198e299ca7ddd26ade29199c40b07467a422ea92,agisoft|photoscan,,0.0013156462344468,bad,0.9991878271102904,good,Metadata manifest only. Obtain and use the asset under its listed source license and attribution requirements.
objaverse_a31c2dabc279453da6c9a07c681bf184,Objaverse,Sketchfab,a31c2dabc279453da6c9a07c681bf184,Lichen (Peltigera ponojensis),Lichen Collection UV,LichenUV,https://sketchfab.com/LichenUV,https://sketchfab.com/3d-models/a31c2dabc279453da6c9a07c681bf184,https://objaverse.allenai.org/,https://huggingface.co/datasets/allenai/objaverse/resolve/main/glbs/000-001/a31c2dabc279453da6c9a07c681bf184.glb,https://huggingface.co/datasets/allenai/objaverse/resolve/main/glbs/000-001/a31c2dabc279453da6c9a07c681bf184.glb,by,CC-BY-4.0,Creative Commons Attribution 4.0 International,https://creativecommons.org/licenses/by/4.0/,https://api.sketchfab.com/v3/models/a31c2dabc279453da6c9a07c681bf184,true,"""Lichen (Peltigera ponojensis)"" by Lichen Collection UV, via Sketchfab/Objaverse, licensed under Creative Commons Attribution 4.0 International.",2022-05-07T23:54:55.025693,reference_reject,source_anchor_not_human,metashape,objaverse:LichenUV,eb28dc7a62c658c478f18fd8ab1e0ec7f5fe869ab25ca32a0f70264dd2e98f49,lichen|botanical|liquen|peltigera|peltigera_ponojensis|gbif|criptogamas,nature-plants,0.001315652113689,bad,0.9884576797485352,good,Metadata manifest only. Obtain and use the asset under its listed source license and attribution requirements.
objaverse_a37541ec65064597b19ce7b7602ca23f,Objaverse,Sketchfab,a37541ec65064597b19ce7b7602ca23f,Burrells-lane-window-detail-obj-simp,David Ferguson,davidvferguson,https://sketchfab.com/davidvferguson,https://sketchfab.com/3d-models/a37541ec65064597b19ce7b7602ca23f,https://objaverse.allenai.org/,https://huggingface.co/datasets/allenai/objaverse/resolve/main/glbs/000-000/a37541ec65064597b19ce7b7602ca23f.glb,https://huggingface.co/datasets/allenai/objaverse/resolve/main/glbs/000-000/a37541ec65064597b19ce7b7602ca23f.glb,by,CC-BY-4.0,Creative Commons Attribution 4.0 International,https://creativecommons.org/licenses/by/4.0/,https://api.sketchfab.com/v3/models/a37541ec65064597b19ce7b7602ca23f,true,"""Burrells-lane-window-detail-obj-simp"" by David Ferguson, via Sketchfab/Objaverse, licensed under Creative Commons Attribution 4.0 International.",2019-03-19T20:54:59.711828,reference_reject,source_anchor_not_human,photogrammetry,objaverse:davidvferguson,18bdeff5a271d67e0713534389e90e04bc6af7a9151537d2b5a6b7d524990d0e,abandoned|3d-scan|derelict|windowframe|glasgow|photogrammetry,architecture|cultural-heritage-history,0.0030263573745382,bad,0.926420271396637,good,Metadata manifest only. Obtain and use the asset under its listed source license and attribution requirements.
objaverse_a3e18aed78264c90a4114619024a8d2b,Objaverse,Sketchfab,a3e18aed78264c90a4114619024a8d2b,Mikkel - Skur,keldorf,keldorf,https://sketchfab.com/keldorf,https://sketchfab.com/3d-models/a3e18aed78264c90a4114619024a8d2b,https://objaverse.allenai.org/,https://huggingface.co/datasets/allenai/objaverse/resolve/main/glbs/000-001/a3e18aed78264c90a4114619024a8d2b.glb,https://huggingface.co/datasets/allenai/objaverse/resolve/main/glbs/000-001/a3e18aed78264c90a4114619024a8d2b.glb,by-nc,CC-BY-NC-4.0,Creative Commons Attribution-NonCommercial 4.0 International,https://creativecommons.org/licenses/by-nc/4.0/,https://api.sketchfab.com/v3/models/a3e18aed78264c90a4114619024a8d2b,true,"""Mikkel - Skur"" by keldorf, via Sketchfab/Objaverse, licensed under Creative Commons Attribution-NonCommercial 4.0 International.",2020-03-27T11:11:59.829007,reference_reject,source_anchor_not_human,realitycapture,objaverse:keldorf,50f03cd0b79632723747c84f6060abece9e0586da612d09655a36ed6fb309196,realitycapture|skur,architecture|cultural-heritage-history,0.001468028415521,bad,0.9412671327590942,good,Metadata manifest only. Obtain and use the asset under its listed source license and attribution requirements.
objaverse_a3f9a25a00e94a07b63b08ef1e9b63ec,Objaverse,Sketchfab,a3f9a25a00e94a07b63b08ef1e9b63ec,Day 150: Eastern Market Murals,alexdelker,alexdelker,https://sketchfab.com/alexdelker,https://sketchfab.com/3d-models/a3f9a25a00e94a07b63b08ef1e9b63ec,https://objaverse.allenai.org/,https://huggingface.co/datasets/allenai/objaverse/resolve/main/glbs/000-001/a3f9a25a00e94a07b63b08ef1e9b63ec.glb,https://huggingface.co/datasets/allenai/objaverse/resolve/main/glbs/000-001/a3f9a25a00e94a07b63b08ef1e9b63ec.glb,by,CC-BY-4.0,Creative Commons Attribution 4.0 International,https://creativecommons.org/licenses/by/4.0/,https://api.sketchfab.com/v3/models/a3f9a25a00e94a07b63b08ef1e9b63ec,true,"""Day 150: Eastern Market Murals"" by alexdelker, via Sketchfab/Objaverse, licensed under Creative Commons Attribution 4.0 International.",2021-05-30T14:31:47.513519,reference_reject,source_anchor_not_human,3dscan;lidar,objaverse:alexdelker,30170f5e16c4d5d0195c541e11a2a1000c721024a8c66abba96f315ff2105052,3dscanning|mural|detroit|streetart|polycam|polycamai|easternmarket|easternmarketdetroit,art-abstract,0.0018478537391442,bad,0.992533802986145,good,Metadata manifest only. Obtain and use the asset under its listed source license and attribution requirements.
objaverse_a545212f0ac3401fa6ae13cd75ddf83c,Objaverse,Sketchfab,a545212f0ac3401fa6ae13cd75ddf83c,New Model,wankai724,wankai724,https://sketchfab.com/wankai724,https://sketchfab.com/3d-models/a545212f0ac3401fa6ae13cd75ddf83c,https://objaverse.allenai.org/,https://huggingface.co/datasets/allenai/objaverse/resolve/main/glbs/000-000/a545212f0ac3401fa6ae13cd75ddf83c.glb,https://huggingface.co/datasets/allenai/objaverse/resolve/main/glbs/000-000/a545212f0ac3401fa6ae13cd75ddf83c.glb,by,CC-BY-4.0,Creative Commons Attribution 4.0 International,https://creativecommons.org/licenses/by/4.0/,https://api.sketchfab.com/v3/models/a545212f0ac3401fa6ae13cd75ddf83c,true,"""New Model"" by wankai724, via Sketchfab/Objaverse, licensed under Creative Commons Attribution 4.0 International.",2020-10-29T01:28:13.550780,reference_reject,source_anchor_not_human,3dscan;3dscanner,objaverse:wankai724,cdfaa4df08c4ab8960cf58a29c72cbfde455e029fad08bcc81bac5ae506ac9fd,,,0.0326379037881278,bad,0.9995826482772828,good,Metadata manifest only. Obtain and use the asset under its listed source license and attribution requirements.
objaverse_a5609e09030147429d95e275133a23fb,Objaverse,Sketchfab,a5609e09030147429d95e275133a23fb,Door - B,SJoudeh,SJoudeh,https://sketchfab.com/SJoudeh,https://sketchfab.com/3d-models/a5609e09030147429d95e275133a23fb,https://objaverse.allenai.org/,https://huggingface.co/datasets/allenai/objaverse/resolve/main/glbs/000-001/a5609e09030147429d95e275133a23fb.glb,https://huggingface.co/datasets/allenai/objaverse/resolve/main/glbs/000-001/a5609e09030147429d95e275133a23fb.glb,by,CC-BY-4.0,Creative Commons Attribution 4.0 International,https://creativecommons.org/licenses/by/4.0/,https://api.sketchfab.com/v3/models/a5609e09030147429d95e275133a23fb,true,"""Door - B"" by SJoudeh, via Sketchfab/Objaverse, licensed under Creative Commons Attribution 4.0 International.",2022-08-08T16:57:10.327280,reference_reject,source_anchor_not_human,metashape;agisoft,objaverse:SJoudeh,4069d276b54bbb2491733ab37517ddd17aa49a4fc1591ae2bbe67d1c31b08f46,photorealistic|architectural|heritage|reconstruction|realistic|photogrammetrie|metashape|agisoft,architecture|cultural-heritage-history,0.0013199205794184,bad,0.9990221261978148,good,Metadata manifest only. Obtain and use the asset under its listed source license and attribution requirements.
objaverse_a574e601cea240a5b7af3aa393a5f9b8,Objaverse,Sketchfab,a574e601cea240a5b7af3aa393a5f9b8,LivingRoom,Henry Keyser,hwkeyser,https://sketchfab.com/hwkeyser,https://sketchfab.com/3d-models/a574e601cea240a5b7af3aa393a5f9b8,https://objaverse.allenai.org/,https://huggingface.co/datasets/allenai/objaverse/resolve/main/glbs/000-000/a574e601cea240a5b7af3aa393a5f9b8.glb,https://huggingface.co/datasets/allenai/objaverse/resolve/main/glbs/000-000/a574e601cea240a5b7af3aa393a5f9b8.glb,by,CC-BY-4.0,Creative Commons Attribution 4.0 International,https://creativecommons.org/licenses/by/4.0/,https://api.sketchfab.com/v3/models/a574e601cea240a5b7af3aa393a5f9b8,true,"""LivingRoom"" by Henry Keyser, via Sketchfab/Objaverse, licensed under Creative Commons Attribution 4.0 International.",2018-11-30T03:40:27.190600,reference_reject,source_anchor_not_human,realitycapture,objaverse:hwkeyser,d17e264fd73decb7bc7e04308cfebb5826b9b547b4396b7288986513c5660e6c,realitycapture,,0.0032609174885441,bad,0.9986953735351562,good,Metadata manifest only. Obtain and use the asset under its listed source license and attribution requirements.
objaverse_a753bde107b3404cade9859d60f713ec,Objaverse,Sketchfab,a753bde107b3404cade9859d60f713ec,Crucea La Arman 2021,Institutul Național al Patrimoniului,cimec,https://sketchfab.com/cimec,https://sketchfab.com/3d-models/a753bde107b3404cade9859d60f713ec,https://objaverse.allenai.org/,https://huggingface.co/datasets/allenai/objaverse/resolve/main/glbs/000-000/a753bde107b3404cade9859d60f713ec.glb,https://huggingface.co/datasets/allenai/objaverse/resolve/main/glbs/000-000/a753bde107b3404cade9859d60f713ec.glb,by,CC-BY-4.0,Creative Commons Attribution 4.0 International,https://creativecommons.org/licenses/by/4.0/,https://api.sketchfab.com/v3/models/a753bde107b3404cade9859d60f713ec,true,"""Crucea La Arman 2021"" by Institutul Național al Patrimoniului, via Sketchfab/Objaverse, licensed under Creative Commons Attribution 4.0 International.",2021-04-12T07:39:33.134259,reference_reject,source_anchor_not_human,photogrammetry,objaverse:cimec,f63d0112ad0fd38be26d570eaf2d880a5d03ee39e95de6a5d95aed6d54a710ec,cross|heritage|heritage-photogrammetry|heritage-photogrametry-model3d|stonecross,cultural-heritage-history,0.0013373924802892,bad,0.8630017042160034,good,Metadata manifest only. Obtain and use the asset under its listed source license and attribution requirements.
objaverse_a8fdc7f449ca4b0a821cf940f1c88349,Objaverse,Sketchfab,a8fdc7f449ca4b0a821cf940f1c88349,upload,Rattlesnake112,Rattlesnake112,https://sketchfab.com/Rattlesnake112,https://sketchfab.com/3d-models/a8fdc7f449ca4b0a821cf940f1c88349,https://objaverse.allenai.org/,https://huggingface.co/datasets/allenai/objaverse/resolve/main/glbs/000-000/a8fdc7f449ca4b0a821cf940f1c88349.glb,https://huggingface.co/datasets/allenai/objaverse/resolve/main/glbs/000-000/a8fdc7f449ca4b0a821cf940f1c88349.glb,by-sa,CC-BY-SA-4.0,Creative Commons Attribution-ShareAlike 4.0 International,https://creativecommons.org/licenses/by-sa/4.0/,https://api.sketchfab.com/v3/models/a8fdc7f449ca4b0a821cf940f1c88349,true,"""upload"" by Rattlesnake112, via Sketchfab/Objaverse, licensed under Creative Commons Attribution-ShareAlike 4.0 International.",2018-07-26T10:36:25.750917,reference_reject,source_anchor_not_human,3dscan;3dscanner,objaverse:Rattlesnake112,0d0cb371926aed489a9d6036546a7ba7ced7c4448666d119eb2ead413e71b3fd,openconstructor|arcore3dscanner,,0.0013285912488044,bad,0.9838009476661682,good,Metadata manifest only. Obtain and use the asset under its listed source license and attribution requirements.
objaverse_a90a62463ebe4d2aba48ba917b7dd8fb,Objaverse,Sketchfab,a90a62463ebe4d2aba48ba917b7dd8fb,Anatomy Practice on 3D Scan,Beticas,Beticas,https://sketchfab.com/Beticas,https://sketchfab.com/3d-models/a90a62463ebe4d2aba48ba917b7dd8fb,https://objaverse.allenai.org/,https://huggingface.co/datasets/allenai/objaverse/resolve/main/glbs/000-001/a90a62463ebe4d2aba48ba917b7dd8fb.glb,https://huggingface.co/datasets/allenai/objaverse/resolve/main/glbs/000-001/a90a62463ebe4d2aba48ba917b7dd8fb.glb,by,CC-BY-4.0,Creative Commons Attribution 4.0 International,https://creativecommons.org/licenses/by/4.0/,https://api.sketchfab.com/v3/models/a90a62463ebe4d2aba48ba917b7dd8fb,true,"""Anatomy Practice on 3D Scan"" by Beticas, via Sketchfab/Objaverse, licensed under Creative Commons Attribution 4.0 International.",2017-09-15T14:39:45.423325,reference_reject,source_anchor_not_human,3dscan,objaverse:Beticas,a51cf407cac6f292856ddc2254e84144f16bd3037a5ed755faeedfd9fd92b2cb,sculpt|anatomy|drawing|muscles|fitness|character|bones,characters-creatures|people,0.964699787092251,good,0.991229236125946,good,Metadata manifest only. Obtain and use the asset under its listed source license and attribution requirements.
objaverse_aac168b7eba84ffbad4c8e86b8eef9e7,Objaverse,Sketchfab,aac168b7eba84ffbad4c8e86b8eef9e7,Photogrammetry Testing 11: VisualSFM and OpenMVS,PeterFalkingham,pfalkingham1,https://sketchfab.com/pfalkingham1,https://sketchfab.com/3d-models/aac168b7eba84ffbad4c8e86b8eef9e7,https://objaverse.allenai.org/,https://huggingface.co/datasets/allenai/objaverse/resolve/main/glbs/000-001/aac168b7eba84ffbad4c8e86b8eef9e7.glb,https://huggingface.co/datasets/allenai/objaverse/resolve/main/glbs/000-001/aac168b7eba84ffbad4c8e86b8eef9e7.glb,by,CC-BY-4.0,Creative Commons Attribution 4.0 International,https://creativecommons.org/licenses/by/4.0/,https://api.sketchfab.com/v3/models/aac168b7eba84ffbad4c8e86b8eef9e7,true,"""Photogrammetry Testing 11: VisualSFM and OpenMVS"" by PeterFalkingham, via Sketchfab/Objaverse, licensed under Creative Commons Attribution 4.0 International.",2017-05-26T08:37:19.717003,reference_reject,source_anchor_not_human,photogrammetry,objaverse:pfalkingham1,f927aa7ac73109a69b58c7da4363c51bece003c27202a6af945034e8eed6308d,,electronics-gadgets|science-technology,0.0013133658050527,bad,0.9929173588752748,good,Metadata manifest only. Obtain and use the asset under its listed source license and attribution requirements.
objaverse_aae0edbf48b14b3c8e68325deafb5bf3,Objaverse,Sketchfab,aae0edbf48b14b3c8e68325deafb5bf3,new Rochelle book drop,mikeclemow,mikeclemow,https://sketchfab.com/mikeclemow,https://sketchfab.com/3d-models/aae0edbf48b14b3c8e68325deafb5bf3,https://objaverse.allenai.org/,https://huggingface.co/datasets/allenai/objaverse/resolve/main/glbs/000-001/aae0edbf48b14b3c8e68325deafb5bf3.glb,https://huggingface.co/datasets/allenai/objaverse/resolve/main/glbs/000-001/aae0edbf48b14b3c8e68325deafb5bf3.glb,by,CC-BY-4.0,Creative Commons Attribution 4.0 International,https://creativecommons.org/licenses/by/4.0/,https://api.sketchfab.com/v3/models/aae0edbf48b14b3c8e68325deafb5bf3,true,"""new Rochelle book drop"" by mikeclemow, via Sketchfab/Objaverse, licensed under Creative Commons Attribution 4.0 International.",2019-04-12T22:10:37.277135,reference_reject,source_anchor_not_human,3dscan,objaverse:mikeclemow,f2a7d855c04c63c92354a8d7d0ae35466c056fb84f891eb87aa096fe508717a4,facade|trnio|3dscan,,0.0023101643412652,bad,0.9777680039405824,good,Metadata manifest only. Obtain and use the asset under its listed source license and attribution requirements.
objaverse_ac29f1694c564d518d8052c5a1ca4e35,Objaverse,Sketchfab,ac29f1694c564d518d8052c5a1ca4e35,Wooden water duct [free],Zygomir.Fabricati.Diem,ZygomirFabricatiDiem,https://sketchfab.com/ZygomirFabricatiDiem,https://sketchfab.com/3d-models/ac29f1694c564d518d8052c5a1ca4e35,https://objaverse.allenai.org/,https://huggingface.co/datasets/allenai/objaverse/resolve/main/glbs/000-000/ac29f1694c564d518d8052c5a1ca4e35.glb,https://huggingface.co/datasets/allenai/objaverse/resolve/main/glbs/000-000/ac29f1694c564d518d8052c5a1ca4e35.glb,by,CC-BY-4.0,Creative Commons Attribution 4.0 International,https://creativecommons.org/licenses/by/4.0/,https://api.sketchfab.com/v3/models/ac29f1694c564d518d8052c5a1ca4e35,true,"""Wooden water duct [free]"" by Zygomir.Fabricati.Diem, via Sketchfab/Objaverse, licensed under Creative Commons Attribution 4.0 International.",2021-01-03T18:22:28.975601,reference_reject,source_anchor_not_human,photogrammetry,objaverse:ZygomirFabricatiDiem,bc6f472cf1c27db886ee03837779d457566bd87f5573cdb4dcde6f9ef52c4dc8,assets|prop|props|nature|free3dmodel|trail|duct|hike|freemodel|photogrammetry-3d|photoscan|photogrammetry|free|pieniny|mountain-trail,nature-plants|places-travel,0.0013180978002804,bad,0.9685213565826416,good,Metadata manifest only. Obtain and use the asset under its listed source license and attribution requirements.
objaverse_ad15a7cbaba54afbadb4f6e05aaf3837,Objaverse,Sketchfab,ad15a7cbaba54afbadb4f6e05aaf3837,Mini Car in a Snowy Night,Shahriar Shahrabi,shahriyarshahrabi,https://sketchfab.com/shahriyarshahrabi,https://sketchfab.com/3d-models/ad15a7cbaba54afbadb4f6e05aaf3837,https://objaverse.allenai.org/,https://huggingface.co/datasets/allenai/objaverse/resolve/main/glbs/000-001/ad15a7cbaba54afbadb4f6e05aaf3837.glb,https://huggingface.co/datasets/allenai/objaverse/resolve/main/glbs/000-001/ad15a7cbaba54afbadb4f6e05aaf3837.glb,by,CC-BY-4.0,Creative Commons Attribution 4.0 International,https://creativecommons.org/licenses/by/4.0/,https://api.sketchfab.com/v3/models/ad15a7cbaba54afbadb4f6e05aaf3837,true,"""Mini Car in a Snowy Night"" by Shahriar Shahrabi, via Sketchfab/Objaverse, licensed under Creative Commons Attribution 4.0 International.",2022-01-21T17:42:19.245090,reference_reject,source_anchor_not_human,photogrammetry,objaverse:shahriyarshahrabi,d8401a2e05ad9bf1e17f1caf9c438f388bfe97d9a05171458e3df41c70d8ec23,snow|night|photogrammetry|car,cars-vehicles,0.0031763052182455,bad,0.9999862909317015,good,Metadata manifest only. Obtain and use the asset under its listed source license and attribution requirements.
objaverse_ad91668a58b84e52b782c9958ada7cfd,Objaverse,Sketchfab,ad91668a58b84e52b782c9958ada7cfd,Wall Panel from the American Pavilion at Epcot,Reverse Imagineering,wesleymjames,https://sketchfab.com/wesleymjames,https://sketchfab.com/3d-models/ad91668a58b84e52b782c9958ada7cfd,https://objaverse.allenai.org/,https://huggingface.co/datasets/allenai/objaverse/resolve/main/glbs/000-001/ad91668a58b84e52b782c9958ada7cfd.glb,https://huggingface.co/datasets/allenai/objaverse/resolve/main/glbs/000-001/ad91668a58b84e52b782c9958ada7cfd.glb,by,CC-BY-4.0,Creative Commons Attribution 4.0 International,https://creativecommons.org/licenses/by/4.0/,https://api.sketchfab.com/v3/models/ad91668a58b84e52b782c9958ada7cfd,true,"""Wall Panel from the American Pavilion at Epcot"" by Reverse Imagineering, via Sketchfab/Objaverse, licensed under Creative Commons Attribution 4.0 International.",2018-11-02T01:06:55.874113,reference_reject,source_anchor_not_human,photogrammetry,objaverse:wesleymjames,db27ea1c035770291d0a42c9af4b03ed549d2627d395c967464ee173bce765c6,eagle|panel|disney|epcot|wallpanels|wall,cultural-heritage-history,0.0091977692553026,bad,0.999066174030304,good,Metadata manifest only. Obtain and use the asset under its listed source license and attribution requirements.
objaverse_ae0e175551b5442dae5daa6b3596c690,Objaverse,Sketchfab,ae0e175551b5442dae5daa6b3596c690,Facade of Abbey Church of Saint Gilles,MasOug,MasOug,https://sketchfab.com/MasOug,https://sketchfab.com/3d-models/ae0e175551b5442dae5daa6b3596c690,https://objaverse.allenai.org/,https://huggingface.co/datasets/allenai/objaverse/resolve/main/glbs/000-000/ae0e175551b5442dae5daa6b3596c690.glb,https://huggingface.co/datasets/allenai/objaverse/resolve/main/glbs/000-000/ae0e175551b5442dae5daa6b3596c690.glb,by,CC-BY-4.0,Creative Commons Attribution 4.0 International,https://creativecommons.org/licenses/by/4.0/,https://api.sketchfab.com/v3/models/ae0e175551b5442dae5daa6b3596c690,true,"""Facade of Abbey Church of Saint Gilles"" by MasOug, via Sketchfab/Objaverse, licensed under Creative Commons Attribution 4.0 International.",2020-01-09T04:08:26.412323,reference_reject,source_anchor_not_human,photogrammetry,objaverse:MasOug,91f8991c235140edef013697e01553bd9854b41add50902572aa899b96b11085,facade|church-architecture|colmap|photogrammetry|church,architecture,0.0014263590471746,bad,0.8921357989311218,good,Metadata manifest only. Obtain and use the asset under its listed source license and attribution requirements.
objaverse_ae50f5a1d0e643fb991d6ecefd37745c,Objaverse,Sketchfab,ae50f5a1d0e643fb991d6ecefd37745c,Big 3D Vault,Sustainable Creations NFT,sustainablecreations.nft,https://sketchfab.com/sustainablecreations.nft,https://sketchfab.com/3d-models/ae50f5a1d0e643fb991d6ecefd37745c,https://objaverse.allenai.org/,https://huggingface.co/datasets/allenai/objaverse/resolve/main/glbs/000-000/ae50f5a1d0e643fb991d6ecefd37745c.glb,https://huggingface.co/datasets/allenai/objaverse/resolve/main/glbs/000-000/ae50f5a1d0e643fb991d6ecefd37745c.glb,by,CC-BY-4.0,Creative Commons Attribution 4.0 International,https://creativecommons.org/licenses/by/4.0/,https://api.sketchfab.com/v3/models/ae50f5a1d0e643fb991d6ecefd37745c,true,"""Big 3D Vault"" by Sustainable Creations NFT, via Sketchfab/Objaverse, licensed under Creative Commons Attribution 4.0 International.",2022-08-04T16:51:07.911613,reference_reject,source_anchor_not_human,3dscan,objaverse:sustainablecreations.nft,efa16b1813835dbabdf094f03d085f2b70d6e5080b3010a3fa47f08a0a57aa9f,3dscanning|bank|vaults,art-abstract|furniture-home,0.0016719490945211,bad,0.8899704813957214,good,Metadata manifest only. Obtain and use the asset under its listed source license and attribution requirements.
objaverse_ae67b4b43fdb419694c6f77eeb947211,Objaverse,Sketchfab,ae67b4b43fdb419694c6f77eeb947211,"Oregon Trail ruts (Guernsey, Wyoming)",semiller88,semiller88,https://sketchfab.com/semiller88,https://sketchfab.com/3d-models/ae67b4b43fdb419694c6f77eeb947211,https://objaverse.allenai.org/,https://huggingface.co/datasets/allenai/objaverse/resolve/main/glbs/000-000/ae67b4b43fdb419694c6f77eeb947211.glb,https://huggingface.co/datasets/allenai/objaverse/resolve/main/glbs/000-000/ae67b4b43fdb419694c6f77eeb947211.glb,by,CC-BY-4.0,Creative Commons Attribution 4.0 International,https://creativecommons.org/licenses/by/4.0/,https://api.sketchfab.com/v3/models/ae67b4b43fdb419694c6f77eeb947211,true,"""Oregon Trail ruts (Guernsey, Wyoming)"" by semiller88, via Sketchfab/Objaverse, licensed under Creative Commons Attribution 4.0 International.",2021-06-25T22:42:45.253834,reference_reject,source_anchor_not_human,3dscan;3dscanner,objaverse:semiller88,8ebdb5f9284c0913e3bd15adbe14c93dba605fab750dd69ef5a510558bfe9920,wyoming|trail|oregon|archaeology|history,cultural-heritage-history,0.0016772872642871,bad,0.9979411959648132,good,Metadata manifest only. Obtain and use the asset under its listed source license and attribution requirements.
objaverse_af35728eb1bf4cde8567d93a043c3750,Objaverse,Sketchfab,af35728eb1bf4cde8567d93a043c3750,My awesome 3D scene,DUT2,DUT2,https://sketchfab.com/DUT2,https://sketchfab.com/3d-models/af35728eb1bf4cde8567d93a043c3750,https://objaverse.allenai.org/,https://huggingface.co/datasets/allenai/objaverse/resolve/main/glbs/000-001/af35728eb1bf4cde8567d93a043c3750.glb,https://huggingface.co/datasets/allenai/objaverse/resolve/main/glbs/000-001/af35728eb1bf4cde8567d93a043c3750.glb,by,CC-BY-4.0,Creative Commons Attribution 4.0 International,https://creativecommons.org/licenses/by/4.0/,https://api.sketchfab.com/v3/models/af35728eb1bf4cde8567d93a043c3750,true,"""My awesome 3D scene"" by DUT2, via Sketchfab/Objaverse, licensed under Creative Commons Attribution 4.0 International.",2019-08-29T14:11:12.619241,reference_reject,source_anchor_not_human,photogrammetry,objaverse:DUT2,9d481e6e20bf1a46437de4ed6f55b9357751e102e9d9987d933de5508e454b60,3df-zephyr,,0.0014448982943053,bad,0.2129078954458236,bad,Metadata manifest only. Obtain and use the asset under its listed source license and attribution requirements.
objaverse_b0b4364b85e74638848562b526a7c113,Objaverse,Sketchfab,b0b4364b85e74638848562b526a7c113,Exterior Scan,1579,davidrasner5,https://sketchfab.com/davidrasner5,https://sketchfab.com/3d-models/b0b4364b85e74638848562b526a7c113,https://objaverse.allenai.org/,https://huggingface.co/datasets/allenai/objaverse/resolve/main/glbs/000-001/b0b4364b85e74638848562b526a7c113.glb,https://huggingface.co/datasets/allenai/objaverse/resolve/main/glbs/000-001/b0b4364b85e74638848562b526a7c113.glb,by,CC-BY-4.0,Creative Commons Attribution 4.0 International,https://creativecommons.org/licenses/by/4.0/,https://api.sketchfab.com/v3/models/b0b4364b85e74638848562b526a7c113,true,"""Exterior Scan"" by 1579, via Sketchfab/Objaverse, licensed under Creative Commons Attribution 4.0 International.",2020-12-23T11:41:13.811104,reference_reject,source_anchor_not_human,3dscan;3dscanner;lidar,objaverse:davidrasner5,8381a0fe9d78dc0556599c7d493d92861bb745768a6fc1dd78728ee7e519a05f,lidar|ipadpro2020,architecture,0.0013133381753387,bad,0.9984130263328552,good,Metadata manifest only. Obtain and use the asset under its listed source license and attribution requirements.
objaverse_b14d1f57bdab4010a988ad2727dc1230,Objaverse,Sketchfab,b14d1f57bdab4010a988ad2727dc1230,Earth Dam 3D Mapping,Nick Russill,NickRussill,https://sketchfab.com/NickRussill,https://sketchfab.com/3d-models/b14d1f57bdab4010a988ad2727dc1230,https://objaverse.allenai.org/,https://huggingface.co/datasets/allenai/objaverse/resolve/main/glbs/000-001/b14d1f57bdab4010a988ad2727dc1230.glb,https://huggingface.co/datasets/allenai/objaverse/resolve/main/glbs/000-001/b14d1f57bdab4010a988ad2727dc1230.glb,by,CC-BY-4.0,Creative Commons Attribution 4.0 International,https://creativecommons.org/licenses/by/4.0/,https://api.sketchfab.com/v3/models/b14d1f57bdab4010a988ad2727dc1230,true,"""Earth Dam 3D Mapping"" by Nick Russill, via Sketchfab/Objaverse, licensed under Creative Commons Attribution 4.0 International.",2019-07-30T15:19:24.393533,reference_reject,source_anchor_not_human,realitycapture,objaverse:NickRussill,ece67a3f53507a06e1d689fc7fde54ad18b1f05789807da2cfd2a652447fec15,realitycapture,,0.0013143476910542,bad,0.9998220205307008,good,Metadata manifest only. Obtain and use the asset under its listed source license and attribution requirements.
objaverse_b1d48d02e09a48d88e7eab52380a5b3b,Objaverse,Sketchfab,b1d48d02e09a48d88e7eab52380a5b3b,Terrier 2,Alphared,alphared,https://sketchfab.com/alphared,https://sketchfab.com/3d-models/b1d48d02e09a48d88e7eab52380a5b3b,https://objaverse.allenai.org/,https://huggingface.co/datasets/allenai/objaverse/resolve/main/glbs/000-000/b1d48d02e09a48d88e7eab52380a5b3b.glb,https://huggingface.co/datasets/allenai/objaverse/resolve/main/glbs/000-000/b1d48d02e09a48d88e7eab52380a5b3b.glb,by,CC-BY-4.0,Creative Commons Attribution 4.0 International,https://creativecommons.org/licenses/by/4.0/,https://api.sketchfab.com/v3/models/b1d48d02e09a48d88e7eab52380a5b3b,true,"""Terrier 2"" by Alphared, via Sketchfab/Objaverse, licensed under Creative Commons Attribution 4.0 International.",2022-02-15T21:21:54.517509,reference_reject,source_anchor_not_human,3dscan;3dscanner,objaverse:alphared,ebe58e176d2bfc3774888eae931dadbab0d620255f13931211063ff873ffff6e,3dscannerapp,,0.0013133399456502,bad,0.9984869956970216,good,Metadata manifest only. Obtain and use the asset under its listed source license and attribution requirements.
objaverse_b2213e00adb246c89be184075607f42d,Objaverse,Sketchfab,b2213e00adb246c89be184075607f42d,Laith-LSM207,Alhidba,AlhidbaCo,https://sketchfab.com/AlhidbaCo,https://sketchfab.com/3d-models/b2213e00adb246c89be184075607f42d,https://objaverse.allenai.org/,https://huggingface.co/datasets/allenai/objaverse/resolve/main/glbs/000-001/b2213e00adb246c89be184075607f42d.glb,https://huggingface.co/datasets/allenai/objaverse/resolve/main/glbs/000-001/b2213e00adb246c89be184075607f42d.glb,by,CC-BY-4.0,Creative Commons Attribution 4.0 International,https://creativecommons.org/licenses/by/4.0/,https://api.sketchfab.com/v3/models/b2213e00adb246c89be184075607f42d,true,"""Laith-LSM207"" by Alhidba, via Sketchfab/Objaverse, licensed under Creative Commons Attribution 4.0 International.",2021-12-26T10:09:45.292054,reference_reject,source_anchor_not_human,3dscan;realitycapture,objaverse:AlhidbaCo,0ca2b831ff644e5ffa0156208b7ef2fa3acdce3c0ce2737005cba073d4e80da9,modern|classic|furniture|3dscanned|sofaset|realitycapture,architecture|furniture-home,0.1385789201639665,bad,0.8757821917533875,good,Metadata manifest only. Obtain and use the asset under its listed source license and attribution requirements.
objaverse_b2b5037626514e88bf183db22acbc8bc,Objaverse,Sketchfab,b2b5037626514e88bf183db22acbc8bc,Lebka koně - Horse skull,matousekfoto,matousekfoto,https://sketchfab.com/matousekfoto,https://sketchfab.com/3d-models/b2b5037626514e88bf183db22acbc8bc,https://objaverse.allenai.org/,https://huggingface.co/datasets/allenai/objaverse/resolve/main/glbs/000-000/b2b5037626514e88bf183db22acbc8bc.glb,https://huggingface.co/datasets/allenai/objaverse/resolve/main/glbs/000-000/b2b5037626514e88bf183db22acbc8bc.glb,by,CC-BY-4.0,Creative Commons Attribution 4.0 International,https://creativecommons.org/licenses/by/4.0/,https://api.sketchfab.com/v3/models/b2b5037626514e88bf183db22acbc8bc,true,"""Lebka koně - Horse skull"" by matousekfoto, via Sketchfab/Objaverse, licensed under Creative Commons Attribution 4.0 International.",2020-04-23T09:18:19.108594,reference_reject,source_anchor_not_human,photogrammetry,objaverse:matousekfoto,d5f9a1a44423ebc6de69fa0b5046818d3187a51a76b2ebd55ae9a60a1a6ba6e0,skeleton|anatomy|3d-scan|medieval|museum|realistic|authentic|downloadable|anatomy4sculptors|freemodel|usti|labem|czechia|nad|medievalfantasyassets|photoscan|skull|scan|animal|free|download|bones,animals-pets|cultural-heritage-history,0.7579124451188542,bad,0.7533894181251526,good,Metadata manifest only. Obtain and use the asset under its listed source license and attribution requirements.
objaverse_b356bd918a46483aae32813c1558fcbb,Objaverse,Sketchfab,b356bd918a46483aae32813c1558fcbb,Biatorbágy Alpine,szendefikft,szendefikft,https://sketchfab.com/szendefikft,https://sketchfab.com/3d-models/b356bd918a46483aae32813c1558fcbb,https://objaverse.allenai.org/,https://huggingface.co/datasets/allenai/objaverse/resolve/main/glbs/000-000/b356bd918a46483aae32813c1558fcbb.glb,https://huggingface.co/datasets/allenai/objaverse/resolve/main/glbs/000-000/b356bd918a46483aae32813c1558fcbb.glb,by,CC-BY-4.0,Creative Commons Attribution 4.0 International,https://creativecommons.org/licenses/by/4.0/,https://api.sketchfab.com/v3/models/b356bd918a46483aae32813c1558fcbb,true,"""Biatorbágy Alpine"" by szendefikft, via Sketchfab/Objaverse, licensed under Creative Commons Attribution 4.0 International.",2020-03-13T07:35:31.893168,reference_reject,source_anchor_not_human,metashape;agisoft,objaverse:szendefikft,a84564b5aaed74419d623c289f50c71fb5282c20783fa84b28748e86a9b7b34a,metashape|agisoft,,0.0013270355499336,bad,0.9998149871826172,good,Metadata manifest only. Obtain and use the asset under its listed source license and attribution requirements.
objaverse_b41062089e17465fac53d58e394c2499,Objaverse,Sketchfab,b41062089e17465fac53d58e394c2499,Wooden Wall 3D scan,grafi,zdenkoroman,https://sketchfab.com/zdenkoroman,https://sketchfab.com/3d-models/b41062089e17465fac53d58e394c2499,https://objaverse.allenai.org/,https://huggingface.co/datasets/allenai/objaverse/resolve/main/glbs/000-000/b41062089e17465fac53d58e394c2499.glb,https://huggingface.co/datasets/allenai/objaverse/resolve/main/glbs/000-000/b41062089e17465fac53d58e394c2499.glb,by,CC-BY-4.0,Creative Commons Attribution 4.0 International,https://creativecommons.org/licenses/by/4.0/,https://api.sketchfab.com/v3/models/b41062089e17465fac53d58e394c2499,true,"""Wooden Wall 3D scan"" by grafi, via Sketchfab/Objaverse, licensed under Creative Commons Attribution 4.0 International.",2019-07-10T11:46:12.729778,reference_reject,source_anchor_not_human,photogrammetry;3dscan,objaverse:zdenkoroman,f9b043c1e5a9281d1c5ac581afc5976b39484832c9a6b65935cd5b3c5b98b344,wooden|pattern|old|nature|downloadable|game-asset|game-model|freemodel|photogrammetry|texture|scan|3dscan|wood|free|download|wall|freetexture,art-abstract|nature-plants,0.0030695463808489,bad,0.921360969543457,good,Metadata manifest only. Obtain and use the asset under its listed source license and attribution requirements.
objaverse_b5ac8c25ea3f4d7fa3ff005b51824d18,Objaverse,Sketchfab,b5ac8c25ea3f4d7fa3ff005b51824d18,Chillspace,Elin,ElinHohler,https://sketchfab.com/ElinHohler,https://sketchfab.com/3d-models/b5ac8c25ea3f4d7fa3ff005b51824d18,https://objaverse.allenai.org/,https://huggingface.co/datasets/allenai/objaverse/resolve/main/glbs/000-000/b5ac8c25ea3f4d7fa3ff005b51824d18.glb,https://huggingface.co/datasets/allenai/objaverse/resolve/main/glbs/000-000/b5ac8c25ea3f4d7fa3ff005b51824d18.glb,by,CC-BY-4.0,Creative Commons Attribution 4.0 International,https://creativecommons.org/licenses/by/4.0/,https://api.sketchfab.com/v3/models/b5ac8c25ea3f4d7fa3ff005b51824d18,true,"""Chillspace"" by Elin, via Sketchfab/Objaverse, licensed under Creative Commons Attribution 4.0 International.",2018-08-30T16:42:51.502866,reference_reject,source_anchor_not_human,meshroom,objaverse:ElinHohler,cc27e17a803689d637b88b743cc5b0be6474dc50f87e8d60a7efb33d7a6a3cd5,3d-scan|mask|stones|treestump|meshroom,furniture-home,0.0013192657090826,bad,0.8341268301010132,good,Metadata manifest only. Obtain and use the asset under its listed source license and attribution requirements.
objaverse_b68e1ad48612490b9cb11ba3d47ce7c9,Objaverse,Sketchfab,b68e1ad48612490b9cb11ba3d47ce7c9,Day 248: CBD Truck,uttamg911,uttamg911,https://sketchfab.com/uttamg911,https://sketchfab.com/3d-models/b68e1ad48612490b9cb11ba3d47ce7c9,https://objaverse.allenai.org/,https://huggingface.co/datasets/allenai/objaverse/resolve/main/glbs/000-000/b68e1ad48612490b9cb11ba3d47ce7c9.glb,https://huggingface.co/datasets/allenai/objaverse/resolve/main/glbs/000-000/b68e1ad48612490b9cb11ba3d47ce7c9.glb,by-nc-sa,CC-BY-NC-SA-4.0,Creative Commons Attribution-NonCommercial-ShareAlike 4.0 International,https://creativecommons.org/licenses/by-nc-sa/4.0/,https://api.sketchfab.com/v3/models/b68e1ad48612490b9cb11ba3d47ce7c9,true,"""Day 248: CBD Truck"" by uttamg911, via Sketchfab/Objaverse, licensed under Creative Commons Attribution-NonCommercial-ShareAlike 4.0 International.",2022-04-28T04:00:38.665164,reference_reject,source_anchor_not_human,photogrammetry;3dscan,objaverse:uttamg911,544011a84d46d467aacc1ee4c5bbd8adf62ed07b4a10b83b2e83b94ea06a897a,truck|graffiti|nyc|cbd|photogrammetry|3dscan|polycam,cars-vehicles|places-travel,0.0040832997637917,bad,0.9447429776191713,good,Metadata manifest only. Obtain and use the asset under its listed source license and attribution requirements.
objaverse_b7bb5f7f607f431ba16806da40f42421,Objaverse,Sketchfab,b7bb5f7f607f431ba16806da40f42421,Machined Part - Artec Space Spider 3D Scan,GoMeasure3D,gomeasure3d,https://sketchfab.com/gomeasure3d,https://sketchfab.com/3d-models/b7bb5f7f607f431ba16806da40f42421,https://objaverse.allenai.org/,https://huggingface.co/datasets/allenai/objaverse/resolve/main/glbs/000-000/b7bb5f7f607f431ba16806da40f42421.glb,https://huggingface.co/datasets/allenai/objaverse/resolve/main/glbs/000-000/b7bb5f7f607f431ba16806da40f42421.glb,by,CC-BY-4.0,Creative Commons Attribution 4.0 International,https://creativecommons.org/licenses/by/4.0/,https://api.sketchfab.com/v3/models/b7bb5f7f607f431ba16806da40f42421,true,"""Machined Part - Artec Space Spider 3D Scan"" by GoMeasure3D, via Sketchfab/Objaverse, licensed under Creative Commons Attribution 4.0 International.",2020-12-22T16:07:00.369431,reference_reject,source_anchor_not_human,3dscan;3d scanner,objaverse:gomeasure3d,66b69accec48f28562076349496fa085328fdc3eb3588ef60388e1096c6f8e7d,parts|automotive|artec3d|cnc-milling|artec-space-spider|scanning3d|3d|3dscan|cnc-model,cars-vehicles|science-technology,0.9059164897037456,bad,0.7649665474891663,good,Metadata manifest only. Obtain and use the asset under its listed source license and attribution requirements.
objaverse_b8ab806958424b8eb6022e7c521bccea,Objaverse,Sketchfab,b8ab806958424b8eb6022e7c521bccea,Peveter,despertaelpatrimoni,despertaelpatrimoni,https://sketchfab.com/despertaelpatrimoni,https://sketchfab.com/3d-models/b8ab806958424b8eb6022e7c521bccea,https://objaverse.allenai.org/,https://huggingface.co/datasets/allenai/objaverse/resolve/main/glbs/000-000/b8ab806958424b8eb6022e7c521bccea.glb,https://huggingface.co/datasets/allenai/objaverse/resolve/main/glbs/000-000/b8ab806958424b8eb6022e7c521bccea.glb,by,CC-BY-4.0,Creative Commons Attribution 4.0 International,https://creativecommons.org/licenses/by/4.0/,https://api.sketchfab.com/v3/models/b8ab806958424b8eb6022e7c521bccea,true,"""Peveter"" by despertaelpatrimoni, via Sketchfab/Objaverse, licensed under Creative Commons Attribution 4.0 International.",2021-09-29T12:17:48.255153,reference_reject,source_anchor_not_human,3dscan,objaverse:despertaelpatrimoni,4f27942db1970dc1655db0e46208c6c6c111bb42dbaba6f3a0346eded43a6808,trnio|tortosa|3dscan|despertaelpatrimoni,,0.0013136699288284,bad,0.919907569885254,good,Metadata manifest only. Obtain and use the asset under its listed source license and attribution requirements.
objaverse_b8e56772bceb44b7948779b6d63a3616,Objaverse,Sketchfab,b8e56772bceb44b7948779b6d63a3616,Fluorite / RU Geology / by Grace Psenicska,Dr. Parvinder Sethi,parv,https://sketchfab.com/parv,https://sketchfab.com/3d-models/b8e56772bceb44b7948779b6d63a3616,https://objaverse.allenai.org/,https://huggingface.co/datasets/allenai/objaverse/resolve/main/glbs/000-001/b8e56772bceb44b7948779b6d63a3616.glb,https://huggingface.co/datasets/allenai/objaverse/resolve/main/glbs/000-001/b8e56772bceb44b7948779b6d63a3616.glb,by,CC-BY-4.0,Creative Commons Attribution 4.0 International,https://creativecommons.org/licenses/by/4.0/,https://api.sketchfab.com/v3/models/b8e56772bceb44b7948779b6d63a3616,true,"""Fluorite / RU Geology / by Grace Psenicska"" by Dr. Parvinder Sethi, via Sketchfab/Objaverse, licensed under Creative Commons Attribution 4.0 International.",2020-10-01T20:17:22.217697,reference_reject,source_anchor_not_human,metashape;agisoft,objaverse:parv,107a93646637a79c87fcab42a4668c021de2302af5e0852326f1ba0db065f893,metashape|agisoft,,0.001323637234705,bad,0.904884934425354,good,Metadata manifest only. Obtain and use the asset under its listed source license and attribution requirements.
objaverse_b955b05d12fd4a4094ba64c92cb36746,Objaverse,Sketchfab,b955b05d12fd4a4094ba64c92cb36746,Levantamento - LOHMM - Jacareí (Área total),vivadrone,vivadrone,https://sketchfab.com/vivadrone,https://sketchfab.com/3d-models/b955b05d12fd4a4094ba64c92cb36746,https://objaverse.allenai.org/,https://huggingface.co/datasets/allenai/objaverse/resolve/main/glbs/000-001/b955b05d12fd4a4094ba64c92cb36746.glb,https://huggingface.co/datasets/allenai/objaverse/resolve/main/glbs/000-001/b955b05d12fd4a4094ba64c92cb36746.glb,by,CC-BY-4.0,Creative Commons Attribution 4.0 International,https://creativecommons.org/licenses/by/4.0/,https://api.sketchfab.com/v3/models/b955b05d12fd4a4094ba64c92cb36746,true,"""Levantamento - LOHMM - Jacareí (Área total)"" by vivadrone, via Sketchfab/Objaverse, licensed under Creative Commons Attribution 4.0 International.",2022-09-10T19:48:39.895298,reference_reject,source_anchor_not_human,metashape;agisoft,objaverse:vivadrone,971dd5111582e5acddd89abbd254b8d4ee87779596c3dd897f8383e98b60c6d2,phantom|map|dji|topography|agrimensura|mavic|topografia|georreferenciamento|metashape|agisoft|3d,architecture|science-technology,0.0013721384440821,bad,0.9993749856948853,good,Metadata manifest only. Obtain and use the asset under its listed source license and attribution requirements.
objaverse_ba7260bcdd4a443680a4897223ccdfe5,Objaverse,Sketchfab,ba7260bcdd4a443680a4897223ccdfe5,My spectacular 3D model from photos,joor3d,joor3d,https://sketchfab.com/joor3d,https://sketchfab.com/3d-models/ba7260bcdd4a443680a4897223ccdfe5,https://objaverse.allenai.org/,https://huggingface.co/datasets/allenai/objaverse/resolve/main/glbs/000-000/ba7260bcdd4a443680a4897223ccdfe5.glb,https://huggingface.co/datasets/allenai/objaverse/resolve/main/glbs/000-000/ba7260bcdd4a443680a4897223ccdfe5.glb,by,CC-BY-4.0,Creative Commons Attribution 4.0 International,https://creativecommons.org/licenses/by/4.0/,https://api.sketchfab.com/v3/models/ba7260bcdd4a443680a4897223ccdfe5,true,"""My spectacular 3D model from photos"" by joor3d, via Sketchfab/Objaverse, licensed under Creative Commons Attribution 4.0 International.",2019-01-24T23:59:14.944169,reference_reject,source_anchor_not_human,photogrammetry,objaverse:joor3d,74f1688e8c2ee9db8cab1e6808896949f7cfe776b1e8f005353dc7f82aaa0734,3df-zephyr,,0.0019592762099102,bad,0.7533894181251526,good,Metadata manifest only. Obtain and use the asset under its listed source license and attribution requirements.
objaverse_bdfe9e63b4e643e7a0b07449c3136533,Objaverse,Sketchfab,bdfe9e63b4e643e7a0b07449c3136533,Granite stone grey 01,3dhdscan,3dhdscan,https://sketchfab.com/3dhdscan,https://sketchfab.com/3d-models/bdfe9e63b4e643e7a0b07449c3136533,https://objaverse.allenai.org/,https://huggingface.co/datasets/allenai/objaverse/resolve/main/glbs/000-001/bdfe9e63b4e643e7a0b07449c3136533.glb,https://huggingface.co/datasets/allenai/objaverse/resolve/main/glbs/000-001/bdfe9e63b4e643e7a0b07449c3136533.glb,by,CC-BY-4.0,Creative Commons Attribution 4.0 International,https://creativecommons.org/licenses/by/4.0/,https://api.sketchfab.com/v3/models/bdfe9e63b4e643e7a0b07449c3136533,true,"""Granite stone grey 01"" by 3dhdscan, via Sketchfab/Objaverse, licensed under Creative Commons Attribution 4.0 International.",2017-06-16T03:00:49.970459,reference_reject,source_anchor_not_human,photogrammetry;realitycapture,objaverse:3dhdscan,796b72cfac25bd6f1cc3844c919ce06d1b69bd198aeabb87651a49fec5547c93,prop|geology|reality|ground|cz|vr|reference|props|realistic|real|czech|realism|brno|gameobject|downloadable|groundstone|ground-rocks|realitycapture|render|photogrammetry|asset|game|texture|gameart|scan|stone|gameasset|free|rock|textured|download,nature-plants,0.0014745024415281,bad,0.7533894181251526,good,Metadata manifest only. Obtain and use the asset under its listed source license and attribution requirements.
objaverse_be369e46d15b4a3b96cc5440aa77431d,Objaverse,Sketchfab,be369e46d15b4a3b96cc5440aa77431d,New Model,john.ffrench,john.ffrench,https://sketchfab.com/john.ffrench,https://sketchfab.com/3d-models/be369e46d15b4a3b96cc5440aa77431d,https://objaverse.allenai.org/,https://huggingface.co/datasets/allenai/objaverse/resolve/main/glbs/000-001/be369e46d15b4a3b96cc5440aa77431d.glb,https://huggingface.co/datasets/allenai/objaverse/resolve/main/glbs/000-001/be369e46d15b4a3b96cc5440aa77431d.glb,by,CC-BY-4.0,Creative Commons Attribution 4.0 International,https://creativecommons.org/licenses/by/4.0/,https://api.sketchfab.com/v3/models/be369e46d15b4a3b96cc5440aa77431d,true,"""New Model"" by john.ffrench, via Sketchfab/Objaverse, licensed under Creative Commons Attribution 4.0 International.",2021-03-02T21:18:54.879666,reference_reject,source_anchor_not_human,3dscan;3dscanner,objaverse:john.ffrench,1a8cad1b51533ee13f439ba256274c94cc25655a12adaa3f2e1b9e6759d7ec0f,3dscannerapp,,0.0013137611139716,bad,0.9581620693206788,good,Metadata manifest only. Obtain and use the asset under its listed source license and attribution requirements.
objaverse_be543e434fa64e619c09a82d9b2bcc8e,Objaverse,Sketchfab,be543e434fa64e619c09a82d9b2bcc8e,Bag for gusli,volkman,volkman,https://sketchfab.com/volkman,https://sketchfab.com/3d-models/be543e434fa64e619c09a82d9b2bcc8e,https://objaverse.allenai.org/,https://huggingface.co/datasets/allenai/objaverse/resolve/main/glbs/000-000/be543e434fa64e619c09a82d9b2bcc8e.glb,https://huggingface.co/datasets/allenai/objaverse/resolve/main/glbs/000-000/be543e434fa64e619c09a82d9b2bcc8e.glb,by,CC-BY-4.0,Creative Commons Attribution 4.0 International,https://creativecommons.org/licenses/by/4.0/,https://api.sketchfab.com/v3/models/be543e434fa64e619c09a82d9b2bcc8e,true,"""Bag for gusli"" by volkman, via Sketchfab/Objaverse, licensed under Creative Commons Attribution 4.0 International.",2016-07-10T15:44:57.392245,reference_reject,source_anchor_not_human,agisoft,objaverse:volkman,b221dff05d8341137719a5a1e40bec4290468b9874363aad8cb0fe56c004d459,agisoft|photoscan,,0.0013547436465007,bad,0.884150505065918,good,Metadata manifest only. Obtain and use the asset under its listed source license and attribution requirements.
objaverse_be7bc8d7d5e641deb8032cbc035c6cb0,Objaverse,Sketchfab,be7bc8d7d5e641deb8032cbc035c6cb0,Tree Stump with Shoe Polish,mehelleproject,mehelleproject,https://sketchfab.com/mehelleproject,https://sketchfab.com/3d-models/be7bc8d7d5e641deb8032cbc035c6cb0,https://objaverse.allenai.org/,https://huggingface.co/datasets/allenai/objaverse/resolve/main/glbs/000-000/be7bc8d7d5e641deb8032cbc035c6cb0.glb,https://huggingface.co/datasets/allenai/objaverse/resolve/main/glbs/000-000/be7bc8d7d5e641deb8032cbc035c6cb0.glb,by,CC-BY-4.0,Creative Commons Attribution 4.0 International,https://creativecommons.org/licenses/by/4.0/,https://api.sketchfab.com/v3/models/be7bc8d7d5e641deb8032cbc035c6cb0,true,"""Tree Stump with Shoe Polish"" by mehelleproject, via Sketchfab/Objaverse, licensed under Creative Commons Attribution 4.0 International.",2022-08-25T07:29:05.948445,reference_reject,source_anchor_not_human,photogrammetry,objaverse:mehelleproject,a77c6b7f817d441093d5d0276f1cc91b8923d5656ef352eeb68f36c462386bb7,work|travel|everyday-objects|photogrammetry,fashion-style|nature-plants,0.0013149601985043,bad,0.9996569156646729,good,Metadata manifest only. Obtain and use the asset under its listed source license and attribution requirements.
objaverse_bf6e9d57719e481381ce6d6d181731e2,Objaverse,Sketchfab,bf6e9d57719e481381ce6d6d181731e2,Japan Nambu Pistol,luke_gibbs,gibbsluke,https://sketchfab.com/gibbsluke,https://sketchfab.com/3d-models/bf6e9d57719e481381ce6d6d181731e2,https://objaverse.allenai.org/,https://huggingface.co/datasets/allenai/objaverse/resolve/main/glbs/000-000/bf6e9d57719e481381ce6d6d181731e2.glb,https://huggingface.co/datasets/allenai/objaverse/resolve/main/glbs/000-000/bf6e9d57719e481381ce6d6d181731e2.glb,by,CC-BY-4.0,Creative Commons Attribution 4.0 International,https://creativecommons.org/licenses/by/4.0/,https://api.sketchfab.com/v3/models/bf6e9d57719e481381ce6d6d181731e2,true,"""Japan Nambu Pistol"" by luke_gibbs, via Sketchfab/Objaverse, licensed under Creative Commons Attribution 4.0 International.",2018-06-28T13:13:36.989026,reference_reject,source_anchor_not_human,photogrammetry,objaverse:gibbsluke,f22473f9d4097deedffc10af2b683c8d458aab0825e7c94a6d296699950e313d,japan|ww2|nambu|pistol|weapon|photogrammetry|japanese,weapons-military,0.9984547432263898,good,0.945145308971405,good,Metadata manifest only. Obtain and use the asset under its listed source license and attribution requirements.
objaverse_c18e57d9148e4e0d8260790d89cb4788,Objaverse,Sketchfab,c18e57d9148e4e0d8260790d89cb4788,ก้อนหิน,naluepornsuklom,naluepornsuklom,https://sketchfab.com/naluepornsuklom,https://sketchfab.com/3d-models/c18e57d9148e4e0d8260790d89cb4788,https://objaverse.allenai.org/,https://huggingface.co/datasets/allenai/objaverse/resolve/main/glbs/000-001/c18e57d9148e4e0d8260790d89cb4788.glb,https://huggingface.co/datasets/allenai/objaverse/resolve/main/glbs/000-001/c18e57d9148e4e0d8260790d89cb4788.glb,by,CC-BY-4.0,Creative Commons Attribution 4.0 International,https://creativecommons.org/licenses/by/4.0/,https://api.sketchfab.com/v3/models/c18e57d9148e4e0d8260790d89cb4788,true,"""ก้อนหิน"" by naluepornsuklom, via Sketchfab/Objaverse, licensed under Creative Commons Attribution 4.0 International.",2020-01-27T06:10:23.793128,reference_reject,source_anchor_not_human,agisoft,objaverse:naluepornsuklom,e54bb980ffeee52297e95b3139683273f4faa4c5aff172ba96757a390cc2175b,agisoft|photoscan,,0.0013237410677137,bad,0.999217689037323,good,Metadata manifest only. Obtain and use the asset under its listed source license and attribution requirements.
objaverse_c20667ab25734c93a3306d51216311e0,Objaverse,Sketchfab,c20667ab25734c93a3306d51216311e0,African head,Unfold Workshops,unfold,https://sketchfab.com/unfold,https://sketchfab.com/3d-models/c20667ab25734c93a3306d51216311e0,https://objaverse.allenai.org/,https://huggingface.co/datasets/allenai/objaverse/resolve/main/glbs/000-000/c20667ab25734c93a3306d51216311e0.glb,https://huggingface.co/datasets/allenai/objaverse/resolve/main/glbs/000-000/c20667ab25734c93a3306d51216311e0.glb,by,CC-BY-4.0,Creative Commons Attribution 4.0 International,https://creativecommons.org/licenses/by/4.0/,https://api.sketchfab.com/v3/models/c20667ab25734c93a3306d51216311e0,true,"""African head"" by Unfold Workshops, via Sketchfab/Objaverse, licensed under Creative Commons Attribution 4.0 International.",2017-06-22T14:44:41.470292,reference_reject,source_anchor_not_human,agisoft,objaverse:unfold,e0c967653aa6f5cd9ff9622f5605b040e0c378d8c2b27ac3e1843c1719d7d85d,agisoft|photoscan,,0.0013134210860965,bad,0.9008886814117432,good,Metadata manifest only. Obtain and use the asset under its listed source license and attribution requirements.
objaverse_c23ed8d89e6142bc8cc3830701f424ee,Objaverse,Sketchfab,c23ed8d89e6142bc8cc3830701f424ee,Leiston Abbey 2013 Finds: Papal Bulla,DigVentures,digventures,https://sketchfab.com/digventures,https://sketchfab.com/3d-models/c23ed8d89e6142bc8cc3830701f424ee,https://objaverse.allenai.org/,https://huggingface.co/datasets/allenai/objaverse/resolve/main/glbs/000-001/c23ed8d89e6142bc8cc3830701f424ee.glb,https://huggingface.co/datasets/allenai/objaverse/resolve/main/glbs/000-001/c23ed8d89e6142bc8cc3830701f424ee.glb,by,CC-BY-4.0,Creative Commons Attribution 4.0 International,https://creativecommons.org/licenses/by/4.0/,https://api.sketchfab.com/v3/models/c23ed8d89e6142bc8cc3830701f424ee,true,"""Leiston Abbey 2013 Finds: Papal Bulla"" by DigVentures, via Sketchfab/Objaverse, licensed under Creative Commons Attribution 4.0 International.",2015-08-04T22:19:32,reference_reject,source_anchor_not_human,photogrammetry,objaverse:digventures,7ef7eb7b05bdd9bb83b66fb08ae883e6acfdb8a3cf2b707fa60c5e886b8b6aef,digventures|archaeology|archaeology-3dmodel-photogrammetry,cultural-heritage-history,0.0013136232641479,bad,0.8361263275146484,good,Metadata manifest only. Obtain and use the asset under its listed source license and attribution requirements.
objaverse_c313236be20b4cdcb707badbbbe2c910,Objaverse,Sketchfab,c313236be20b4cdcb707badbbbe2c910,Headstone from Dryburgh Abbey burial ground,Marta Pilarska,MartaPilarska,https://sketchfab.com/MartaPilarska,https://sketchfab.com/3d-models/c313236be20b4cdcb707badbbbe2c910,https://objaverse.allenai.org/,https://huggingface.co/datasets/allenai/objaverse/resolve/main/glbs/000-000/c313236be20b4cdcb707badbbbe2c910.glb,https://huggingface.co/datasets/allenai/objaverse/resolve/main/glbs/000-000/c313236be20b4cdcb707badbbbe2c910.glb,by-nc,CC-BY-NC-4.0,Creative Commons Attribution-NonCommercial 4.0 International,https://creativecommons.org/licenses/by-nc/4.0/,https://api.sketchfab.com/v3/models/c313236be20b4cdcb707badbbbe2c910,true,"""Headstone from Dryburgh Abbey burial ground"" by Marta Pilarska, via Sketchfab/Objaverse, licensed under Creative Commons Attribution-NonCommercial 4.0 International.",2020-01-17T17:10:45.636069,reference_reject,source_anchor_not_human,photogrammetry,objaverse:MartaPilarska,e4f2ce8ecca032005cd7eec9b20d028d76152dc29a2c1592f07b36df62571f0e,scotland|gravestone|photogrammetry,cultural-heritage-history,0.0013134051009873,bad,0.9991832971572876,good,Metadata manifest only. Obtain and use the asset under its listed source license and attribution requirements.
objaverse_c37d22acc31a41c5aa353f28a8494c1d,Objaverse,Sketchfab,c37d22acc31a41c5aa353f28a8494c1d,Photogrammetry - Lion Statue,Scott Roantree,sroantree,https://sketchfab.com/sroantree,https://sketchfab.com/3d-models/c37d22acc31a41c5aa353f28a8494c1d,https://objaverse.allenai.org/,https://huggingface.co/datasets/allenai/objaverse/resolve/main/glbs/000-000/c37d22acc31a41c5aa353f28a8494c1d.glb,https://huggingface.co/datasets/allenai/objaverse/resolve/main/glbs/000-000/c37d22acc31a41c5aa353f28a8494c1d.glb,by,CC-BY-4.0,Creative Commons Attribution 4.0 International,https://creativecommons.org/licenses/by/4.0/,https://api.sketchfab.com/v3/models/c37d22acc31a41c5aa353f28a8494c1d,true,"""Photogrammetry - Lion Statue"" by Scott Roantree, via Sketchfab/Objaverse, licensed under Creative Commons Attribution 4.0 International.",2020-03-12T18:14:04.604567,reference_reject,source_anchor_not_human,photogrammetry,objaverse:sroantree,8fcde69ba57d2a4c71417cb9b45ed5f5d7e3616863fe79a63b84b8a7103beec2,lion|statue|photogrammetry|displayland,cultural-heritage-history,0.0013134186023212,bad,0.9999680519104004,good,Metadata manifest only. Obtain and use the asset under its listed source license and attribution requirements.
objaverse_c3b3e5c2f1dd4abb8262f3b0f480358b,Objaverse,Sketchfab,c3b3e5c2f1dd4abb8262f3b0f480358b,Fort Victoria gun casemate,chughes42,chughes42,https://sketchfab.com/chughes42,https://sketchfab.com/3d-models/c3b3e5c2f1dd4abb8262f3b0f480358b,https://objaverse.allenai.org/,https://huggingface.co/datasets/allenai/objaverse/resolve/main/glbs/000-000/c3b3e5c2f1dd4abb8262f3b0f480358b.glb,https://huggingface.co/datasets/allenai/objaverse/resolve/main/glbs/000-000/c3b3e5c2f1dd4abb8262f3b0f480358b.glb,by,CC-BY-4.0,Creative Commons Attribution 4.0 International,https://creativecommons.org/licenses/by/4.0/,https://api.sketchfab.com/v3/models/c3b3e5c2f1dd4abb8262f3b0f480358b,true,"""Fort Victoria gun casemate"" by chughes42, via Sketchfab/Objaverse, licensed under Creative Commons Attribution 4.0 International.",2022-06-05T20:29:13.404055,reference_reject,source_anchor_not_human,3dscan;3dscanner,objaverse:chughes42,38f3f853001512d3127523741948e2ca6577e43dc50913d2eeef85767c57451e,3dscannerapp,,0.0013133710004484,bad,0.9999582171440125,good,Metadata manifest only. Obtain and use the asset under its listed source license and attribution requirements.
objaverse_c3d2a63138774e199cc52d2da95d5f7f,Objaverse,Sketchfab,c3d2a63138774e199cc52d2da95d5f7f,SCO-AG-MONTR-Flax-Mill (free VR asset),Daniel Muirhead,DanielMuirhead,https://sketchfab.com/DanielMuirhead,https://sketchfab.com/3d-models/c3d2a63138774e199cc52d2da95d5f7f,https://objaverse.allenai.org/,https://huggingface.co/datasets/allenai/objaverse/resolve/main/glbs/000-001/c3d2a63138774e199cc52d2da95d5f7f.glb,https://huggingface.co/datasets/allenai/objaverse/resolve/main/glbs/000-001/c3d2a63138774e199cc52d2da95d5f7f.glb,by-nc-sa,CC-BY-NC-SA-4.0,Creative Commons Attribution-NonCommercial-ShareAlike 4.0 International,https://creativecommons.org/licenses/by-nc-sa/4.0/,https://api.sketchfab.com/v3/models/c3d2a63138774e199cc52d2da95d5f7f,true,"""SCO-AG-MONTR-Flax-Mill (free VR asset)"" by Daniel Muirhead, via Sketchfab/Objaverse, licensed under Creative Commons Attribution-NonCommercial-ShareAlike 4.0 International.",2021-03-05T15:41:07.911054,reference_reject,source_anchor_not_human,photogrammetry;metashape;agisoft,objaverse:DanielMuirhead,9934c2dc45e83217fef1a8d3a2b231bb5b904eef3eb477d814acfdda8fe06aae,scotland|angus|colmap|montrose|metashape|agisoft,,0.0013311195599773,bad,0.7624692320823669,good,Metadata manifest only. Obtain and use the asset under its listed source license and attribution requirements.
objaverse_c4c05fdb4fae445ab2b030f14e72cae8,Objaverse,Sketchfab,c4c05fdb4fae445ab2b030f14e72cae8,Upper Gros Ventre Rock 03,clementvalla1,clementvalla1,https://sketchfab.com/clementvalla1,https://sketchfab.com/3d-models/c4c05fdb4fae445ab2b030f14e72cae8,https://objaverse.allenai.org/,https://huggingface.co/datasets/allenai/objaverse/resolve/main/glbs/000-001/c4c05fdb4fae445ab2b030f14e72cae8.glb,https://huggingface.co/datasets/allenai/objaverse/resolve/main/glbs/000-001/c4c05fdb4fae445ab2b030f14e72cae8.glb,by,CC-BY-4.0,Creative Commons Attribution 4.0 International,https://creativecommons.org/licenses/by/4.0/,https://api.sketchfab.com/v3/models/c4c05fdb4fae445ab2b030f14e72cae8,true,"""Upper Gros Ventre Rock 03"" by clementvalla1, via Sketchfab/Objaverse, licensed under Creative Commons Attribution 4.0 International.",2018-08-02T16:43:10.787694,reference_reject,source_anchor_not_human,agisoft,objaverse:clementvalla1,79af4a4e190d561a9ad32ff73cbf817c307d7f77becf814074a5e106c0342ee0,rocks|agisoft|photoscan,nature-plants,0.0013978132117066,bad,0.9974849224090576,good,Metadata manifest only. Obtain and use the asset under its listed source license and attribution requirements.
objaverse_c68e131306524700bf8f5dc03c3586d2,Objaverse,Sketchfab,c68e131306524700bf8f5dc03c3586d2,New Model,javkk91145,javkk91145,https://sketchfab.com/javkk91145,https://sketchfab.com/3d-models/c68e131306524700bf8f5dc03c3586d2,https://objaverse.allenai.org/,https://huggingface.co/datasets/allenai/objaverse/resolve/main/glbs/000-001/c68e131306524700bf8f5dc03c3586d2.glb,https://huggingface.co/datasets/allenai/objaverse/resolve/main/glbs/000-001/c68e131306524700bf8f5dc03c3586d2.glb,by,CC-BY-4.0,Creative Commons Attribution 4.0 International,https://creativecommons.org/licenses/by/4.0/,https://api.sketchfab.com/v3/models/c68e131306524700bf8f5dc03c3586d2,true,"""New Model"" by javkk91145, via Sketchfab/Objaverse, licensed under Creative Commons Attribution 4.0 International.",2021-01-08T08:04:29.774966,reference_reject,source_anchor_not_human,3dscan;3dscanner,objaverse:javkk91145,aee5067c8db90e14c1240b660a5543167529031c2096f3f337d68d7964b43e51,3dscannerapp,,0.0013153183696415,bad,0.9112316966056824,good,Metadata manifest only. Obtain and use the asset under its listed source license and attribution requirements.
objaverse_c7617320948c4a9d9ca8dd89098befbc,Objaverse,Sketchfab,c7617320948c4a9d9ca8dd89098befbc,M017,Archéologie des nécropoles,ArcheoNec,https://sketchfab.com/ArcheoNec,https://sketchfab.com/3d-models/c7617320948c4a9d9ca8dd89098befbc,https://objaverse.allenai.org/,https://huggingface.co/datasets/allenai/objaverse/resolve/main/glbs/000-001/c7617320948c4a9d9ca8dd89098befbc.glb,https://huggingface.co/datasets/allenai/objaverse/resolve/main/glbs/000-001/c7617320948c4a9d9ca8dd89098befbc.glb,by,CC-BY-4.0,Creative Commons Attribution 4.0 International,https://creativecommons.org/licenses/by/4.0/,https://api.sketchfab.com/v3/models/c7617320948c4a9d9ca8dd89098befbc,true,"""M017"" by Archéologie des nécropoles, via Sketchfab/Objaverse, licensed under Creative Commons Attribution 4.0 International.",2021-04-21T08:23:17.986005,reference_reject,source_anchor_not_human,metashape;agisoft,objaverse:ArcheoNec,f863010f28883d3551748538e45d3ee5c7105e572abf2b01987062ae66569bae,metashape|agisoft,,0.001474704842436,bad,0.9999970197677612,good,Metadata manifest only. Obtain and use the asset under its listed source license and attribution requirements.
objaverse_c77765c2c85c41b3ad7b89ee67ce2d3a,Objaverse,Sketchfab,c77765c2c85c41b3ad7b89ee67ce2d3a,Yarrowyck1,AusGeol.org,AusGeol,https://sketchfab.com/AusGeol,https://sketchfab.com/3d-models/c77765c2c85c41b3ad7b89ee67ce2d3a,https://objaverse.allenai.org/,https://huggingface.co/datasets/allenai/objaverse/resolve/main/glbs/000-000/c77765c2c85c41b3ad7b89ee67ce2d3a.glb,https://huggingface.co/datasets/allenai/objaverse/resolve/main/glbs/000-000/c77765c2c85c41b3ad7b89ee67ce2d3a.glb,by,CC-BY-4.0,Creative Commons Attribution 4.0 International,https://creativecommons.org/licenses/by/4.0/,https://api.sketchfab.com/v3/models/c77765c2c85c41b3ad7b89ee67ce2d3a,true,"""Yarrowyck1"" by AusGeol.org, via Sketchfab/Objaverse, licensed under Creative Commons Attribution 4.0 International.",2016-08-12T01:04:47.924787,reference_reject,source_anchor_not_human,agisoft,objaverse:AusGeol,0155d5b012995d3751a84b79c1af66987ebe0d9c6a02fcc9b79803615384b774,granite|rock-art|agisoft|photoscan,cultural-heritage-history|places-travel,0.001313424702644,bad,0.7727429270744324,good,Metadata manifest only. Obtain and use the asset under its listed source license and attribution requirements.
objaverse_c7daf20053234ab8921fa14304c3e53f,Objaverse,Sketchfab,c7daf20053234ab8921fa14304c3e53f,natto4,Jingbari,Jingbari,https://sketchfab.com/Jingbari,https://sketchfab.com/3d-models/c7daf20053234ab8921fa14304c3e53f,https://objaverse.allenai.org/,https://huggingface.co/datasets/allenai/objaverse/resolve/main/glbs/000-000/c7daf20053234ab8921fa14304c3e53f.glb,https://huggingface.co/datasets/allenai/objaverse/resolve/main/glbs/000-000/c7daf20053234ab8921fa14304c3e53f.glb,by,CC-BY-4.0,Creative Commons Attribution 4.0 International,https://creativecommons.org/licenses/by/4.0/,https://api.sketchfab.com/v3/models/c7daf20053234ab8921fa14304c3e53f,true,"""natto4"" by Jingbari, via Sketchfab/Objaverse, licensed under Creative Commons Attribution 4.0 International.",2022-07-03T03:29:34.142352,reference_reject,source_anchor_not_human,3dscan,objaverse:Jingbari,b8f93cc5eec621e3009166ccbd4eced987a375b2985ff04a3b58f9a14a91a0aa,trnio|3dscan,,0.0013183406999091,bad,0.9967069625854492,good,Metadata manifest only. Obtain and use the asset under its listed source license and attribution requirements.
objaverse_c7fe6a75ca2e4978b5eeb9ea7cd3f135,Objaverse,Sketchfab,c7fe6a75ca2e4978b5eeb9ea7cd3f135,shell openScan test 2 - openScanCloude,Musée national d'histoire naturelle Luxembourg,mnhnl,https://sketchfab.com/mnhnl,https://sketchfab.com/3d-models/c7fe6a75ca2e4978b5eeb9ea7cd3f135,https://objaverse.allenai.org/,https://huggingface.co/datasets/allenai/objaverse/resolve/main/glbs/000-001/c7fe6a75ca2e4978b5eeb9ea7cd3f135.glb,https://huggingface.co/datasets/allenai/objaverse/resolve/main/glbs/000-001/c7fe6a75ca2e4978b5eeb9ea7cd3f135.glb,by,CC-BY-4.0,Creative Commons Attribution 4.0 International,https://creativecommons.org/licenses/by/4.0/,https://api.sketchfab.com/v3/models/c7fe6a75ca2e4978b5eeb9ea7cd3f135,true,"""shell openScan test 2 - openScanCloude"" by Musée national d'histoire naturelle Luxembourg, via Sketchfab/Objaverse, licensed under Creative Commons Attribution 4.0 International.",2022-07-13T14:26:51.297183,reference_reject,source_anchor_not_human,photogrammetry,objaverse:mnhnl,e480ac1e6395cd47f6237e230d779bd0e87ca1f96c469ca58821c31a17927e1a,fossil|photogrammetry|openscan|openscancloude,cultural-heritage-history|science-technology,0.0013133388072858,bad,0.99977308511734,good,Metadata manifest only. Obtain and use the asset under its listed source license and attribution requirements.
objaverse_c82b5e240b554a73b7bd017b5297ee6c,Objaverse,Sketchfab,c82b5e240b554a73b7bd017b5297ee6c,Untitled Scan,viktorcor,viktorcor,https://sketchfab.com/viktorcor,https://sketchfab.com/3d-models/c82b5e240b554a73b7bd017b5297ee6c,https://objaverse.allenai.org/,https://huggingface.co/datasets/allenai/objaverse/resolve/main/glbs/000-001/c82b5e240b554a73b7bd017b5297ee6c.glb,https://huggingface.co/datasets/allenai/objaverse/resolve/main/glbs/000-001/c82b5e240b554a73b7bd017b5297ee6c.glb,by,CC-BY-4.0,Creative Commons Attribution 4.0 International,https://creativecommons.org/licenses/by/4.0/,https://api.sketchfab.com/v3/models/c82b5e240b554a73b7bd017b5297ee6c,true,"""Untitled Scan"" by viktorcor, via Sketchfab/Objaverse, licensed under Creative Commons Attribution 4.0 International.",2021-04-06T21:21:44.525581,reference_reject,source_anchor_not_human,3dscan;3dscanner,objaverse:viktorcor,18133d61050e57b883b97a60eedca16c244f66d47151d22845afde74028bf827,3dscannerapp,,0.0019148063039997,bad,0.9992472529411316,good,Metadata manifest only. Obtain and use the asset under its listed source license and attribution requirements.
objaverse_c85c60339f9446a69a9d58831085a02b,Objaverse,Sketchfab,c85c60339f9446a69a9d58831085a02b,Mushroom,abauntz,abauntz,https://sketchfab.com/abauntz,https://sketchfab.com/3d-models/c85c60339f9446a69a9d58831085a02b,https://objaverse.allenai.org/,https://huggingface.co/datasets/allenai/objaverse/resolve/main/glbs/000-001/c85c60339f9446a69a9d58831085a02b.glb,https://huggingface.co/datasets/allenai/objaverse/resolve/main/glbs/000-001/c85c60339f9446a69a9d58831085a02b.glb,by,CC-BY-4.0,Creative Commons Attribution 4.0 International,https://creativecommons.org/licenses/by/4.0/,https://api.sketchfab.com/v3/models/c85c60339f9446a69a9d58831085a02b,true,"""Mushroom"" by abauntz, via Sketchfab/Objaverse, licensed under Creative Commons Attribution 4.0 International.",2021-07-15T06:01:12.944101,reference_reject,source_anchor_not_human,3dscan,objaverse:abauntz,906f658fbd3ef76ac0b0903ff9ddd6f616c623de485630c2984d3927ecf81812,trnio|3dscan,nature-plants,0.00131334352783,bad,0.84442538022995,good,Metadata manifest only. Obtain and use the asset under its listed source license and attribution requirements.
objaverse_c979b4325bd6469a87bba281adf9bb43,Objaverse,Sketchfab,c979b4325bd6469a87bba281adf9bb43,Gastropod Fossil,ashleyshields,ashleyshields,https://sketchfab.com/ashleyshields,https://sketchfab.com/3d-models/c979b4325bd6469a87bba281adf9bb43,https://objaverse.allenai.org/,https://huggingface.co/datasets/allenai/objaverse/resolve/main/glbs/000-001/c979b4325bd6469a87bba281adf9bb43.glb,https://huggingface.co/datasets/allenai/objaverse/resolve/main/glbs/000-001/c979b4325bd6469a87bba281adf9bb43.glb,by,CC-BY-4.0,Creative Commons Attribution 4.0 International,https://creativecommons.org/licenses/by/4.0/,https://api.sketchfab.com/v3/models/c979b4325bd6469a87bba281adf9bb43,true,"""Gastropod Fossil"" by ashleyshields, via Sketchfab/Objaverse, licensed under Creative Commons Attribution 4.0 International.",2016-09-20T19:09:45.062126,reference_reject,source_anchor_not_human,agisoft,objaverse:ashleyshields,a9e583fd50031f1ea69c47b1e89b95eb2bed3e188bad6b25767102c82b488cd8,agisoft|photoscan,,0.0013205568861428,bad,0.9842902421951294,good,Metadata manifest only. Obtain and use the asset under its listed source license and attribution requirements.
objaverse_c9da88d68e9e49048f838933a46ddd8a,Objaverse,Sketchfab,c9da88d68e9e49048f838933a46ddd8a,Dara's Dream Divesite in Roatan,Patric Lengacher,patric_ocean,https://sketchfab.com/patric_ocean,https://sketchfab.com/3d-models/c9da88d68e9e49048f838933a46ddd8a,https://objaverse.allenai.org/,https://huggingface.co/datasets/allenai/objaverse/resolve/main/glbs/000-001/c9da88d68e9e49048f838933a46ddd8a.glb,https://huggingface.co/datasets/allenai/objaverse/resolve/main/glbs/000-001/c9da88d68e9e49048f838933a46ddd8a.glb,by,CC-BY-4.0,Creative Commons Attribution 4.0 International,https://creativecommons.org/licenses/by/4.0/,https://api.sketchfab.com/v3/models/c9da88d68e9e49048f838933a46ddd8a,true,"""Dara's Dream Divesite in Roatan"" by Patric Lengacher, via Sketchfab/Objaverse, licensed under Creative Commons Attribution 4.0 International.",2021-08-30T01:46:55.975971,reference_reject,source_anchor_not_human,photogrammetry;metashape;agisoft,objaverse:patric_ocean,b4249a91a0fd926cc33d9dd8cda34d2d7445b22d4983c3503e87a123bcd09df8,mapping|underwater|dive|gopro|scubadiving|metashape|agisoft|photogrammetry|scubajet,nature-plants|places-travel,0.0674413913525242,bad,0.8849284052848816,good,Metadata manifest only. Obtain and use the asset under its listed source license and attribution requirements.
objaverse_caad5034449a4f0795e2850443ffe2e6,Objaverse,Sketchfab,caad5034449a4f0795e2850443ffe2e6,Trashcan,Keyti,Keyti,https://sketchfab.com/Keyti,https://sketchfab.com/3d-models/caad5034449a4f0795e2850443ffe2e6,https://objaverse.allenai.org/,https://huggingface.co/datasets/allenai/objaverse/resolve/main/glbs/000-001/caad5034449a4f0795e2850443ffe2e6.glb,https://huggingface.co/datasets/allenai/objaverse/resolve/main/glbs/000-001/caad5034449a4f0795e2850443ffe2e6.glb,by-nc-sa,CC-BY-NC-SA-4.0,Creative Commons Attribution-NonCommercial-ShareAlike 4.0 International,https://creativecommons.org/licenses/by-nc-sa/4.0/,https://api.sketchfab.com/v3/models/caad5034449a4f0795e2850443ffe2e6,true,"""Trashcan"" by Keyti, via Sketchfab/Objaverse, licensed under Creative Commons Attribution-NonCommercial-ShareAlike 4.0 International.",2021-05-15T12:37:12.081221,reference_reject,source_anchor_not_human,lidar,objaverse:Keyti,9890efa892cd4f13de94a0fb0149db9136cbe110c32e8bb71c0879b06218868d,lidar|senegal|scaniverse,architecture,0.0016840906943228,bad,0.999215006828308,good,Metadata manifest only. Obtain and use the asset under its listed source license and attribution requirements.
objaverse_cb710624b83b49fcab920a6344a9f6e8,Objaverse,Sketchfab,cb710624b83b49fcab920a6344a9f6e8,Park Storage,AGlidewell,aglidewell,https://sketchfab.com/aglidewell,https://sketchfab.com/3d-models/cb710624b83b49fcab920a6344a9f6e8,https://objaverse.allenai.org/,https://huggingface.co/datasets/allenai/objaverse/resolve/main/glbs/000-000/cb710624b83b49fcab920a6344a9f6e8.glb,https://huggingface.co/datasets/allenai/objaverse/resolve/main/glbs/000-000/cb710624b83b49fcab920a6344a9f6e8.glb,by,CC-BY-4.0,Creative Commons Attribution 4.0 International,https://creativecommons.org/licenses/by/4.0/,https://api.sketchfab.com/v3/models/cb710624b83b49fcab920a6344a9f6e8,true,"""Park Storage"" by AGlidewell, via Sketchfab/Objaverse, licensed under Creative Commons Attribution 4.0 International.",2021-03-03T20:59:35.589917,reference_reject,source_anchor_not_human,photogrammetry,objaverse:aglidewell,a83411f9bf65815d0939d8454a8eec7fb2d48e6a7e1ff54b4a7617d73bd5ab49,wheelbarrow|nature|storage-box|photogrammetry|3df-zephyr,nature-plants|places-travel,0.0013135644037455,bad,0.9103049039840698,good,Metadata manifest only. Obtain and use the asset under its listed source license and attribution requirements.
objaverse_cc5db189b8d948aaa41ec8b702e41737,Objaverse,Sketchfab,cc5db189b8d948aaa41ec8b702e41737,mosaic hills detail,nozam23,nozam23,https://sketchfab.com/nozam23,https://sketchfab.com/3d-models/cc5db189b8d948aaa41ec8b702e41737,https://objaverse.allenai.org/,https://huggingface.co/datasets/allenai/objaverse/resolve/main/glbs/000-000/cc5db189b8d948aaa41ec8b702e41737.glb,https://huggingface.co/datasets/allenai/objaverse/resolve/main/glbs/000-000/cc5db189b8d948aaa41ec8b702e41737.glb,by,CC-BY-4.0,Creative Commons Attribution 4.0 International,https://creativecommons.org/licenses/by/4.0/,https://api.sketchfab.com/v3/models/cc5db189b8d948aaa41ec8b702e41737,true,"""mosaic hills detail"" by nozam23, via Sketchfab/Objaverse, licensed under Creative Commons Attribution 4.0 International.",2020-10-13T11:06:03.893959,reference_reject,source_anchor_not_human,meshroom,objaverse:nozam23,6821dd24380261e19af6e66b03d0a0ce31e4ad070e1fdb7eae82f81535402a53,,,0.0013184219510698,bad,0.7533894181251526,good,Metadata manifest only. Obtain and use the asset under its listed source license and attribution requirements.
objaverse_ce53df6c36024a8ea12ccbf79a0a34a0,Objaverse,Sketchfab,ce53df6c36024a8ea12ccbf79a0a34a0,Fortress Bastion Training Room,laszlog,seniowa,https://sketchfab.com/seniowa,https://sketchfab.com/3d-models/ce53df6c36024a8ea12ccbf79a0a34a0,https://objaverse.allenai.org/,https://huggingface.co/datasets/allenai/objaverse/resolve/main/glbs/000-000/ce53df6c36024a8ea12ccbf79a0a34a0.glb,https://huggingface.co/datasets/allenai/objaverse/resolve/main/glbs/000-000/ce53df6c36024a8ea12ccbf79a0a34a0.glb,by,CC-BY-4.0,Creative Commons Attribution 4.0 International,https://creativecommons.org/licenses/by/4.0/,https://api.sketchfab.com/v3/models/ce53df6c36024a8ea12ccbf79a0a34a0,true,"""Fortress Bastion Training Room"" by laszlog, via Sketchfab/Objaverse, licensed under Creative Commons Attribution 4.0 International.",2021-12-15T21:30:46.978553,reference_reject,source_anchor_not_human,metashape;agisoft,objaverse:seniowa,122a6600fa02a20611eb66e468055b7074cba8476d4ba7b815dee85b1ee0d663,fortress|19th-century|19th-century-architecture|19th-century-bastion,architecture|cultural-heritage-history,0.0013234578916148,bad,0.996104657649994,good,Metadata manifest only. Obtain and use the asset under its listed source license and attribution requirements.
objaverse_ceed04a94e4c43dc964ce4e92cc3b216,Objaverse,Sketchfab,ceed04a94e4c43dc964ce4e92cc3b216,Tanque AAPP Palestina.,Triconsul,triconsul,https://sketchfab.com/triconsul,https://sketchfab.com/3d-models/ceed04a94e4c43dc964ce4e92cc3b216,https://objaverse.allenai.org/,https://huggingface.co/datasets/allenai/objaverse/resolve/main/glbs/000-001/ceed04a94e4c43dc964ce4e92cc3b216.glb,https://huggingface.co/datasets/allenai/objaverse/resolve/main/glbs/000-001/ceed04a94e4c43dc964ce4e92cc3b216.glb,by,CC-BY-4.0,Creative Commons Attribution 4.0 International,https://creativecommons.org/licenses/by/4.0/,https://api.sketchfab.com/v3/models/ceed04a94e4c43dc964ce4e92cc3b216,true,"""Tanque AAPP Palestina."" by Triconsul, via Sketchfab/Objaverse, licensed under Creative Commons Attribution 4.0 International.",2021-04-30T18:39:35.563398,reference_reject,source_anchor_not_human,metashape;agisoft,objaverse:triconsul,5fe65c2f861583b2ce4a31be2fbe2c35c5072a832b232b1c375d22f1c5a2f393,metashape|agisoft,,0.0013142136901219,bad,0.6279932856559753,good,Metadata manifest only. Obtain and use the asset under its listed source license and attribution requirements.
objaverse_cf021629aa3d42a6b3bc6ad52d3f87aa,Objaverse,Sketchfab,cf021629aa3d42a6b3bc6ad52d3f87aa,New Model,Nikabel,Nikabel,https://sketchfab.com/Nikabel,https://sketchfab.com/3d-models/cf021629aa3d42a6b3bc6ad52d3f87aa,https://objaverse.allenai.org/,https://huggingface.co/datasets/allenai/objaverse/resolve/main/glbs/000-001/cf021629aa3d42a6b3bc6ad52d3f87aa.glb,https://huggingface.co/datasets/allenai/objaverse/resolve/main/glbs/000-001/cf021629aa3d42a6b3bc6ad52d3f87aa.glb,by,CC-BY-4.0,Creative Commons Attribution 4.0 International,https://creativecommons.org/licenses/by/4.0/,https://api.sketchfab.com/v3/models/cf021629aa3d42a6b3bc6ad52d3f87aa,true,"""New Model"" by Nikabel, via Sketchfab/Objaverse, licensed under Creative Commons Attribution 4.0 International.",2020-10-28T21:18:51.896436,reference_reject,source_anchor_not_human,3dscan;3dscanner,objaverse:Nikabel,460c059a18b590d702e81ca80f49587f932dcc2ce68aa13a4a849cbd4a613a3a,,,0.0028736107069313,bad,0.9996303915977478,good,Metadata manifest only. Obtain and use the asset under its listed source license and attribution requirements.
objaverse_cf19f27d4ab24b05a1a89b36308362a4,Objaverse,Sketchfab,cf19f27d4ab24b05a1a89b36308362a4,tree,apollo3D,fatshep,https://sketchfab.com/fatshep,https://sketchfab.com/3d-models/cf19f27d4ab24b05a1a89b36308362a4,https://objaverse.allenai.org/,https://huggingface.co/datasets/allenai/objaverse/resolve/main/glbs/000-000/cf19f27d4ab24b05a1a89b36308362a4.glb,https://huggingface.co/datasets/allenai/objaverse/resolve/main/glbs/000-000/cf19f27d4ab24b05a1a89b36308362a4.glb,by,CC-BY-4.0,Creative Commons Attribution 4.0 International,https://creativecommons.org/licenses/by/4.0/,https://api.sketchfab.com/v3/models/cf19f27d4ab24b05a1a89b36308362a4,true,"""tree"" by apollo3D, via Sketchfab/Objaverse, licensed under Creative Commons Attribution 4.0 International.",2022-05-25T07:10:23.588093,reference_reject,source_anchor_not_human,3dscan;3dscanner,objaverse:fatshep,25cf7bd45cd25227b51b85db00bdc6acad7ca73f07fd13e98dd6295be2587ea1,3dscannerapp,,0.0014793896178992,bad,0.9706936478614808,good,Metadata manifest only. Obtain and use the asset under its listed source license and attribution requirements.
objaverse_cf677fe6021a41698581bb597268abbe,Objaverse,Sketchfab,cf677fe6021a41698581bb597268abbe,Totem Ligne 4,jeunezoz,jeunezoz,https://sketchfab.com/jeunezoz,https://sketchfab.com/3d-models/cf677fe6021a41698581bb597268abbe,https://objaverse.allenai.org/,https://huggingface.co/datasets/allenai/objaverse/resolve/main/glbs/000-001/cf677fe6021a41698581bb597268abbe.glb,https://huggingface.co/datasets/allenai/objaverse/resolve/main/glbs/000-001/cf677fe6021a41698581bb597268abbe.glb,by,CC-BY-4.0,Creative Commons Attribution 4.0 International,https://creativecommons.org/licenses/by/4.0/,https://api.sketchfab.com/v3/models/cf677fe6021a41698581bb597268abbe,true,"""Totem Ligne 4"" by jeunezoz, via Sketchfab/Objaverse, licensed under Creative Commons Attribution 4.0 International.",2019-06-10T16:29:50.492475,reference_reject,source_anchor_not_human,3dscan,objaverse:jeunezoz,a0098ce7ac9deb5df3202a6e20a14f68bd33f8c850836952312ff9a960c2c605,trnio|3dscan,,0.0014141186677249,bad,0.996724247932434,good,Metadata manifest only. Obtain and use the asset under its listed source license and attribution requirements.
objaverse_cf999fd8dc8548f98f32ac440490958f,Objaverse,Sketchfab,cf999fd8dc8548f98f32ac440490958f,Sinterfeed Stockpile,Samir Mohallem,SamirMohallem,https://sketchfab.com/SamirMohallem,https://sketchfab.com/3d-models/cf999fd8dc8548f98f32ac440490958f,https://objaverse.allenai.org/,https://huggingface.co/datasets/allenai/objaverse/resolve/main/glbs/000-001/cf999fd8dc8548f98f32ac440490958f.glb,https://huggingface.co/datasets/allenai/objaverse/resolve/main/glbs/000-001/cf999fd8dc8548f98f32ac440490958f.glb,by,CC-BY-4.0,Creative Commons Attribution 4.0 International,https://creativecommons.org/licenses/by/4.0/,https://api.sketchfab.com/v3/models/cf999fd8dc8548f98f32ac440490958f,true,"""Sinterfeed Stockpile"" by Samir Mohallem, via Sketchfab/Objaverse, licensed under Creative Commons Attribution 4.0 International.",2020-03-15T09:54:18.681809,reference_reject,source_anchor_not_human,metashape;agisoft,objaverse:SamirMohallem,81641513f53de725367d46b6f6348f4fe1919f8c130804e5f44deb063eef8fba,stockpile|metashape|agisoft|sinterfeed,science-technology,0.0013194718369187,bad,0.9970780611038208,good,Metadata manifest only. Obtain and use the asset under its listed source license and attribution requirements.
objaverse_d00e21491c80430f9922c53be913ed14,Objaverse,Sketchfab,d00e21491c80430f9922c53be913ed14,WIP/ Smoky Quartz crystal - crushed,laboratorija,laboratorija,https://sketchfab.com/laboratorija,https://sketchfab.com/3d-models/d00e21491c80430f9922c53be913ed14,https://objaverse.allenai.org/,https://huggingface.co/datasets/allenai/objaverse/resolve/main/glbs/000-001/d00e21491c80430f9922c53be913ed14.glb,https://huggingface.co/datasets/allenai/objaverse/resolve/main/glbs/000-001/d00e21491c80430f9922c53be913ed14.glb,by-nc-sa,CC-BY-NC-SA-4.0,Creative Commons Attribution-NonCommercial-ShareAlike 4.0 International,https://creativecommons.org/licenses/by-nc-sa/4.0/,https://api.sketchfab.com/v3/models/d00e21491c80430f9922c53be913ed14,true,"""WIP/ Smoky Quartz crystal - crushed"" by laboratorija, via Sketchfab/Objaverse, licensed under Creative Commons Attribution-NonCommercial-ShareAlike 4.0 International.",2019-12-09T12:13:12.177041,reference_reject,source_anchor_not_human,photogrammetry,objaverse:laboratorija,d516bc167c169d87e6f36fde6b756655f221eeb1ccdda797e72bde0734ee6a33,maps|prop|crystal|rough|natural|smoky|pebble|damage|wip|smoke|quartz|weathered|erosion|uvwrapped|render|photogrammetry|asset|pbr|scan|gameasset|rock|material|renderasset,nature-plants,0.0013450935683748,bad,0.7437666654586792,good,Metadata manifest only. Obtain and use the asset under its listed source license and attribution requirements.
objaverse_d19735dd66794e28bde03b04d9e7eac4,Objaverse,Sketchfab,d19735dd66794e28bde03b04d9e7eac4,Fire Hydrant (ReCap Comparison),James,james,https://sketchfab.com/james,https://sketchfab.com/3d-models/d19735dd66794e28bde03b04d9e7eac4,https://objaverse.allenai.org/,https://huggingface.co/datasets/allenai/objaverse/resolve/main/glbs/000-000/d19735dd66794e28bde03b04d9e7eac4.glb,https://huggingface.co/datasets/allenai/objaverse/resolve/main/glbs/000-000/d19735dd66794e28bde03b04d9e7eac4.glb,by,CC-BY-4.0,Creative Commons Attribution 4.0 International,https://creativecommons.org/licenses/by/4.0/,https://api.sketchfab.com/v3/models/d19735dd66794e28bde03b04d9e7eac4,true,"""Fire Hydrant (ReCap Comparison)"" by James, via Sketchfab/Objaverse, licensed under Creative Commons Attribution 4.0 International.",2014-11-10T20:27:01,reference_reject,source_anchor_not_human,photogrammetry;3dscan,objaverse:james,ba4509f3240b98348f91b92864e4d792f13011df923077a6cc8e5406e442788d,fire|hydrant|nyc|recap|fire-hydrant|photogrammetry|3dscan,,0.1205679476105236,bad,0.9671961665153505,good,Metadata manifest only. Obtain and use the asset under its listed source license and attribution requirements.
objaverse_d4da531d758c4ba2843e90a24b657535,Objaverse,Sketchfab,d4da531d758c4ba2843e90a24b657535,"Cats (Gaju, Annie, Nana)",Yu,FFT_kedar,https://sketchfab.com/FFT_kedar,https://sketchfab.com/3d-models/d4da531d758c4ba2843e90a24b657535,https://objaverse.allenai.org/,https://huggingface.co/datasets/allenai/objaverse/resolve/main/glbs/000-000/d4da531d758c4ba2843e90a24b657535.glb,https://huggingface.co/datasets/allenai/objaverse/resolve/main/glbs/000-000/d4da531d758c4ba2843e90a24b657535.glb,by,CC-BY-4.0,Creative Commons Attribution 4.0 International,https://creativecommons.org/licenses/by/4.0/,https://api.sketchfab.com/v3/models/d4da531d758c4ba2843e90a24b657535,true,"""Cats (Gaju, Annie, Nana)"" by Yu, via Sketchfab/Objaverse, licensed under Creative Commons Attribution 4.0 International.",2019-12-05T20:03:19.935805,reference_reject,source_anchor_not_human,photogrammetry;realitycapture,objaverse:FFT_kedar,04b19672e0392c7523acac61f12d57ea065bf679e1b90ed63cc84edf6ec6cdde,cat|japan|cats|kyoto|realitycapture|photogrammetry,animals-pets|places-travel,0.0013133828009118,bad,0.7533894181251526,good,Metadata manifest only. Obtain and use the asset under its listed source license and attribution requirements.
objaverse_d53966f767e645199592a72d9897cce8,Objaverse,Sketchfab,d53966f767e645199592a72d9897cce8,Photogrammetry of my shoe,TravelTickets,TravelTickets,https://sketchfab.com/TravelTickets,https://sketchfab.com/3d-models/d53966f767e645199592a72d9897cce8,https://objaverse.allenai.org/,https://huggingface.co/datasets/allenai/objaverse/resolve/main/glbs/000-000/d53966f767e645199592a72d9897cce8.glb,https://huggingface.co/datasets/allenai/objaverse/resolve/main/glbs/000-000/d53966f767e645199592a72d9897cce8.glb,by,CC-BY-4.0,Creative Commons Attribution 4.0 International,https://creativecommons.org/licenses/by/4.0/,https://api.sketchfab.com/v3/models/d53966f767e645199592a72d9897cce8,true,"""Photogrammetry of my shoe"" by TravelTickets, via Sketchfab/Objaverse, licensed under Creative Commons Attribution 4.0 International.",2022-09-09T13:01:28.206914,reference_reject,source_anchor_not_human,photogrammetry,objaverse:TravelTickets,fb6e8504c4255977b6779957d5af2fbb41581d90e2a5f89d7dd06d276144b636,shoe|photogrammetry,fashion-style|sports-fitness,0.0144240675822106,bad,0.9973594546318054,good,Metadata manifest only. Obtain and use the asset under its listed source license and attribution requirements.
objaverse_d61136e746854011a892d66ab402b4dc,Objaverse,Sketchfab,d61136e746854011a892d66ab402b4dc,Fire Hydrant,Raul2244,Raul2244,https://sketchfab.com/Raul2244,https://sketchfab.com/3d-models/d61136e746854011a892d66ab402b4dc,https://objaverse.allenai.org/,https://huggingface.co/datasets/allenai/objaverse/resolve/main/glbs/000-000/d61136e746854011a892d66ab402b4dc.glb,https://huggingface.co/datasets/allenai/objaverse/resolve/main/glbs/000-000/d61136e746854011a892d66ab402b4dc.glb,by,CC-BY-4.0,Creative Commons Attribution 4.0 International,https://creativecommons.org/licenses/by/4.0/,https://api.sketchfab.com/v3/models/d61136e746854011a892d66ab402b4dc,true,"""Fire Hydrant"" by Raul2244, via Sketchfab/Objaverse, licensed under Creative Commons Attribution 4.0 International.",2022-03-08T18:01:08.996912,reference_reject,source_anchor_not_human,photogrammetry;metashape;agisoft,objaverse:Raul2244,f1da8a431c754edbe58e794e45bdfd52555b1a63edd75b6c6bc2d54daf470405,firehydrant|agisoft-photogrammetry|photogrammetry-3d|firehydrant-exterior-firefighter|metashape,architecture|places-travel,0.001324293671385,bad,0.8113650679588318,good,Metadata manifest only. Obtain and use the asset under its listed source license and attribution requirements.
objaverse_d6619eb799db41b88ba4d527d9eb08ad,Objaverse,Sketchfab,d6619eb799db41b88ba4d527d9eb08ad,Farmhouse and Stable - Woluwe St Pierre (WP002),ArcheoBru,ArcheoBru,https://sketchfab.com/ArcheoBru,https://sketchfab.com/3d-models/d6619eb799db41b88ba4d527d9eb08ad,https://objaverse.allenai.org/,https://huggingface.co/datasets/allenai/objaverse/resolve/main/glbs/000-001/d6619eb799db41b88ba4d527d9eb08ad.glb,https://huggingface.co/datasets/allenai/objaverse/resolve/main/glbs/000-001/d6619eb799db41b88ba4d527d9eb08ad.glb,by,CC-BY-4.0,Creative Commons Attribution 4.0 International,https://creativecommons.org/licenses/by/4.0/,https://api.sketchfab.com/v3/models/d6619eb799db41b88ba4d527d9eb08ad,true,"""Farmhouse and Stable - Woluwe St Pierre (WP002)"" by ArcheoBru, via Sketchfab/Objaverse, licensed under Creative Commons Attribution 4.0 International.",2019-07-31T07:04:00.825607,reference_reject,source_anchor_not_human,photogrammetry,objaverse:ArcheoBru,656d878a381507142a1ec35ef13723ccff2848094b855752b458b15bfb2dc393,ferme|farmhouse|stable|contextcapture|etable|excavations|brussels|stal|photogrammetry|archaeology|boerderij,architecture|cultural-heritage-history,0.0013169370883557,bad,0.9998414516448976,good,Metadata manifest only. Obtain and use the asset under its listed source license and attribution requirements.
objaverse_d6b45e82f1e348b29e4cdfc1471a54ca,Objaverse,Sketchfab,d6b45e82f1e348b29e4cdfc1471a54ca,Triassic - Jurassic Boundary Section,NHM_Imaging,NHM_Imaging,https://sketchfab.com/NHM_Imaging,https://sketchfab.com/3d-models/d6b45e82f1e348b29e4cdfc1471a54ca,https://objaverse.allenai.org/,https://huggingface.co/datasets/allenai/objaverse/resolve/main/glbs/000-001/d6b45e82f1e348b29e4cdfc1471a54ca.glb,https://huggingface.co/datasets/allenai/objaverse/resolve/main/glbs/000-001/d6b45e82f1e348b29e4cdfc1471a54ca.glb,by-nc,CC-BY-NC-4.0,Creative Commons Attribution-NonCommercial 4.0 International,https://creativecommons.org/licenses/by-nc/4.0/,https://api.sketchfab.com/v3/models/d6b45e82f1e348b29e4cdfc1471a54ca,true,"""Triassic - Jurassic Boundary Section"" by NHM_Imaging, via Sketchfab/Objaverse, licensed under Creative Commons Attribution-NonCommercial 4.0 International.",2018-10-30T17:21:15.771262,reference_reject,source_anchor_not_human,photogrammetry,objaverse:NHM_Imaging,52b66fd6e03238bc1fca09ecc203664a3b8d9c7d347b2ddf0023262ac3dcf9d6,rocks|geology|jurassic|triassic|stratigraphy|dorset|devon|boundary|worldheritagesite|jurassiccoast|massextinction,nature-plants|science-technology,0.0013207219649723,bad,0.892065167427063,good,Metadata manifest only. Obtain and use the asset under its listed source license and attribution requirements.
objaverse_d74b4f60561b4dc29484ed7d3f32653f,Objaverse,Sketchfab,d74b4f60561b4dc29484ed7d3f32653f,"Venice Mural. Photogrammetry, 2021",Dmitrii,pankow,https://sketchfab.com/pankow,https://sketchfab.com/3d-models/d74b4f60561b4dc29484ed7d3f32653f,https://objaverse.allenai.org/,https://huggingface.co/datasets/allenai/objaverse/resolve/main/glbs/000-001/d74b4f60561b4dc29484ed7d3f32653f.glb,https://huggingface.co/datasets/allenai/objaverse/resolve/main/glbs/000-001/d74b4f60561b4dc29484ed7d3f32653f.glb,by,CC-BY-4.0,Creative Commons Attribution 4.0 International,https://creativecommons.org/licenses/by/4.0/,https://api.sketchfab.com/v3/models/d74b4f60561b4dc29484ed7d3f32653f,true,"""Venice Mural. Photogrammetry, 2021"" by Dmitrii, via Sketchfab/Objaverse, licensed under Creative Commons Attribution 4.0 International.",2021-11-21T03:50:47.062720,reference_reject,source_anchor_not_human,photogrammetry,objaverse:pankow,9bdf52481947d0c8e2fee3c1f9e9925eb9c8189b7a53a6eadba572ec42ee8b26,graffiti|mural|streetart|graffiti-art|photogrammetry,architecture|art-abstract,0.00131906073778,bad,0.9498462080955504,good,Metadata manifest only. Obtain and use the asset under its listed source license and attribution requirements.
objaverse_d84d93074ac546c499bc00664fc463e6,Objaverse,Sketchfab,d84d93074ac546c499bc00664fc463e6,Combelles -sdb-haut,JFleury,JFleury,https://sketchfab.com/JFleury,https://sketchfab.com/3d-models/d84d93074ac546c499bc00664fc463e6,https://objaverse.allenai.org/,https://huggingface.co/datasets/allenai/objaverse/resolve/main/glbs/000-001/d84d93074ac546c499bc00664fc463e6.glb,https://huggingface.co/datasets/allenai/objaverse/resolve/main/glbs/000-001/d84d93074ac546c499bc00664fc463e6.glb,by,CC-BY-4.0,Creative Commons Attribution 4.0 International,https://creativecommons.org/licenses/by/4.0/,https://api.sketchfab.com/v3/models/d84d93074ac546c499bc00664fc463e6,true,"""Combelles -sdb-haut"" by JFleury, via Sketchfab/Objaverse, licensed under Creative Commons Attribution 4.0 International.",2022-04-18T14:05:39.254391,reference_reject,source_anchor_not_human,3dscan;3dscanner,objaverse:JFleury,b30dc96d4072157d298473c38357cbd362af5a63a736ac46dc69798e04605132,3dscannerapp,,0.0013169796215363,bad,0.9763023257255554,good,Metadata manifest only. Obtain and use the asset under its listed source license and attribution requirements.
objaverse_da3b5831716b459299b699cd2c6d3972,Objaverse,Sketchfab,da3b5831716b459299b699cd2c6d3972,Small Town Draft modus,nedo,nedo,https://sketchfab.com/nedo,https://sketchfab.com/3d-models/da3b5831716b459299b699cd2c6d3972,https://objaverse.allenai.org/,https://huggingface.co/datasets/allenai/objaverse/resolve/main/glbs/000-001/da3b5831716b459299b699cd2c6d3972.glb,https://huggingface.co/datasets/allenai/objaverse/resolve/main/glbs/000-001/da3b5831716b459299b699cd2c6d3972.glb,by,CC-BY-4.0,Creative Commons Attribution 4.0 International,https://creativecommons.org/licenses/by/4.0/,https://api.sketchfab.com/v3/models/da3b5831716b459299b699cd2c6d3972,true,"""Small Town Draft modus"" by nedo, via Sketchfab/Objaverse, licensed under Creative Commons Attribution 4.0 International.",2017-01-07T20:33:12.885061,reference_reject,source_anchor_not_human,photogrammetry;realitycapture,objaverse:nedo,52dbe375a0e121fd03a78f96e4864f998565225462e81f8b1846ff2e8432fddb,realitycapture|photogrammetry,architecture|places-travel,0.0013133499233283,bad,0.9312002658843994,good,Metadata manifest only. Obtain and use the asset under its listed source license and attribution requirements.
objaverse_daf80cf8f3d7488d85f4eaea08b3559e,Objaverse,Sketchfab,daf80cf8f3d7488d85f4eaea08b3559e,Egiptian Pyramid with Egyptian Hieroglyphs,Zeno Bilucaglia,Zeno3D,https://sketchfab.com/Zeno3D,https://sketchfab.com/3d-models/daf80cf8f3d7488d85f4eaea08b3559e,https://objaverse.allenai.org/,https://huggingface.co/datasets/allenai/objaverse/resolve/main/glbs/000-000/daf80cf8f3d7488d85f4eaea08b3559e.glb,https://huggingface.co/datasets/allenai/objaverse/resolve/main/glbs/000-000/daf80cf8f3d7488d85f4eaea08b3559e.glb,by,CC-BY-4.0,Creative Commons Attribution 4.0 International,https://creativecommons.org/licenses/by/4.0/,https://api.sketchfab.com/v3/models/daf80cf8f3d7488d85f4eaea08b3559e,true,"""Egiptian Pyramid with Egyptian Hieroglyphs"" by Zeno Bilucaglia, via Sketchfab/Objaverse, licensed under Creative Commons Attribution 4.0 International.",2018-08-24T20:00:41.605083,reference_reject,source_anchor_not_human,agisoft,objaverse:Zeno3D,4b42a1991c553fcc2705d52e3a2e0ab3f198fae6d0a95c8a8897959f4c4b4fa6,egypt|3d-scan|pyramid|prop|props|free3dmodel|3d-model|downloadable|freedownload|game-asset|egyptology|props-assets|free-download|props-game|freemodel|agisoft-agisoft-photoscan-archaeology|agisoft|photoscan|gameasset|zbrush|free|agisoft-photoscan|download,cultural-heritage-history|furniture-home,0.0037457995696678,bad,0.8119916915893555,good,Metadata manifest only. Obtain and use the asset under its listed source license and attribution requirements.
objaverse_dca1b9bbfcbf44119525ca722c27febd,Objaverse,Sketchfab,dca1b9bbfcbf44119525ca722c27febd,NTU Campus 台灣大學校園 2019,iontuguanyan,iontuguanyan,https://sketchfab.com/iontuguanyan,https://sketchfab.com/3d-models/dca1b9bbfcbf44119525ca722c27febd,https://objaverse.allenai.org/,https://huggingface.co/datasets/allenai/objaverse/resolve/main/glbs/000-001/dca1b9bbfcbf44119525ca722c27febd.glb,https://huggingface.co/datasets/allenai/objaverse/resolve/main/glbs/000-001/dca1b9bbfcbf44119525ca722c27febd.glb,by,CC-BY-4.0,Creative Commons Attribution 4.0 International,https://creativecommons.org/licenses/by/4.0/,https://api.sketchfab.com/v3/models/dca1b9bbfcbf44119525ca722c27febd,true,"""NTU Campus 台灣大學校園 2019"" by iontuguanyan, via Sketchfab/Objaverse, licensed under Creative Commons Attribution 4.0 International.",2021-04-19T08:43:42.884208,reference_reject,source_anchor_not_human,photogrammetry,objaverse:iontuguanyan,164a73182c03c0c5e17c09d23dd18fd67f3788d62cef6ad5667992ab93a2638a,taiwan|campus|university|dji|ntu|photogrammetry,architecture|furniture-home,0.0024015822122873,bad,0.4774044752120971,bad,Metadata manifest only. Obtain and use the asset under its listed source license and attribution requirements.
objaverse_dd6d0ae5da8849b49cce1dc8f8950b52,Objaverse,Sketchfab,dd6d0ae5da8849b49cce1dc8f8950b52,Cow Model,Thunk3D 3D Scanner,Lily.Qin1,https://sketchfab.com/Lily.Qin1,https://sketchfab.com/3d-models/dd6d0ae5da8849b49cce1dc8f8950b52,https://objaverse.allenai.org/,https://huggingface.co/datasets/allenai/objaverse/resolve/main/glbs/000-001/dd6d0ae5da8849b49cce1dc8f8950b52.glb,https://huggingface.co/datasets/allenai/objaverse/resolve/main/glbs/000-001/dd6d0ae5da8849b49cce1dc8f8950b52.glb,by,CC-BY-4.0,Creative Commons Attribution 4.0 International,https://creativecommons.org/licenses/by/4.0/,https://api.sketchfab.com/v3/models/dd6d0ae5da8849b49cce1dc8f8950b52,true,"""Cow Model"" by Thunk3D 3D Scanner, via Sketchfab/Objaverse, licensed under Creative Commons Attribution 4.0 International.",2021-10-14T07:52:26.883761,reference_reject,source_anchor_not_human,3dscan;3d scanner;3dscanner,objaverse:Lily.Qin1,e9915aa9734841fe05408f2f30c12dfeb4c949bc4bf1e409befdba36497d080f,3dscanner|cow|artwork|3dscanning|handheld3dscanner|3d|thunk3d,art-abstract|fashion-style,0.0945746450993855,bad,0.7523571252822876,good,Metadata manifest only. Obtain and use the asset under its listed source license and attribution requirements.
objaverse_de2be37176514cff85dff84045e553c3,Objaverse,Sketchfab,de2be37176514cff85dff84045e553c3,Chinese Stone Engraving,dlfitch,dlfitch,https://sketchfab.com/dlfitch,https://sketchfab.com/3d-models/de2be37176514cff85dff84045e553c3,https://objaverse.allenai.org/,https://huggingface.co/datasets/allenai/objaverse/resolve/main/glbs/000-001/de2be37176514cff85dff84045e553c3.glb,https://huggingface.co/datasets/allenai/objaverse/resolve/main/glbs/000-001/de2be37176514cff85dff84045e553c3.glb,by,CC-BY-4.0,Creative Commons Attribution 4.0 International,https://creativecommons.org/licenses/by/4.0/,https://api.sketchfab.com/v3/models/de2be37176514cff85dff84045e553c3,true,"""Chinese Stone Engraving"" by dlfitch, via Sketchfab/Objaverse, licensed under Creative Commons Attribution 4.0 International.",2018-01-24T06:17:39.897442,reference_reject,source_anchor_not_human,photogrammetry,objaverse:dlfitch,11e1b33652d4a3ef8bd487384b014edb29b1a9b1bce3ea4bbc6138f4a44dd995,ancient|taiwan|photorealistic|asia|china|carving|religion|relic|photoscan|photogrammetry|art|stone|rock|temple,art-abstract|cultural-heritage-history,0.0013144429255356,bad,0.9997267127037048,good,Metadata manifest only. Obtain and use the asset under its listed source license and attribution requirements.
objaverse_df713287238e44c7bc376da2ea9b50cb,Objaverse,Sketchfab,df713287238e44c7bc376da2ea9b50cb,"Bygdin conglomerate, Norway",Sara Carena,saracarena1,https://sketchfab.com/saracarena1,https://sketchfab.com/3d-models/df713287238e44c7bc376da2ea9b50cb,https://objaverse.allenai.org/,https://huggingface.co/datasets/allenai/objaverse/resolve/main/glbs/000-000/df713287238e44c7bc376da2ea9b50cb.glb,https://huggingface.co/datasets/allenai/objaverse/resolve/main/glbs/000-000/df713287238e44c7bc376da2ea9b50cb.glb,by-nc,CC-BY-NC-4.0,Creative Commons Attribution-NonCommercial 4.0 International,https://creativecommons.org/licenses/by-nc/4.0/,https://api.sketchfab.com/v3/models/df713287238e44c7bc376da2ea9b50cb,true,"""Bygdin conglomerate, Norway"" by Sara Carena, via Sketchfab/Objaverse, licensed under Creative Commons Attribution-NonCommercial 4.0 International.",2020-08-27T21:28:41.527618,reference_reject,source_anchor_not_human,metashape;agisoft,objaverse:saracarena1,4466647e4b62de055e9358e146afcadbf7e954bd7e5188a76145ff26e195f0d0,geology|norway|quartz|strain|deformation|conglomerate|prolate|metashape|agisoft|nappe|bygdin|jotundhemein,nature-plants|science-technology,0.0023508860415419,bad,0.9971702098846436,good,Metadata manifest only. Obtain and use the asset under its listed source license and attribution requirements.
objaverse_dfd88279223d461f97d9bb8b6bc4daf3,Objaverse,Sketchfab,dfd88279223d461f97d9bb8b6bc4daf3,18-19thC Wheat Lead Token,Chris Bibb,chrisbibb,https://sketchfab.com/chrisbibb,https://sketchfab.com/3d-models/dfd88279223d461f97d9bb8b6bc4daf3,https://objaverse.allenai.org/,https://huggingface.co/datasets/allenai/objaverse/resolve/main/glbs/000-001/dfd88279223d461f97d9bb8b6bc4daf3.glb,https://huggingface.co/datasets/allenai/objaverse/resolve/main/glbs/000-001/dfd88279223d461f97d9bb8b6bc4daf3.glb,by,CC-BY-4.0,Creative Commons Attribution 4.0 International,https://creativecommons.org/licenses/by/4.0/,https://api.sketchfab.com/v3/models/dfd88279223d461f97d9bb8b6bc4daf3,true,"""18-19thC Wheat Lead Token"" by Chris Bibb, via Sketchfab/Objaverse, licensed under Creative Commons Attribution 4.0 International.",2021-05-21T11:34:55.837104,reference_reject,source_anchor_not_human,photogrammetry,objaverse:chrisbibb,a17ba5a2ecd81d9a801eb190ea9f04c393e4570bc5b01c0b40201e694b373dd0,,,0.0013144498793958,bad,0.7533894181251526,good,Metadata manifest only. Obtain and use the asset under its listed source license and attribution requirements.
objaverse_e06dfe76d6b04086b6aae86df138c85e,Objaverse,Sketchfab,e06dfe76d6b04086b6aae86df138c85e,Sample_F,giorgis1,giorgis1,https://sketchfab.com/giorgis1,https://sketchfab.com/3d-models/e06dfe76d6b04086b6aae86df138c85e,https://objaverse.allenai.org/,https://huggingface.co/datasets/allenai/objaverse/resolve/main/glbs/000-001/e06dfe76d6b04086b6aae86df138c85e.glb,https://huggingface.co/datasets/allenai/objaverse/resolve/main/glbs/000-001/e06dfe76d6b04086b6aae86df138c85e.glb,by,CC-BY-4.0,Creative Commons Attribution 4.0 International,https://creativecommons.org/licenses/by/4.0/,https://api.sketchfab.com/v3/models/e06dfe76d6b04086b6aae86df138c85e,true,"""Sample_F"" by giorgis1, via Sketchfab/Objaverse, licensed under Creative Commons Attribution 4.0 International.",2020-12-24T19:49:13.959299,reference_reject,source_anchor_not_human,metashape;agisoft,objaverse:giorgis1,df911825b7b7ccec3a8b7babeb1f15c1795ff0688641c431c3a0bc7cd7032deb,metashape|agisoft,,0.00131343470752,bad,0.9997184872627258,good,Metadata manifest only. Obtain and use the asset under its listed source license and attribution requirements.
objaverse_e14e64d65577480db9e5ad4874b95b3b,Objaverse,Sketchfab,e14e64d65577480db9e5ad4874b95b3b,20190226_230122,Barbora Tauerová,m00nlight,https://sketchfab.com/m00nlight,https://sketchfab.com/3d-models/e14e64d65577480db9e5ad4874b95b3b,https://objaverse.allenai.org/,https://huggingface.co/datasets/allenai/objaverse/resolve/main/glbs/000-000/e14e64d65577480db9e5ad4874b95b3b.glb,https://huggingface.co/datasets/allenai/objaverse/resolve/main/glbs/000-000/e14e64d65577480db9e5ad4874b95b3b.glb,by,CC-BY-4.0,Creative Commons Attribution 4.0 International,https://creativecommons.org/licenses/by/4.0/,https://api.sketchfab.com/v3/models/e14e64d65577480db9e5ad4874b95b3b,true,"""20190226_230122"" by Barbora Tauerová, via Sketchfab/Objaverse, licensed under Creative Commons Attribution 4.0 International.",2019-02-26T22:13:24.046902,reference_reject,source_anchor_not_human,3dscan;3dscanner,objaverse:m00nlight,12f5fe7c45882181698f305ae577868441da40457c3f7b0300029cd13c48f9ce,openconstructor|arcore3dscanner,,0.0015470146779752,bad,0.99737948179245,good,Metadata manifest only. Obtain and use the asset under its listed source license and attribution requirements.
objaverse_e1c67c3f8caa4f749a102adeca30cf83,Objaverse,Sketchfab,e1c67c3f8caa4f749a102adeca30cf83,Kyle Busch #18 Toyota Camry,gilles_3DR,gilles_3DR,https://sketchfab.com/gilles_3DR,https://sketchfab.com/3d-models/e1c67c3f8caa4f749a102adeca30cf83,https://objaverse.allenai.org/,https://huggingface.co/datasets/allenai/objaverse/resolve/main/glbs/000-001/e1c67c3f8caa4f749a102adeca30cf83.glb,https://huggingface.co/datasets/allenai/objaverse/resolve/main/glbs/000-001/e1c67c3f8caa4f749a102adeca30cf83.glb,by,CC-BY-4.0,Creative Commons Attribution 4.0 International,https://creativecommons.org/licenses/by/4.0/,https://api.sketchfab.com/v3/models/e1c67c3f8caa4f749a102adeca30cf83,true,"""Kyle Busch #18 Toyota Camry"" by gilles_3DR, via Sketchfab/Objaverse, licensed under Creative Commons Attribution 4.0 International.",2017-06-20T10:53:42.558185,reference_reject,source_anchor_not_human,3d scanner,objaverse:gilles_3DR,32a4c649a95d32eca6614a8effe78bb54c06aef0bb72aabc90ff0c53bdb5141e,mesh|3d-scan|nascar|dotproduct|3dreshaper|dpi-8|race,cars-vehicles,0.0354863661852076,bad,0.9999999403953552,good,Metadata manifest only. Obtain and use the asset under its listed source license and attribution requirements.
objaverse_e1c7078391d746f48d5e89f0b244e97f,Objaverse,Sketchfab,e1c7078391d746f48d5e89f0b244e97f,iPhone 12 pro　LiDARセンサー実験１,ryusei.kimura,ryusei.kimura,https://sketchfab.com/ryusei.kimura,https://sketchfab.com/3d-models/e1c7078391d746f48d5e89f0b244e97f,https://objaverse.allenai.org/,https://huggingface.co/datasets/allenai/objaverse/resolve/main/glbs/000-000/e1c7078391d746f48d5e89f0b244e97f.glb,https://huggingface.co/datasets/allenai/objaverse/resolve/main/glbs/000-000/e1c7078391d746f48d5e89f0b244e97f.glb,by,CC-BY-4.0,Creative Commons Attribution 4.0 International,https://creativecommons.org/licenses/by/4.0/,https://api.sketchfab.com/v3/models/e1c7078391d746f48d5e89f0b244e97f,true,"""iPhone 12 pro　LiDARセンサー実験１"" by ryusei.kimura, via Sketchfab/Objaverse, licensed under Creative Commons Attribution 4.0 International.",2020-11-03T06:40:37.702895,reference_reject,source_anchor_not_human,3dscan;3dscanner;lidar,objaverse:ryusei.kimura,df169bc49949ff7fc98ba41769cfde43b9e77d05e42def8676d7acfbc474b413,lidar|iphone12pro|3dscannerapp,cultural-heritage-history,0.0013538326038512,bad,0.9613209962844848,good,Metadata manifest only. Obtain and use the asset under its listed source license and attribution requirements.
objaverse_e21740f86d834545a9e1e977497907f5,Objaverse,Sketchfab,e21740f86d834545a9e1e977497907f5,Untitled Scan,nmri-isas,nmri-isas,https://sketchfab.com/nmri-isas,https://sketchfab.com/3d-models/e21740f86d834545a9e1e977497907f5,https://objaverse.allenai.org/,https://huggingface.co/datasets/allenai/objaverse/resolve/main/glbs/000-001/e21740f86d834545a9e1e977497907f5.glb,https://huggingface.co/datasets/allenai/objaverse/resolve/main/glbs/000-001/e21740f86d834545a9e1e977497907f5.glb,by,CC-BY-4.0,Creative Commons Attribution 4.0 International,https://creativecommons.org/licenses/by/4.0/,https://api.sketchfab.com/v3/models/e21740f86d834545a9e1e977497907f5,true,"""Untitled Scan"" by nmri-isas, via Sketchfab/Objaverse, licensed under Creative Commons Attribution 4.0 International.",2021-11-01T04:07:21.736141,reference_reject,source_anchor_not_human,3dscan;3dscanner,objaverse:nmri-isas,900e2d99fdadb9080e85da5b1553f49deaf8c204a67e94320e1ab2910b6a1070,3dscannerapp,,0.0013133366822362,bad,0.9775109887123108,good,Metadata manifest only. Obtain and use the asset under its listed source license and attribution requirements.
objaverse_e2877290dc984d2c8278087099ea9ffa,Objaverse,Sketchfab,e2877290dc984d2c8278087099ea9ffa,Espacio FINAL,camicaballero,camicaballero,https://sketchfab.com/camicaballero,https://sketchfab.com/3d-models/e2877290dc984d2c8278087099ea9ffa,https://objaverse.allenai.org/,https://huggingface.co/datasets/allenai/objaverse/resolve/main/glbs/000-000/e2877290dc984d2c8278087099ea9ffa.glb,https://huggingface.co/datasets/allenai/objaverse/resolve/main/glbs/000-000/e2877290dc984d2c8278087099ea9ffa.glb,by,CC-BY-4.0,Creative Commons Attribution 4.0 International,https://creativecommons.org/licenses/by/4.0/,https://api.sketchfab.com/v3/models/e2877290dc984d2c8278087099ea9ffa,true,"""Espacio FINAL"" by camicaballero, via Sketchfab/Objaverse, licensed under Creative Commons Attribution 4.0 International.",2021-07-13T08:15:33.569846,reference_reject,source_anchor_not_human,photogrammetry,objaverse:camicaballero,189be37cd2014bd7a7ffa59f08ad629d161308f92f5c3d313b5e6f8e329666dd,3df-zephyr,,0.0013134707258075,bad,0.996794819831848,good,Metadata manifest only. Obtain and use the asset under its listed source license and attribution requirements.
objaverse_e2e892b9cf00421abe9e18cc056cb834,Objaverse,Sketchfab,e2e892b9cf00421abe9e18cc056cb834,Church (Free Model),BozhidarKN,bojidarkn,https://sketchfab.com/bojidarkn,https://sketchfab.com/3d-models/e2e892b9cf00421abe9e18cc056cb834,https://objaverse.allenai.org/,https://huggingface.co/datasets/allenai/objaverse/resolve/main/glbs/000-000/e2e892b9cf00421abe9e18cc056cb834.glb,https://huggingface.co/datasets/allenai/objaverse/resolve/main/glbs/000-000/e2e892b9cf00421abe9e18cc056cb834.glb,by,CC-BY-4.0,Creative Commons Attribution 4.0 International,https://creativecommons.org/licenses/by/4.0/,https://api.sketchfab.com/v3/models/e2e892b9cf00421abe9e18cc056cb834,true,"""Church (Free Model)"" by BozhidarKN, via Sketchfab/Objaverse, licensed under Creative Commons Attribution 4.0 International.",2017-09-04T18:30:55.626549,reference_reject,source_anchor_not_human,agisoft,objaverse:bojidarkn,bacee17f18b86f8498b9cf16a77c5ebbf0c06572c8541a4906ea99408b63063b,downloadable|sofia|agisoft|scan|church,architecture|cultural-heritage-history,0.0013133444440699,bad,0.7533894181251526,good,Metadata manifest only. Obtain and use the asset under its listed source license and attribution requirements.
objaverse_e3a4d2a547a446768a59f1fadd273bcf,Objaverse,Sketchfab,e3a4d2a547a446768a59f1fadd273bcf,IBM 5140 Keyboard,snacksthecat,snacksthecat,https://sketchfab.com/snacksthecat,https://sketchfab.com/3d-models/e3a4d2a547a446768a59f1fadd273bcf,https://objaverse.allenai.org/,https://huggingface.co/datasets/allenai/objaverse/resolve/main/glbs/000-001/e3a4d2a547a446768a59f1fadd273bcf.glb,https://huggingface.co/datasets/allenai/objaverse/resolve/main/glbs/000-001/e3a4d2a547a446768a59f1fadd273bcf.glb,by,CC-BY-4.0,Creative Commons Attribution 4.0 International,https://creativecommons.org/licenses/by/4.0/,https://api.sketchfab.com/v3/models/e3a4d2a547a446768a59f1fadd273bcf,true,"""IBM 5140 Keyboard"" by snacksthecat, via Sketchfab/Objaverse, licensed under Creative Commons Attribution 4.0 International.",2020-03-09T03:12:49.147803,reference_reject,source_anchor_not_human,photogrammetry;metashape;agisoft,objaverse:snacksthecat,f8bdf7490595daec55bf4719d2ee9dbb1da2de8b34c26300e90b2bcadb97c01e,vintage|metashape|agisoft|photoscan|photogrammetry|keyboard|deskthority,electronics-gadgets,0.1092323148718901,bad,0.9996023774147034,good,Metadata manifest only. Obtain and use the asset under its listed source license and attribution requirements.
objaverse_e4a2fef282ec479597ec85956c10b6a7,Objaverse,Sketchfab,e4a2fef282ec479597ec85956c10b6a7,Cervus elaphus (Red deer) (Jeleń szlachetny),"Mammal Research Institute PAS, Poland",MammalResearchInstitutePAS,https://sketchfab.com/MammalResearchInstitutePAS,https://sketchfab.com/3d-models/e4a2fef282ec479597ec85956c10b6a7,https://objaverse.allenai.org/,https://huggingface.co/datasets/allenai/objaverse/resolve/main/glbs/000-001/e4a2fef282ec479597ec85956c10b6a7.glb,https://huggingface.co/datasets/allenai/objaverse/resolve/main/glbs/000-001/e4a2fef282ec479597ec85956c10b6a7.glb,by,CC-BY-4.0,Creative Commons Attribution 4.0 International,https://creativecommons.org/licenses/by/4.0/,https://api.sketchfab.com/v3/models/e4a2fef282ec479597ec85956c10b6a7,true,"""Cervus elaphus (Red deer) (Jeleń szlachetny)"" by Mammal Research Institute PAS, Poland, via Sketchfab/Objaverse, licensed under Creative Commons Attribution 4.0 International.",2021-09-24T13:07:30.013167,reference_reject,source_anchor_not_human,3d scanner,objaverse:MammalResearchInstitutePAS,cc7ac739503a99f34329c01b2889d6c53478d648be954ee6b59732f1e720ecb4,poland|forest|skull-3d-model|primeval|bialowieza|bialowiezaforest,animals-pets,0.0998105139650451,bad,0.7533894181251526,good,Metadata manifest only. Obtain and use the asset under its listed source license and attribution requirements.
objaverse_e52760bb92d540c191def3b211cf0d9e,Objaverse,Sketchfab,e52760bb92d540c191def3b211cf0d9e,Tree 13 Scan,joeshu,joeshu,https://sketchfab.com/joeshu,https://sketchfab.com/3d-models/e52760bb92d540c191def3b211cf0d9e,https://objaverse.allenai.org/,https://huggingface.co/datasets/allenai/objaverse/resolve/main/glbs/000-000/e52760bb92d540c191def3b211cf0d9e.glb,https://huggingface.co/datasets/allenai/objaverse/resolve/main/glbs/000-000/e52760bb92d540c191def3b211cf0d9e.glb,by,CC-BY-4.0,Creative Commons Attribution 4.0 International,https://creativecommons.org/licenses/by/4.0/,https://api.sketchfab.com/v3/models/e52760bb92d540c191def3b211cf0d9e,true,"""Tree 13 Scan"" by joeshu, via Sketchfab/Objaverse, licensed under Creative Commons Attribution 4.0 International.",2022-07-03T09:51:50.012203,reference_reject,source_anchor_not_human,photogrammetry,objaverse:joeshu,bcb6f8443397d23de6150158a213a71c5c19e66e5e6a9dff00467b4cdadb361e,tree|photoscan|photogrammetry,nature-plants,0.0017775101533913,bad,0.8434553742408752,good,Metadata manifest only. Obtain and use the asset under its listed source license and attribution requirements.
objaverse_e5fa368fcd8d49fe9ffcc4beb06ccf3d,Objaverse,Sketchfab,e5fa368fcd8d49fe9ffcc4beb06ccf3d,WNGIG UAM,Matiss94,Matiss94,https://sketchfab.com/Matiss94,https://sketchfab.com/3d-models/e5fa368fcd8d49fe9ffcc4beb06ccf3d,https://objaverse.allenai.org/,https://huggingface.co/datasets/allenai/objaverse/resolve/main/glbs/000-001/e5fa368fcd8d49fe9ffcc4beb06ccf3d.glb,https://huggingface.co/datasets/allenai/objaverse/resolve/main/glbs/000-001/e5fa368fcd8d49fe9ffcc4beb06ccf3d.glb,by-nc-sa,CC-BY-NC-SA-4.0,Creative Commons Attribution-NonCommercial-ShareAlike 4.0 International,https://creativecommons.org/licenses/by-nc-sa/4.0/,https://api.sketchfab.com/v3/models/e5fa368fcd8d49fe9ffcc4beb06ccf3d,true,"""WNGIG UAM"" by Matiss94, via Sketchfab/Objaverse, licensed under Creative Commons Attribution-NonCommercial-ShareAlike 4.0 International.",2018-06-18T11:22:09.708742,reference_reject,source_anchor_not_human,photogrammetry,objaverse:Matiss94,9fff9d4640710b7cd35e84ed1d49e9001c46da5bce6bc4b448ac2a770db50e0e,university|geography|geoinformatics|photogrammetry|building|3dmodel,architecture|science-technology,0.0013786925546916,bad,0.618797242641449,good,Metadata manifest only. Obtain and use the asset under its listed source license and attribution requirements.
objaverse_e69d0f9279584c85a441bd7505b58470,Objaverse,Sketchfab,e69d0f9279584c85a441bd7505b58470,Basket by Kanishk,the Brown Institute,browninstitute,https://sketchfab.com/browninstitute,https://sketchfab.com/3d-models/e69d0f9279584c85a441bd7505b58470,https://objaverse.allenai.org/,https://huggingface.co/datasets/allenai/objaverse/resolve/main/glbs/000-001/e69d0f9279584c85a441bd7505b58470.glb,https://huggingface.co/datasets/allenai/objaverse/resolve/main/glbs/000-001/e69d0f9279584c85a441bd7505b58470.glb,by,CC-BY-4.0,Creative Commons Attribution 4.0 International,https://creativecommons.org/licenses/by/4.0/,https://api.sketchfab.com/v3/models/e69d0f9279584c85a441bd7505b58470,true,"""Basket by Kanishk"" by the Brown Institute, via Sketchfab/Objaverse, licensed under Creative Commons Attribution 4.0 International.",2018-05-03T21:29:08.014821,reference_reject,source_anchor_not_human,agisoft,objaverse:browninstitute,b630e671c154c6ddd7c4db4f4b2de5688495f9f042760a4e8aa8a7fd29628f68,agisoft|photoscan,,0.0016323650717471,bad,0.99995219707489,good,Metadata manifest only. Obtain and use the asset under its listed source license and attribution requirements.
objaverse_e80fdbf8d2c9442d8544192c0eae221c,Objaverse,Sketchfab,e80fdbf8d2c9442d8544192c0eae221c,Anchor - Ithaca,imadFarhat,imadfarhat,https://sketchfab.com/imadfarhat,https://sketchfab.com/3d-models/e80fdbf8d2c9442d8544192c0eae221c,https://objaverse.allenai.org/,https://huggingface.co/datasets/allenai/objaverse/resolve/main/glbs/000-000/e80fdbf8d2c9442d8544192c0eae221c.glb,https://huggingface.co/datasets/allenai/objaverse/resolve/main/glbs/000-000/e80fdbf8d2c9442d8544192c0eae221c.glb,by,CC-BY-4.0,Creative Commons Attribution 4.0 International,https://creativecommons.org/licenses/by/4.0/,https://api.sketchfab.com/v3/models/e80fdbf8d2c9442d8544192c0eae221c,true,"""Anchor - Ithaca"" by imadFarhat, via Sketchfab/Objaverse, licensed under Creative Commons Attribution 4.0 International.",2021-07-06T09:43:35.097918,reference_reject,source_anchor_not_human,metashape;agisoft,objaverse:imadfarhat,a07314474ed3fbf06188194dced49ba8ae113be30fe333fadcd25c7103c2d0c4,wreck|anchor|metashape|agisoft|ship,cars-vehicles|characters-creatures,0.0013163690009574,bad,0.9990923404693604,good,Metadata manifest only. Obtain and use the asset under its listed source license and attribution requirements.
objaverse_e88ac1449f5c4b7bbe67efeddc93cba7,Objaverse,Sketchfab,e88ac1449f5c4b7bbe67efeddc93cba7,New Model,smicha84,smicha84,https://sketchfab.com/smicha84,https://sketchfab.com/3d-models/e88ac1449f5c4b7bbe67efeddc93cba7,https://objaverse.allenai.org/,https://huggingface.co/datasets/allenai/objaverse/resolve/main/glbs/000-001/e88ac1449f5c4b7bbe67efeddc93cba7.glb,https://huggingface.co/datasets/allenai/objaverse/resolve/main/glbs/000-001/e88ac1449f5c4b7bbe67efeddc93cba7.glb,by,CC-BY-4.0,Creative Commons Attribution 4.0 International,https://creativecommons.org/licenses/by/4.0/,https://api.sketchfab.com/v3/models/e88ac1449f5c4b7bbe67efeddc93cba7,true,"""New Model"" by smicha84, via Sketchfab/Objaverse, licensed under Creative Commons Attribution 4.0 International.",2020-10-21T22:35:45.900249,reference_reject,source_anchor_not_human,3dscan;3dscanner,objaverse:smicha84,7a016bd7e61f31663c21a4ddefaf4dcb0e8448d171bb188a7a3e0a8b5675c8f5,,,0.0014763410090205,bad,0.4705406427383423,bad,Metadata manifest only. Obtain and use the asset under its listed source license and attribution requirements.
objaverse_e996baf326594a35bdebe37213062e22,Objaverse,Sketchfab,e996baf326594a35bdebe37213062e22,Cool Rock RealityCapture,operhiem1,operhiem1,https://sketchfab.com/operhiem1,https://sketchfab.com/3d-models/e996baf326594a35bdebe37213062e22,https://objaverse.allenai.org/,https://huggingface.co/datasets/allenai/objaverse/resolve/main/glbs/000-000/e996baf326594a35bdebe37213062e22.glb,https://huggingface.co/datasets/allenai/objaverse/resolve/main/glbs/000-000/e996baf326594a35bdebe37213062e22.glb,by,CC-BY-4.0,Creative Commons Attribution 4.0 International,https://creativecommons.org/licenses/by/4.0/,https://api.sketchfab.com/v3/models/e996baf326594a35bdebe37213062e22,true,"""Cool Rock RealityCapture"" by operhiem1, via Sketchfab/Objaverse, licensed under Creative Commons Attribution 4.0 International.",2021-11-23T00:29:50.377924,reference_reject,source_anchor_not_human,realitycapture,objaverse:operhiem1,7e1e222179026842c61ee25fa1d2ef6480b0623f8d36bd0ad430db103d64de10,outdoor|fall|realitycapture|rock|leaves,nature-plants,0.0013134548767217,bad,0.999893605709076,good,Metadata manifest only. Obtain and use the asset under its listed source license and attribution requirements.
objaverse_eae1b001cc99428cb28c525ee72c912f,Objaverse,Sketchfab,eae1b001cc99428cb28c525ee72c912f,Gum eaves on Gravel,nick_clicks,nick_clicks,https://sketchfab.com/nick_clicks,https://sketchfab.com/3d-models/eae1b001cc99428cb28c525ee72c912f,https://objaverse.allenai.org/,https://huggingface.co/datasets/allenai/objaverse/resolve/main/glbs/000-001/eae1b001cc99428cb28c525ee72c912f.glb,https://huggingface.co/datasets/allenai/objaverse/resolve/main/glbs/000-001/eae1b001cc99428cb28c525ee72c912f.glb,by,CC-BY-4.0,Creative Commons Attribution 4.0 International,https://creativecommons.org/licenses/by/4.0/,https://api.sketchfab.com/v3/models/eae1b001cc99428cb28c525ee72c912f,true,"""Gum eaves on Gravel"" by nick_clicks, via Sketchfab/Objaverse, licensed under Creative Commons Attribution 4.0 International.",2018-06-05T05:52:34.539615,reference_reject,source_anchor_not_human,agisoft,objaverse:nick_clicks,9f14949a28a2e417d01f5e4760045d279880ccbe7756e8e1dee71554af49eb43,agisoft|photoscan,,0.0013141219818657,bad,0.999687433242798,good,Metadata manifest only. Obtain and use the asset under its listed source license and attribution requirements.
objaverse_eb077535849b493b8768ebb1eccb6cf1,Objaverse,Sketchfab,eb077535849b493b8768ebb1eccb6cf1,Fly agaric,simfris,simfris,https://sketchfab.com/simfris,https://sketchfab.com/3d-models/eb077535849b493b8768ebb1eccb6cf1,https://objaverse.allenai.org/,https://huggingface.co/datasets/allenai/objaverse/resolve/main/glbs/000-000/eb077535849b493b8768ebb1eccb6cf1.glb,https://huggingface.co/datasets/allenai/objaverse/resolve/main/glbs/000-000/eb077535849b493b8768ebb1eccb6cf1.glb,by,CC-BY-4.0,Creative Commons Attribution 4.0 International,https://creativecommons.org/licenses/by/4.0/,https://api.sketchfab.com/v3/models/eb077535849b493b8768ebb1eccb6cf1,true,"""Fly agaric"" by simfris, via Sketchfab/Objaverse, licensed under Creative Commons Attribution 4.0 International.",2020-10-17T10:19:01.043739,reference_reject,source_anchor_not_human,photogrammetry;meshroom,objaverse:simfris,badd4a5cd02a1b881c95fec22f062b184697bcca83c5dcf1da2b44cacdbcc2cc,botanic|alicevision|alicevision-photogrammetry|alicevision-meshroom,nature-plants,0.0013191700616973,bad,0.1297170519828796,bad,Metadata manifest only. Obtain and use the asset under its listed source license and attribution requirements.
objaverse_eb0aa313ebbd4a808fdebfbc30f9d435,Objaverse,Sketchfab,eb0aa313ebbd4a808fdebfbc30f9d435,Saint Dorothy and the Infant Christ.,NFTSDigital,NFTSDIgital,https://sketchfab.com/NFTSDIgital,https://sketchfab.com/3d-models/eb0aa313ebbd4a808fdebfbc30f9d435,https://objaverse.allenai.org/,https://huggingface.co/datasets/allenai/objaverse/resolve/main/glbs/000-001/eb0aa313ebbd4a808fdebfbc30f9d435.glb,https://huggingface.co/datasets/allenai/objaverse/resolve/main/glbs/000-001/eb0aa313ebbd4a808fdebfbc30f9d435.glb,by,CC-BY-4.0,Creative Commons Attribution 4.0 International,https://creativecommons.org/licenses/by/4.0/,https://api.sketchfab.com/v3/models/eb0aa313ebbd4a808fdebfbc30f9d435,true,"""Saint Dorothy and the Infant Christ."" by NFTSDigital, via Sketchfab/Objaverse, licensed under Creative Commons Attribution 4.0 International.",2018-07-18T15:44:49.275268,reference_reject,source_anchor_not_human,photogrammetry,objaverse:NFTSDIgital,a75774c01621f48c0326aece1db57e24beb76e93957ea9ed7be07ec2c42a6bdf,vr|gallery|education|artworks|nationalgallery|nfts|cpdp|photogrammetry|art|digital|student|workshop,art-abstract|cultural-heritage-history,0.1082780608913161,bad,0.9963199496269226,good,Metadata manifest only. Obtain and use the asset under its listed source license and attribution requirements.
objaverse_eb5b0a427a424939bc3983a782cd431e,Objaverse,Sketchfab,eb5b0a427a424939bc3983a782cd431e,Europe and the 4 Evangelistd,Art moves Europe e.V.,Alfred.Mevissen,https://sketchfab.com/Alfred.Mevissen,https://sketchfab.com/3d-models/eb5b0a427a424939bc3983a782cd431e,https://objaverse.allenai.org/,https://huggingface.co/datasets/allenai/objaverse/resolve/main/glbs/000-000/eb5b0a427a424939bc3983a782cd431e.glb,https://huggingface.co/datasets/allenai/objaverse/resolve/main/glbs/000-000/eb5b0a427a424939bc3983a782cd431e.glb,by,CC-BY-4.0,Creative Commons Attribution 4.0 International,https://creativecommons.org/licenses/by/4.0/,https://api.sketchfab.com/v3/models/eb5b0a427a424939bc3983a782cd431e,true,"""Europe and the 4 Evangelistd"" by Art moves Europe e.V., via Sketchfab/Objaverse, licensed under Creative Commons Attribution 4.0 International.",2022-05-01T12:54:22.967175,reference_reject,source_anchor_not_human,3dscan,objaverse:Alfred.Mevissen,149db2b875524afdf69d8dd37a6ee2f24d7f2c4bb0b2f5ea2110552227e62abf,trnio|herbert|3dscan|leichtle,,0.001313369412631,bad,0.9281345009803772,good,Metadata manifest only. Obtain and use the asset under its listed source license and attribution requirements.
objaverse_ebeab69af57442048e64cecee41465a7,Objaverse,Sketchfab,ebeab69af57442048e64cecee41465a7,The Great Pumpkin Test METASHAPE/SCAPPversion,BrandeisMakerLab,BrandeisMakerLab,https://sketchfab.com/BrandeisMakerLab,https://sketchfab.com/3d-models/ebeab69af57442048e64cecee41465a7,https://objaverse.allenai.org/,https://huggingface.co/datasets/allenai/objaverse/resolve/main/glbs/000-000/ebeab69af57442048e64cecee41465a7.glb,https://huggingface.co/datasets/allenai/objaverse/resolve/main/glbs/000-000/ebeab69af57442048e64cecee41465a7.glb,by,CC-BY-4.0,Creative Commons Attribution 4.0 International,https://creativecommons.org/licenses/by/4.0/,https://api.sketchfab.com/v3/models/ebeab69af57442048e64cecee41465a7,true,"""The Great Pumpkin Test METASHAPE/SCAPPversion"" by BrandeisMakerLab, via Sketchfab/Objaverse, licensed under Creative Commons Attribution 4.0 International.",2019-10-28T20:01:13.734124,reference_reject,source_anchor_not_human,metashape;agisoft,objaverse:BrandeisMakerLab,350a15a3fe5e67e269939f6238b074780790fc58cbb5771695b4bed97131d9da,,,0.1247364498559949,bad,0.7533894181251526,good,Metadata manifest only. Obtain and use the asset under its listed source license and attribution requirements.
objaverse_ec347293e6e043f080c6d503ea3298ee,Objaverse,Sketchfab,ec347293e6e043f080c6d503ea3298ee,R.I.P flowers,alban,alban,https://sketchfab.com/alban,https://sketchfab.com/3d-models/ec347293e6e043f080c6d503ea3298ee,https://objaverse.allenai.org/,https://huggingface.co/datasets/allenai/objaverse/resolve/main/glbs/000-000/ec347293e6e043f080c6d503ea3298ee.glb,https://huggingface.co/datasets/allenai/objaverse/resolve/main/glbs/000-000/ec347293e6e043f080c6d503ea3298ee.glb,by,CC-BY-4.0,Creative Commons Attribution 4.0 International,https://creativecommons.org/licenses/by/4.0/,https://api.sketchfab.com/v3/models/ec347293e6e043f080c6d503ea3298ee,true,"""R.I.P flowers"" by alban, via Sketchfab/Objaverse, licensed under Creative Commons Attribution 4.0 International.",2015-07-13T19:19:09,reference_reject,source_anchor_not_human,3dscan,objaverse:alban,5df677078922d353008fc51dee4e41bc507c9f8e8547a1640884bb7d49f3f080,flowers|rip|streetart|3dscan,cultural-heritage-history|science-technology,0.0013538911750515,bad,0.823786735534668,good,Metadata manifest only. Obtain and use the asset under its listed source license and attribution requirements.
objaverse_ec4dcecca9a54619a74ad41f09965118,Objaverse,Sketchfab,ec4dcecca9a54619a74ad41f09965118,prova ipad pro - centro storico,luciano.amandola,luciano.amandola,https://sketchfab.com/luciano.amandola,https://sketchfab.com/3d-models/ec4dcecca9a54619a74ad41f09965118,https://objaverse.allenai.org/,https://huggingface.co/datasets/allenai/objaverse/resolve/main/glbs/000-001/ec4dcecca9a54619a74ad41f09965118.glb,https://huggingface.co/datasets/allenai/objaverse/resolve/main/glbs/000-001/ec4dcecca9a54619a74ad41f09965118.glb,by,CC-BY-4.0,Creative Commons Attribution 4.0 International,https://creativecommons.org/licenses/by/4.0/,https://api.sketchfab.com/v3/models/ec4dcecca9a54619a74ad41f09965118,true,"""prova ipad pro - centro storico"" by luciano.amandola, via Sketchfab/Objaverse, licensed under Creative Commons Attribution 4.0 International.",2021-04-01T08:31:55.538029,reference_reject,source_anchor_not_human,3dscan;3dscanner,objaverse:luciano.amandola,8b03d2e054eb65b1a2d97f8f7e805c92060530cea422ba69981cce403a0fcf3d,3dscannerapp,,0.0013133407855181,bad,0.9997618794441224,good,Metadata manifest only. Obtain and use the asset under its listed source license and attribution requirements.
objaverse_ec4f8579bdac4f8db45141b4dcfe67a3,Objaverse,Sketchfab,ec4f8579bdac4f8db45141b4dcfe67a3,27158 Dunkeld,pictomatic,pictomatic,https://sketchfab.com/pictomatic,https://sketchfab.com/3d-models/ec4f8579bdac4f8db45141b4dcfe67a3,https://objaverse.allenai.org/,https://huggingface.co/datasets/allenai/objaverse/resolve/main/glbs/000-001/ec4f8579bdac4f8db45141b4dcfe67a3.glb,https://huggingface.co/datasets/allenai/objaverse/resolve/main/glbs/000-001/ec4f8579bdac4f8db45141b4dcfe67a3.glb,by-nc-sa,CC-BY-NC-SA-4.0,Creative Commons Attribution-NonCommercial-ShareAlike 4.0 International,https://creativecommons.org/licenses/by-nc-sa/4.0/,https://api.sketchfab.com/v3/models/ec4f8579bdac4f8db45141b4dcfe67a3,true,"""27158 Dunkeld"" by pictomatic, via Sketchfab/Objaverse, licensed under Creative Commons Attribution-NonCommercial-ShareAlike 4.0 International.",2015-06-03T00:19:45,reference_reject,source_anchor_not_human,agisoft,objaverse:pictomatic,e32699022bd2c6f50be99e426c0dc7c56c797ae2a7509c9f073fe2d7dbd06164,agisoft|photoscan,,0.0013133744309826,bad,0.9987685084342957,good,Metadata manifest only. Obtain and use the asset under its listed source license and attribution requirements.
objaverse_ec505d33602d4d52ae7b94508a6e5504,Objaverse,Sketchfab,ec505d33602d4d52ae7b94508a6e5504,‘606,lsyhzchn,lsyhzchn,https://sketchfab.com/lsyhzchn,https://sketchfab.com/3d-models/ec505d33602d4d52ae7b94508a6e5504,https://objaverse.allenai.org/,https://huggingface.co/datasets/allenai/objaverse/resolve/main/glbs/000-000/ec505d33602d4d52ae7b94508a6e5504.glb,https://huggingface.co/datasets/allenai/objaverse/resolve/main/glbs/000-000/ec505d33602d4d52ae7b94508a6e5504.glb,by,CC-BY-4.0,Creative Commons Attribution 4.0 International,https://creativecommons.org/licenses/by/4.0/,https://api.sketchfab.com/v3/models/ec505d33602d4d52ae7b94508a6e5504,true,"""‘606"" by lsyhzchn, via Sketchfab/Objaverse, licensed under Creative Commons Attribution 4.0 International.",2022-06-27T14:26:08.335980,reference_reject,source_anchor_not_human,3dscan;3dscanner,objaverse:lsyhzchn,6b5397a66466595d48fc063305d247c7823a84d8d29ad388eb35e8593bad3de3,3dscannerapp,,0.0016885530102103,bad,0.8741072416305542,good,Metadata manifest only. Obtain and use the asset under its listed source license and attribution requirements.
objaverse_ede055b5a17e41908465120431e7a995,Objaverse,Sketchfab,ede055b5a17e41908465120431e7a995,Live ARISE - Witcher Blender,Alex Martire,alexmartire,https://sketchfab.com/alexmartire,https://sketchfab.com/3d-models/ede055b5a17e41908465120431e7a995,https://objaverse.allenai.org/,https://huggingface.co/datasets/allenai/objaverse/resolve/main/glbs/000-001/ede055b5a17e41908465120431e7a995.glb,https://huggingface.co/datasets/allenai/objaverse/resolve/main/glbs/000-001/ede055b5a17e41908465120431e7a995.glb,by,CC-BY-4.0,Creative Commons Attribution 4.0 International,https://creativecommons.org/licenses/by/4.0/,https://api.sketchfab.com/v3/models/ede055b5a17e41908465120431e7a995,true,"""Live ARISE - Witcher Blender"" by Alex Martire, via Sketchfab/Objaverse, licensed under Creative Commons Attribution 4.0 International.",2020-05-17T22:43:44.884397,reference_reject,source_anchor_not_human,photogrammetry;meshroom,objaverse:alexmartire,ed1b918f0adf4a2f83b27ac56ec5d064b7a437294c476568bef5ca6d57682c09,hut|witcher|witcher3|meshroom|photogrammetry|blender|archaeology|house,architecture,0.0013152475179297,bad,0.8107362985610962,good,Metadata manifest only. Obtain and use the asset under its listed source license and attribution requirements.
objaverse_ee7e1ba957b74b678b0dfcf127b2d4f6,Objaverse,Sketchfab,ee7e1ba957b74b678b0dfcf127b2d4f6,Runsten Anundshög RAÄ L2002:82,jaer1994,jaer1994,https://sketchfab.com/jaer1994,https://sketchfab.com/3d-models/ee7e1ba957b74b678b0dfcf127b2d4f6,https://objaverse.allenai.org/,https://huggingface.co/datasets/allenai/objaverse/resolve/main/glbs/000-000/ee7e1ba957b74b678b0dfcf127b2d4f6.glb,https://huggingface.co/datasets/allenai/objaverse/resolve/main/glbs/000-000/ee7e1ba957b74b678b0dfcf127b2d4f6.glb,by,CC-BY-4.0,Creative Commons Attribution 4.0 International,https://creativecommons.org/licenses/by/4.0/,https://api.sketchfab.com/v3/models/ee7e1ba957b74b678b0dfcf127b2d4f6,true,"""Runsten Anundshög RAÄ L2002:82"" by jaer1994, via Sketchfab/Objaverse, licensed under Creative Commons Attribution 4.0 International.",2020-05-14T13:05:00.484476,reference_reject,source_anchor_not_human,metashape;agisoft,objaverse:jaer1994,80ee7df7bac5f7b07e97f1e566401f1065aaac81faeaceead0aa791593c6f435,metashape|agisoft,,0.0013790652756311,bad,0.9968299865722656,good,Metadata manifest only. Obtain and use the asset under its listed source license and attribution requirements.
objaverse_eeb619a2a9664c33826e242aa55ccc24,Objaverse,Sketchfab,eeb619a2a9664c33826e242aa55ccc24,St. Antony,WGPdigital,wgpdigital,https://sketchfab.com/wgpdigital,https://sketchfab.com/3d-models/eeb619a2a9664c33826e242aa55ccc24,https://objaverse.allenai.org/,https://huggingface.co/datasets/allenai/objaverse/resolve/main/glbs/000-001/eeb619a2a9664c33826e242aa55ccc24.glb,https://huggingface.co/datasets/allenai/objaverse/resolve/main/glbs/000-001/eeb619a2a9664c33826e242aa55ccc24.glb,by,CC-BY-4.0,Creative Commons Attribution 4.0 International,https://creativecommons.org/licenses/by/4.0/,https://api.sketchfab.com/v3/models/eeb619a2a9664c33826e242aa55ccc24,true,"""St. Antony"" by WGPdigital, via Sketchfab/Objaverse, licensed under Creative Commons Attribution 4.0 International.",2020-07-30T10:33:40.244456,reference_reject,source_anchor_not_human,photogrammetry,objaverse:wgpdigital,abab00a8ccd86eb1971f499cd855929b5c7fdca77460277d037ab885ab81cdc3,heritage|3dmodelling|heritage-photogrammetry|digitaltwin|photogrammetry|3dmodeling|wgpdigital,architecture|cultural-heritage-history,0.0057110993348403,bad,0.7533894181251526,good,Metadata manifest only. Obtain and use the asset under its listed source license and attribution requirements.
objaverse_eedb8c7712a847b7b511b2201dd2014e,Objaverse,Sketchfab,eedb8c7712a847b7b511b2201dd2014e,Gneiss Boulder,Ron Schott,haysrockdoc,https://sketchfab.com/haysrockdoc,https://sketchfab.com/3d-models/eedb8c7712a847b7b511b2201dd2014e,https://objaverse.allenai.org/,https://huggingface.co/datasets/allenai/objaverse/resolve/main/glbs/000-000/eedb8c7712a847b7b511b2201dd2014e.glb,https://huggingface.co/datasets/allenai/objaverse/resolve/main/glbs/000-000/eedb8c7712a847b7b511b2201dd2014e.glb,by-nc,CC-BY-NC-4.0,Creative Commons Attribution-NonCommercial 4.0 International,https://creativecommons.org/licenses/by-nc/4.0/,https://api.sketchfab.com/v3/models/eedb8c7712a847b7b511b2201dd2014e,true,"""Gneiss Boulder"" by Ron Schott, via Sketchfab/Objaverse, licensed under Creative Commons Attribution-NonCommercial 4.0 International.",2017-07-10T23:25:54.904610,reference_reject,source_anchor_not_human,agisoft,objaverse:haysrockdoc,98317cf796a9d1f862f43d98a68a86669a350a2a7e9e0d9b7d3eccb7fb142424,geology|gneiss|agisoft|photoscan,nature-plants,0.001351440901072,bad,0.99724280834198,good,Metadata manifest only. Obtain and use the asset under its listed source license and attribution requirements.
objaverse_ef83f91c77fa486397584a732aa20798,Objaverse,Sketchfab,ef83f91c77fa486397584a732aa20798,Grabados Rupestres Acoran,J. Víctor Febles,JVICTORFEBLESGLEZ,https://sketchfab.com/JVICTORFEBLESGLEZ,https://sketchfab.com/3d-models/ef83f91c77fa486397584a732aa20798,https://objaverse.allenai.org/,https://huggingface.co/datasets/allenai/objaverse/resolve/main/glbs/000-000/ef83f91c77fa486397584a732aa20798.glb,https://huggingface.co/datasets/allenai/objaverse/resolve/main/glbs/000-000/ef83f91c77fa486397584a732aa20798.glb,by,CC-BY-4.0,Creative Commons Attribution 4.0 International,https://creativecommons.org/licenses/by/4.0/,https://api.sketchfab.com/v3/models/ef83f91c77fa486397584a732aa20798,true,"""Grabados Rupestres Acoran"" by J. Víctor Febles, via Sketchfab/Objaverse, licensed under Creative Commons Attribution 4.0 International.",2017-01-12T21:48:03.614241,reference_reject,source_anchor_not_human,agisoft,objaverse:JVICTORFEBLESGLEZ,c8c48878ee6f7b27e5b1323feacf268ab50052f9617164696071b438d9cf90a3,agisoft|photoscan,places-travel|science-technology,0.0013177080392993,bad,0.9223381876945496,good,Metadata manifest only. Obtain and use the asset under its listed source license and attribution requirements.
objaverse_f015cc8b27fd4839b810a76bc4a0d893,Objaverse,Sketchfab,f015cc8b27fd4839b810a76bc4a0d893,A TRNIO Model,imaclach,imaclach,https://sketchfab.com/imaclach,https://sketchfab.com/3d-models/f015cc8b27fd4839b810a76bc4a0d893,https://objaverse.allenai.org/,https://huggingface.co/datasets/allenai/objaverse/resolve/main/glbs/000-000/f015cc8b27fd4839b810a76bc4a0d893.glb,https://huggingface.co/datasets/allenai/objaverse/resolve/main/glbs/000-000/f015cc8b27fd4839b810a76bc4a0d893.glb,by,CC-BY-4.0,Creative Commons Attribution 4.0 International,https://creativecommons.org/licenses/by/4.0/,https://api.sketchfab.com/v3/models/f015cc8b27fd4839b810a76bc4a0d893,true,"""A TRNIO Model"" by imaclach, via Sketchfab/Objaverse, licensed under Creative Commons Attribution 4.0 International.",2019-08-22T11:08:34.936529,reference_reject,source_anchor_not_human,3dscan,objaverse:imaclach,c8bded1933bd5be8f395e4a83cdf8fdaf04c0ae5d8fd8f203b21726f7241846b,trnio|3dscan,,0.0013134656422987,bad,0.963739275932312,good,Metadata manifest only. Obtain and use the asset under its listed source license and attribution requirements.
objaverse_f09c3f4ade14427781f21c9f12e590db,Objaverse,Sketchfab,f09c3f4ade14427781f21c9f12e590db,Fireplace LiDAR Scan with iPhone 12,laanlabs,laanlabs,https://sketchfab.com/laanlabs,https://sketchfab.com/3d-models/f09c3f4ade14427781f21c9f12e590db,https://objaverse.allenai.org/,https://huggingface.co/datasets/allenai/objaverse/resolve/main/glbs/000-000/f09c3f4ade14427781f21c9f12e590db.glb,https://huggingface.co/datasets/allenai/objaverse/resolve/main/glbs/000-000/f09c3f4ade14427781f21c9f12e590db.glb,by,CC-BY-4.0,Creative Commons Attribution 4.0 International,https://creativecommons.org/licenses/by/4.0/,https://api.sketchfab.com/v3/models/f09c3f4ade14427781f21c9f12e590db,true,"""Fireplace LiDAR Scan with iPhone 12"" by laanlabs, via Sketchfab/Objaverse, licensed under Creative Commons Attribution 4.0 International.",2020-11-24T00:28:13.132376,reference_reject,source_anchor_not_human,3dscan;3dscanner;lidar,objaverse:laanlabs,1c66d7ce52a2737cb9b13588aaa8254e72c14fdb9c2c7b7534f757bb11d1365c,lidar|3dscanning|lidar_scanning|3dscan|pointcloud|iphone12|iphonelidar,architecture|furniture-home,0.0014765759558441,bad,0.943191409111023,good,Metadata manifest only. Obtain and use the asset under its listed source license and attribution requirements.
objaverse_f10eb88cbe6642c4b9e316a714c92a99,Objaverse,Sketchfab,f10eb88cbe6642c4b9e316a714c92a99,Old converse shoe,ashraybista,ashraybista,https://sketchfab.com/ashraybista,https://sketchfab.com/3d-models/f10eb88cbe6642c4b9e316a714c92a99,https://objaverse.allenai.org/,https://huggingface.co/datasets/allenai/objaverse/resolve/main/glbs/000-001/f10eb88cbe6642c4b9e316a714c92a99.glb,https://huggingface.co/datasets/allenai/objaverse/resolve/main/glbs/000-001/f10eb88cbe6642c4b9e316a714c92a99.glb,by,CC-BY-4.0,Creative Commons Attribution 4.0 International,https://creativecommons.org/licenses/by/4.0/,https://api.sketchfab.com/v3/models/f10eb88cbe6642c4b9e316a714c92a99,true,"""Old converse shoe"" by ashraybista, via Sketchfab/Objaverse, licensed under Creative Commons Attribution 4.0 International.",2018-09-24T07:06:08.935871,reference_reject,source_anchor_not_human,agisoft,objaverse:ashraybista,2f07297a266b98426401a9b1a300f966be24c7f76f0f7bcc561a501e7fe74a2e,cloth|fashion|clothes|used|dirty|shoes|old|fabric|converse|realistic-textures|maya|low-poly|substance-painter|agisoft-photoscan,fashion-style,0.971639871731819,good,0.6901036500930786,good,Metadata manifest only. Obtain and use the asset under its listed source license and attribution requirements.
objaverse_f137a879f5d840478a19d6e1bc728c7a,Objaverse,Sketchfab,f137a879f5d840478a19d6e1bc728c7a,Another scary clown Halloween mask,elaughli,elaughli,https://sketchfab.com/elaughli,https://sketchfab.com/3d-models/f137a879f5d840478a19d6e1bc728c7a,https://objaverse.allenai.org/,https://huggingface.co/datasets/allenai/objaverse/resolve/main/glbs/000-001/f137a879f5d840478a19d6e1bc728c7a.glb,https://huggingface.co/datasets/allenai/objaverse/resolve/main/glbs/000-001/f137a879f5d840478a19d6e1bc728c7a.glb,by,CC-BY-4.0,Creative Commons Attribution 4.0 International,https://creativecommons.org/licenses/by/4.0/,https://api.sketchfab.com/v3/models/f137a879f5d840478a19d6e1bc728c7a,true,"""Another scary clown Halloween mask"" by elaughli, via Sketchfab/Objaverse, licensed under Creative Commons Attribution 4.0 International.",2018-10-28T16:24:51.714866,reference_reject,source_anchor_not_human,3dscan,objaverse:elaughli,fd4ed017644947bc43cfe0a9c0933fcad43672f0c3acf2436586ebe587afe374,iphone|clown|scary|mask|scandypro|3dscan|halloween|spooky,,0.0021188766158746,bad,0.9893991947174072,good,Metadata manifest only. Obtain and use the asset under its listed source license and attribution requirements.
objaverse_f18d3d987c1c44de822767564aa42068,Objaverse,Sketchfab,f18d3d987c1c44de822767564aa42068,佐賀市船塚古墳,Curtural assets Measurement Assist Q-shu,CMAQ,https://sketchfab.com/CMAQ,https://sketchfab.com/3d-models/f18d3d987c1c44de822767564aa42068,https://objaverse.allenai.org/,https://huggingface.co/datasets/allenai/objaverse/resolve/main/glbs/000-000/f18d3d987c1c44de822767564aa42068.glb,https://huggingface.co/datasets/allenai/objaverse/resolve/main/glbs/000-000/f18d3d987c1c44de822767564aa42068.glb,by,CC-BY-4.0,Creative Commons Attribution 4.0 International,https://creativecommons.org/licenses/by/4.0/,https://api.sketchfab.com/v3/models/f18d3d987c1c44de822767564aa42068,true,"""佐賀市船塚古墳"" by Curtural assets Measurement Assist Q-shu, via Sketchfab/Objaverse, licensed under Creative Commons Attribution 4.0 International.",2021-03-18T09:06:09.636037,reference_reject,source_anchor_not_human,metashape;agisoft,objaverse:CMAQ,c596a4f5420edd0c40f9179168a64fb93ca35b6a005b4a213672b7092d0d4ae0,metashape|agisoft,cultural-heritage-history,0.001404206689331,bad,0.7937203049659729,good,Metadata manifest only. Obtain and use the asset under its listed source license and attribution requirements.
objaverse_f23b634595b84901872de71fb20ac997,Objaverse,Sketchfab,f23b634595b84901872de71fb20ac997,Upload nature Scan,Trekeyus,Trekeyus,https://sketchfab.com/Trekeyus,https://sketchfab.com/3d-models/f23b634595b84901872de71fb20ac997,https://objaverse.allenai.org/,https://huggingface.co/datasets/allenai/objaverse/resolve/main/glbs/000-001/f23b634595b84901872de71fb20ac997.glb,https://huggingface.co/datasets/allenai/objaverse/resolve/main/glbs/000-001/f23b634595b84901872de71fb20ac997.glb,by,CC-BY-4.0,Creative Commons Attribution 4.0 International,https://creativecommons.org/licenses/by/4.0/,https://api.sketchfab.com/v3/models/f23b634595b84901872de71fb20ac997,true,"""Upload nature Scan"" by Trekeyus, via Sketchfab/Objaverse, licensed under Creative Commons Attribution 4.0 International.",2020-08-17T15:41:47.233333,reference_reject,source_anchor_not_human,photogrammetry,objaverse:Trekeyus,a7a915bebe9654eb43a129ef8b8802aad9ce534aa3a007aba7887d3126d7eb0d,rocks|photogrammetry,nature-plants,0.0013168308544271,bad,0.943489909172058,good,Metadata manifest only. Obtain and use the asset under its listed source license and attribution requirements.
objaverse_f265e07cc1394f78a5fe59148f84a15c,Objaverse,Sketchfab,f265e07cc1394f78a5fe59148f84a15c,Training mannequin,UCAM University,ucam,https://sketchfab.com/ucam,https://sketchfab.com/3d-models/f265e07cc1394f78a5fe59148f84a15c,https://objaverse.allenai.org/,https://huggingface.co/datasets/allenai/objaverse/resolve/main/glbs/000-000/f265e07cc1394f78a5fe59148f84a15c.glb,https://huggingface.co/datasets/allenai/objaverse/resolve/main/glbs/000-000/f265e07cc1394f78a5fe59148f84a15c.glb,by,CC-BY-4.0,Creative Commons Attribution 4.0 International,https://creativecommons.org/licenses/by/4.0/,https://api.sketchfab.com/v3/models/f265e07cc1394f78a5fe59148f84a15c,true,"""Training mannequin"" by UCAM University, via Sketchfab/Objaverse, licensed under Creative Commons Attribution 4.0 International.",2021-04-16T16:02:01.598645,reference_reject,source_anchor_not_human,photogrammetry,objaverse:ucam,3ba275d24021c4a9e4a23651864d46c56e31e1d336db5aad4862b618991431fd,mannequin|trainning|photogrammetry,,0.0013306075605613,bad,0.8698770403862,good,Metadata manifest only. Obtain and use the asset under its listed source license and attribution requirements.
objaverse_f2ea83728f764dfa9ee6db714f80de6a,Objaverse,Sketchfab,f2ea83728f764dfa9ee6db714f80de6a,Untitled Scan,epi.konoue,epi.konoue,https://sketchfab.com/epi.konoue,https://sketchfab.com/3d-models/f2ea83728f764dfa9ee6db714f80de6a,https://objaverse.allenai.org/,https://huggingface.co/datasets/allenai/objaverse/resolve/main/glbs/000-001/f2ea83728f764dfa9ee6db714f80de6a.glb,https://huggingface.co/datasets/allenai/objaverse/resolve/main/glbs/000-001/f2ea83728f764dfa9ee6db714f80de6a.glb,by,CC-BY-4.0,Creative Commons Attribution 4.0 International,https://creativecommons.org/licenses/by/4.0/,https://api.sketchfab.com/v3/models/f2ea83728f764dfa9ee6db714f80de6a,true,"""Untitled Scan"" by epi.konoue, via Sketchfab/Objaverse, licensed under Creative Commons Attribution 4.0 International.",2021-05-25T04:52:42.103249,reference_reject,source_anchor_not_human,3dscan;3dscanner,objaverse:epi.konoue,1df6c7e9aa970044fdb33683af1a5603d48ba4127ea5b4ed758fe8c54f10046b,3dscannerapp,,0.0013133724074242,bad,0.8330045342445374,good,Metadata manifest only. Obtain and use the asset under its listed source license and attribution requirements.
objaverse_f5d18e9222814a8697a7902238139be5,Objaverse,Sketchfab,f5d18e9222814a8697a7902238139be5,Riproduzione di vaso biansato tardoromano,maily.serra,maily.serra,https://sketchfab.com/maily.serra,https://sketchfab.com/3d-models/f5d18e9222814a8697a7902238139be5,https://objaverse.allenai.org/,https://huggingface.co/datasets/allenai/objaverse/resolve/main/glbs/000-000/f5d18e9222814a8697a7902238139be5.glb,https://huggingface.co/datasets/allenai/objaverse/resolve/main/glbs/000-000/f5d18e9222814a8697a7902238139be5.glb,by-nc,CC-BY-NC-4.0,Creative Commons Attribution-NonCommercial 4.0 International,https://creativecommons.org/licenses/by-nc/4.0/,https://api.sketchfab.com/v3/models/f5d18e9222814a8697a7902238139be5,true,"""Riproduzione di vaso biansato tardoromano"" by maily.serra, via Sketchfab/Objaverse, licensed under Creative Commons Attribution-NonCommercial 4.0 International.",2021-02-23T08:57:09.801694,reference_reject,source_anchor_not_human,photogrammetry,objaverse:maily.serra,786f3ce0f57297bf44a69270ec9ce534afc225f961cc91e8a5198a6b8f0f685a,artificial|romanpottery|pottery-archaeology-photogrammetry|architecture|riproduzioni,art-abstract|cultural-heritage-history,0.0013580116758464,bad,0.9360148310661316,good,Metadata manifest only. Obtain and use the asset under its listed source license and attribution requirements.
objaverse_f68c2bb2cd5a49d5b5a8699aba0cd0a9,Objaverse,Sketchfab,f68c2bb2cd5a49d5b5a8699aba0cd0a9,#14 - Hw 1 and Skyline crossing,Azad Balabanian,azadbal,https://sketchfab.com/azadbal,https://sketchfab.com/3d-models/f68c2bb2cd5a49d5b5a8699aba0cd0a9,https://objaverse.allenai.org/,https://huggingface.co/datasets/allenai/objaverse/resolve/main/glbs/000-001/f68c2bb2cd5a49d5b5a8699aba0cd0a9.glb,https://huggingface.co/datasets/allenai/objaverse/resolve/main/glbs/000-001/f68c2bb2cd5a49d5b5a8699aba0cd0a9.glb,by,CC-BY-4.0,Creative Commons Attribution 4.0 International,https://creativecommons.org/licenses/by/4.0/,https://api.sketchfab.com/v3/models/f68c2bb2cd5a49d5b5a8699aba0cd0a9,true,"""#14 - Hw 1 and Skyline crossing"" by Azad Balabanian, via Sketchfab/Objaverse, licensed under Creative Commons Attribution 4.0 International.",2017-12-20T20:21:39.122364,reference_reject,source_anchor_not_human,photogrammetry,objaverse:azadbal,c913b211cec2e045c1c7c4aafe2dfc54288e90721ea858885f26f12d31642a19,sf|dji|everydayascan|photogrammetry|history,architecture|art-abstract,0.001313494582146,bad,0.8092041611671448,good,Metadata manifest only. Obtain and use the asset under its listed source license and attribution requirements.
objaverse_f911825e896e4c5d8629a5f4c9f3bfff,Objaverse,Sketchfab,f911825e896e4c5d8629a5f4c9f3bfff,Part of a beach,Banobano,Banobano,https://sketchfab.com/Banobano,https://sketchfab.com/3d-models/f911825e896e4c5d8629a5f4c9f3bfff,https://objaverse.allenai.org/,https://huggingface.co/datasets/allenai/objaverse/resolve/main/glbs/000-000/f911825e896e4c5d8629a5f4c9f3bfff.glb,https://huggingface.co/datasets/allenai/objaverse/resolve/main/glbs/000-000/f911825e896e4c5d8629a5f4c9f3bfff.glb,by-nc-sa,CC-BY-NC-SA-4.0,Creative Commons Attribution-NonCommercial-ShareAlike 4.0 International,https://creativecommons.org/licenses/by-nc-sa/4.0/,https://api.sketchfab.com/v3/models/f911825e896e4c5d8629a5f4c9f3bfff,true,"""Part of a beach"" by Banobano, via Sketchfab/Objaverse, licensed under Creative Commons Attribution-NonCommercial-ShareAlike 4.0 International.",2021-07-15T01:52:20.304814,reference_reject,source_anchor_not_human,3dscan;lidar,objaverse:Banobano,2ee6695d25871a1ffb1fd8fc9994c0555a72c5b4f7540c637263427aaf906a53,iphone|bench|lidar|beach|3dscan|wood|scaniverse|1scanaday,places-travel,0.0024012663259522,bad,0.9998580813407898,good,Metadata manifest only. Obtain and use the asset under its listed source license and attribution requirements.
objaverse_f933183c7d8b47e7b68d2d0248950138,Objaverse,Sketchfab,f933183c7d8b47e7b68d2d0248950138,toell-blaue-maschine1,katrin.hornek1,katrin.hornek1,https://sketchfab.com/katrin.hornek1,https://sketchfab.com/3d-models/f933183c7d8b47e7b68d2d0248950138,https://objaverse.allenai.org/,https://huggingface.co/datasets/allenai/objaverse/resolve/main/glbs/000-000/f933183c7d8b47e7b68d2d0248950138.glb,https://huggingface.co/datasets/allenai/objaverse/resolve/main/glbs/000-000/f933183c7d8b47e7b68d2d0248950138.glb,by,CC-BY-4.0,Creative Commons Attribution 4.0 International,https://creativecommons.org/licenses/by/4.0/,https://api.sketchfab.com/v3/models/f933183c7d8b47e7b68d2d0248950138,true,"""toell-blaue-maschine1"" by katrin.hornek1, via Sketchfab/Objaverse, licensed under Creative Commons Attribution 4.0 International.",2021-06-21T15:31:50.626914,reference_reject,source_anchor_not_human,3dscan;3dscanner,objaverse:katrin.hornek1,d1de8454454c9ade877ff85760f52a60d1e8861e9bf801d8257d30b8b4cb68dc,3dscannerapp,,0.0014910368209714,bad,0.9232592582702636,good,Metadata manifest only. Obtain and use the asset under its listed source license and attribution requirements.
objaverse_fa0e41e9aaec494181fcb5b1b9ec6a58,Objaverse,Sketchfab,fa0e41e9aaec494181fcb5b1b9ec6a58,Jarro - Fajalauza-HD (36),Grupo PRINMA UGR,PRINMA,https://sketchfab.com/PRINMA,https://sketchfab.com/3d-models/fa0e41e9aaec494181fcb5b1b9ec6a58,https://objaverse.allenai.org/,https://huggingface.co/datasets/allenai/objaverse/resolve/main/glbs/000-000/fa0e41e9aaec494181fcb5b1b9ec6a58.glb,https://huggingface.co/datasets/allenai/objaverse/resolve/main/glbs/000-000/fa0e41e9aaec494181fcb5b1b9ec6a58.glb,by,CC-BY-4.0,Creative Commons Attribution 4.0 International,https://creativecommons.org/licenses/by/4.0/,https://api.sketchfab.com/v3/models/fa0e41e9aaec494181fcb5b1b9ec6a58,true,"""Jarro - Fajalauza-HD (36)"" by Grupo PRINMA UGR, via Sketchfab/Objaverse, licensed under Creative Commons Attribution 4.0 International.",2021-10-05T15:02:37.526463,reference_reject,source_anchor_not_human,photogrammetry,objaverse:PRINMA,ec91efac0646cfbce456019e30dadbebfc3d841b86cea5c92fa218eca5ac1eff,pottery|ceramic|ceramics|arqueologia|archaeology-historical|pottery-medieval|pottery-archaeology-photogrammetry|jarro|ugr|ugrarqueologia|fajalauza|photogrammetry|archaeology-3dmodel-photogrammetry,cultural-heritage-history,0.0051369940615262,bad,0.7533894181251526,good,Metadata manifest only. Obtain and use the asset under its listed source license and attribution requirements.
objaverse_fa8506d4533f4f6993c310811be688fd,Objaverse,Sketchfab,fa8506d4533f4f6993c310811be688fd,Shoes worn in 1956 Olympics,Digital Heritage Australia,digitalheritageaustralia,https://sketchfab.com/digitalheritageaustralia,https://sketchfab.com/3d-models/fa8506d4533f4f6993c310811be688fd,https://objaverse.allenai.org/,https://huggingface.co/datasets/allenai/objaverse/resolve/main/glbs/000-001/fa8506d4533f4f6993c310811be688fd.glb,https://huggingface.co/datasets/allenai/objaverse/resolve/main/glbs/000-001/fa8506d4533f4f6993c310811be688fd.glb,by,CC-BY-4.0,Creative Commons Attribution 4.0 International,https://creativecommons.org/licenses/by/4.0/,https://api.sketchfab.com/v3/models/fa8506d4533f4f6993c310811be688fd,true,"""Shoes worn in 1956 Olympics"" by Digital Heritage Australia, via Sketchfab/Objaverse, licensed under Creative Commons Attribution 4.0 International.",2017-04-04T00:21:56.344582,reference_reject,source_anchor_not_human,agisoft,objaverse:digitalheritageaustralia,24267cf7482b2cbd2c335db666708f41b193d57692bcd0c955bcc9c30eab46cd,olympics|ballarat-town-hall|agisoft|photoscan,cultural-heritage-history,0.0985394906927201,bad,0.7557774186134338,good,Metadata manifest only. Obtain and use the asset under its listed source license and attribution requirements.
objaverse_fc1d28a4e5c44dcf800ac1eaa271e83b,Objaverse,Sketchfab,fc1d28a4e5c44dcf800ac1eaa271e83b,Kagamimochi Remodeled From Photogrammetry (WIP),Fumiya Funatsu,funatsu.fumiya,https://sketchfab.com/funatsu.fumiya,https://sketchfab.com/3d-models/fc1d28a4e5c44dcf800ac1eaa271e83b,https://objaverse.allenai.org/,https://huggingface.co/datasets/allenai/objaverse/resolve/main/glbs/000-000/fc1d28a4e5c44dcf800ac1eaa271e83b.glb,https://huggingface.co/datasets/allenai/objaverse/resolve/main/glbs/000-000/fc1d28a4e5c44dcf800ac1eaa271e83b.glb,by,CC-BY-4.0,Creative Commons Attribution 4.0 International,https://creativecommons.org/licenses/by/4.0/,https://api.sketchfab.com/v3/models/fc1d28a4e5c44dcf800ac1eaa271e83b,true,"""Kagamimochi Remodeled From Photogrammetry (WIP)"" by Fumiya Funatsu, via Sketchfab/Objaverse, licensed under Creative Commons Attribution 4.0 International.",2019-12-31T15:14:25.507920,reference_reject,source_anchor_not_human,photogrammetry;3dscan,objaverse:funatsu.fumiya,49fe6c9c90d7a762a1f69dc00b2417c3ebc0116ec0e3d0213d2f14cebd2a5e0b,trnio|3dscan,cultural-heritage-history,0.0033930013079239,bad,0.1165031641721725,bad,Metadata manifest only. Obtain and use the asset under its listed source license and attribution requirements.
objaverse_fc96c77a1d99489bb7fa8ef766483c0d,Objaverse,Sketchfab,fc96c77a1d99489bb7fa8ef766483c0d,St Giles In the Fields Last Judgement Carving,artfletch,artfletch,https://sketchfab.com/artfletch,https://sketchfab.com/3d-models/fc96c77a1d99489bb7fa8ef766483c0d,https://objaverse.allenai.org/,https://huggingface.co/datasets/allenai/objaverse/resolve/main/glbs/000-001/fc96c77a1d99489bb7fa8ef766483c0d.glb,https://huggingface.co/datasets/allenai/objaverse/resolve/main/glbs/000-001/fc96c77a1d99489bb7fa8ef766483c0d.glb,by,CC-BY-4.0,Creative Commons Attribution 4.0 International,https://creativecommons.org/licenses/by/4.0/,https://api.sketchfab.com/v3/models/fc96c77a1d99489bb7fa8ef766483c0d,true,"""St Giles In the Fields Last Judgement Carving"" by artfletch, via Sketchfab/Objaverse, licensed under Creative Commons Attribution 4.0 International.",2019-03-07T21:23:30.038584,reference_reject,source_anchor_not_human,metashape;agisoft,objaverse:artfletch,30f20f14950651f6dc751383c516abb0104d0ea31b97c74a4d789ec314d1808f,religion-religious,cultural-heritage-history,0.0877331227671424,bad,0.991152048110962,good,Metadata manifest only. Obtain and use the asset under its listed source license and attribution requirements.
objaverse_fcf07936bd664903bf4a99508208b442,Objaverse,Sketchfab,fcf07936bd664903bf4a99508208b442,Napa cabbage,Mantas Talmantas,mantasT,https://sketchfab.com/mantasT,https://sketchfab.com/3d-models/fcf07936bd664903bf4a99508208b442,https://objaverse.allenai.org/,https://huggingface.co/datasets/allenai/objaverse/resolve/main/glbs/000-001/fcf07936bd664903bf4a99508208b442.glb,https://huggingface.co/datasets/allenai/objaverse/resolve/main/glbs/000-001/fcf07936bd664903bf4a99508208b442.glb,by,CC-BY-4.0,Creative Commons Attribution 4.0 International,https://creativecommons.org/licenses/by/4.0/,https://api.sketchfab.com/v3/models/fcf07936bd664903bf4a99508208b442,true,"""Napa cabbage"" by Mantas Talmantas, via Sketchfab/Objaverse, licensed under Creative Commons Attribution 4.0 International.",2017-01-20T14:57:49.109964,reference_reject,source_anchor_not_human,3dscan,objaverse:mantasT,331f23a637f1603b3926d530411074d55302a23e82bf2fe8733fefe4af2032d4,vegetable|cabbage|napa|3dscanfruitveg|kopustas|vegy,food-drink|nature-plants,0.0013639008249905,bad,0.9947935938835144,good,Metadata manifest only. Obtain and use the asset under its listed source license and attribution requirements.
objaverse_fe4cb559cf1d437a9da46c78cfdad358,Objaverse,Sketchfab,fe4cb559cf1d437a9da46c78cfdad358,Akatsuki,Toxicsquall,toxicsquall,https://sketchfab.com/toxicsquall,https://sketchfab.com/3d-models/fe4cb559cf1d437a9da46c78cfdad358,https://objaverse.allenai.org/,https://huggingface.co/datasets/allenai/objaverse/resolve/main/glbs/000-000/fe4cb559cf1d437a9da46c78cfdad358.glb,https://huggingface.co/datasets/allenai/objaverse/resolve/main/glbs/000-000/fe4cb559cf1d437a9da46c78cfdad358.glb,by,CC-BY-4.0,Creative Commons Attribution 4.0 International,https://creativecommons.org/licenses/by/4.0/,https://api.sketchfab.com/v3/models/fe4cb559cf1d437a9da46c78cfdad358,true,"""Akatsuki"" by Toxicsquall, via Sketchfab/Objaverse, licensed under Creative Commons Attribution 4.0 International.",2019-06-18T00:35:48.528868,reference_reject,source_anchor_not_human,realitycapture,objaverse:toxicsquall,dc5353a8aeb0c2c1e74ef6749799b3caabc6126b06dbd6b7652a48c76da6e5a5,naruto|akatsuki|realitycapture,,0.0013299387761122,bad,0.0978853181004524,bad,Metadata manifest only. Obtain and use the asset under its listed source license and attribution requirements.
